0,1,1,15,1,3,6,1,125,1,0,0,5.95,1,0,15,100,0,1,0,0,0,0,0,1,0.866667,0,1,6,0.333333,0,2,2,2,6,0.987879,0.5,0,1,2,1,0
0,2,1,0,1,3,0,1,124,1,0,0,0.83,1,0,59,96,1,0,0,2,22,4.423729,0,2,1.542373,0,1,0,0,0,0,0,0,0,1,0,0,1,0,0,0
0,2,1,0,1,0,0,1,21,1,1,0,3,1,0,2,0,1,0,0,1,1,0.5,0,1,1,1,1,7,1.4,0,0,0,0,0,1,0,0,1,0,0,0
7,18,13,0,1,3,0,4,23,3,1,4,0.08,13,4,10,87,1,0,9,2,9,3.5,2,17,7.333333,1,1,4,1.875,0,0,0,0,0,1,0,0,1,0,0,0
0,5,2,0,1,0,0,1,26,1,2,0,0.84,2,1,5,0,2,0,0,1,3,2,1,5,2.8,2,1,4,0.875,0,0,0,0,0,1,0,0,1,0,0,0
0,3,1,0,1,0,1,1,26,1,1,0,2.6,1,0,2,0,2,0,0,1,3,2,1,2,2,2,1,0,0,0,0,0,0,0,1,0,0,1,0,0,0
0,3,1,0,1,0,0,1,20,1,1,0,2,1,0,2,0,2,0,0,1,2,2,2,4,3,2,1,0,0,0,0,0,0,0,1,0,0,1,0,0,0
1,11,14,0,1,2,0,3,26,1,3,1,0.19,14,0,12,80,1,6,2,1,9,4.666667,1,7,3.583333,0,1,4,1.214286,0,0,0,0,0,1,0,0,1,0,0,0
0,12,13,0,1,0,0,3,48,1,1,3,0.41,13,2,9,59,2,0,0,1,5,2.555556,0,15,4.888889,0,1,4,1.545455,0,0,0,0,0,1,0,0,1,0,0,0
0,13,13,0,1,0,1,4,30,1,1,1,0.5,13,2,4,50,2,0,0,1,5,2.25,0,12,4.5,0,1,4,2,0,0,0,0,0,1,0,0,1,0,0,0
0,3,1,0,1,0,1,1,23,1,1,0,2.3,1,0,2,0,2,0,0,1,2,2,2,4,3,2,1,0,0,0,0,0,0,0,1,0,0,1,0,0,0
0,31,4,0,1,0,3,4,23,1,0,0,0.61,4,12,0,0,1,0,5,1,1,1,1,10,10,10,8,1,1,1,0,0,0,0,1,0,0,1,0,0,0
0,33,5,0,1,0,4,5,46,1,0,0,1.1,5,5,0,0,1,0,3,1,4,4,4,8,8,8,9,1,1,1,0,0,0,0,0.943925,0,0,1,0,2,0
0,4,1,0,1,0,0,1,41,2,1,2,1.46,1,0,2,75,3,0,3,2,3,1.333333,0,5,3,2,1,2,0.285714,0,0,0,0,0,0.738095,0,0,2,0,0,0
0,5,4,0,1,1,1,2,29,1,0,2,0.48,4,0,8,75,2,0,0,1,7,2.5,0,9,2.25,1,1,2,0.7,0,1,1,1,6,0.943396,1,0,2,1,0,0
10,8,4,0,1,5,3,2,90,1,0,0,0.63,4,0,12,93,1,0,15,2,5,3.266667,0,11,5.133333,1,1,2,1.222222,0,6,6,1,17,1,1,0,1,1,0,0
0,0,0,0,0,0,0,0,6,1,0,0,0.55,0,0,0,0,0,0,0,0,0,0,0,0,0,0,0,0,0,0,4,4,1,6,1,1,0,1,1,0,0
2,6,5,0,1,1,0,1,15,1,1,8,0.09,5,0,22,90,2,0,0,1,7,2.090909,0,18,3.363636,1,1,2,0.52,0,1,1,1,0,1,1,0,1,1,0,0
0,0,0,0,0,0,0,0,30,1,0,0,2.73,0,0,0,0,0,0,0,0,0,0,0,0,0,0,0,3,1,0,2,2,1,1,1,1,0,1,1,0,0
3,20,6,0,2,1,9,3,117,1,4,2,0.55,6,1,8,81,1,1,30,3,15,6.111111,2,14,8.666667,4,1,3,1.727273,0,5,5,1,52,0.665722,1,0,2,1,1,0
0,0,0,0,0,0,0,0,30,1,0,0,2.73,0,0,0,0,0,0,0,0,0,0,0,0,0,0,0,0,0,0,2,2,1,1,1,1,0,1,1,0,0
3,19,5,0,2,1,8,3,122,1,5,2,0.56,5,0,9,83,2,0,30,1,13,5.2,2,22,8.5,2,1,3,1.5,0,6,6,1,66,0.653846,1,0,2,1,1,0
0,11,6,1,1,16,1,3,50,2,7,1,0.19,6,0,16,82,1,1,9,2,12,6.4,1,12,5.5,1,1,2,1.125,0,1,1,1,2,0.856707,1,0,1,1,4,0
0,3,2,0,1,0,0,1,32,1,0,1,0.82,2,0,10,9,2,1,0,2,4,2.3,1,2,1.7,1,1,3,0.230769,0,0,0,0,0,0.863636,0,0,2,0,0,0
5,8,8,0,2,0,1,2,76,2,0,4,0.37,8,0,23,86,3,0,1,2,6,3.565217,0,9,3.304348,1,1,3,0.961538,0,1,1,1,1,0.583082,1,0,2,1,2,0
0,3,1,0,1,0,4,1,33,1,0,1,2.06,1,0,3,33,2,0,0,1,3,1.666667,0,4,2.666667,2,1,2,0.333333,0,3,3,1,0,1,1,0,1,1,0,0
0,4,4,0,1,0,0,2,25,1,0,1,0.86,4,0,5,0,2,0,0,1,4,2,1,2,1.6,1,1,2,0.857143,0,1,1,1,0,1,1,0,1,1,0,0
0,1,1,2,1,0,5,1,36,1,0,0,7.2,1,0,2,0,2,1,0,1,1,0.5,0,1,0.5,0,1,0,0,0,0,0,0,0,0.909091,0,0,2,0,0,0
0,6,3,0,1,0,0,2,23,1,0,1,0.56,3,0,6,16,1,0,0,2,3,1.166667,0,9,3.666667,1,1,2,0.875,0,0,0,0,0,0.756757,0,0,2,0,1,0
0,5,3,0,1,0,2,2,45,1,0,1,0.9,3,0,8,50,2,2,1,1,24,9.5,2,4,2.375,1,1,1,0.7,0,1,1,1,2,0.697248,1,0,4,1,1,0
0,1,1,1,1,0,0,1,15,1,0,0,3.75,1,0,1,0,0,3,1,0,2,2,2,0,0,0,1,0,0,0,0,0,0,0,0.636364,0,0,2,0,0,0
6,5,12,0,1,8,1,2,207,2,1,7,0.69,9,0,50,91,3,33,12,3,76,6.529412,0,14,2.509804,1,1,3,0.5,0,3,3,3,6,0.297203,0.333333,0,5,3,6,0
0,3,1,0,1,0,0,1,21,1,0,1,1.91,1,0,2,0,2,0,1,1,2,1.5,1,2,1.5,1,1,0,0,0,0,0,0,0,0.611111,0,0,2,0,1,0
0,1,1,3,1,0,4,1,35,1,0,0,5.83,1,0,3,0,0,2,1,0,0,0,0,1,1,1,1,0,0,0,0,0,0,0,0.955556,0,0,1,0,1,0
0,3,3,0,1,0,0,1,73,1,0,1,0.4,3,0,49,6,1,5,9,4,7,2.857143,0,4,1.897959,0,1,2,0.27451,0,1,1,1,6,0.543624,1,0,3,1,3,0
0,3,1,0,1,0,0,1,28,1,0,0,3.11,1,0,2,0,2,0,0,1,6,4,2,1,1,1,1,0,0,0,0,0,0,0,0.512195,0,0,3,0,0,0
0,3,2,0,1,0,4,1,106,1,0,1,1.66,2,0,19,73,2,0,2,2,7,0.631579,0,2,1.105263,0,1,0,0,0,0,0,0,0,0.5,0,0,3,0,0,0
21,9,8,1,2,14,2,2,291,8,7,17,0.41,8,0,77,96,2,4,24,2,10,3.721519,0,15,4.278481,0,1,4,0.988636,0,9,9,3,79,0.883377,0.777778,0,2,3,2,2
2,8,4,0,1,1,1,2,51,1,1,0,0.74,4,0,5,71,2,0,7,1,4,2.571429,2,8,4.714286,3,1,2,1.222222,0,6,6,1,48,0.661654,1,0,2,1,1,1
2,6,16,0,1,1,4,2,330,8,17,12,0.74,16,0,67,91,3,4,14,2,13,3.38806,0,19,3.343284,1,1,5,0.565789,0,4,4,2,11,0.457077,0.5,0,4,2,7,0
0,8,6,1,1,0,1,2,46,2,0,6,0.43,6,0,11,70,1,0,1,2,10,3.363636,0,13,3.545455,1,1,3,0.857143,0,5,5,2,68,0.444444,0.6,0,4,2,4,0
0,0,0,0,0,0,0,0,21,1,0,0,7,0,0,0,0,1,2,0,1,0,0,0,0,0,0,0,0,0,0,0,0,0,0,0.96,0,0,1,0,1,0
0,1,1,5,1,0,5,1,52,1,0,0,6.5,1,0,5,0,0,9,1,0,67,26,3,1,0.6,0,1,0,0,0,1,1,1,11,0.447761,1,0,3,1,0,0
0,3,2,0,1,0,0,1,22,1,0,1,0.85,2,0,6,50,1,25,3,2,22,11,0,3,2.5,1,1,1,0.375,0,2,2,1,6,0.631579,1,0,3,1,0,0
0,1,1,1,1,0,7,1,27,1,0,0,4.5,1,0,1,0,0,1,0,0,2,2,2,1,1,1,1,0,0,0,0,0,0,0,0.944444,0,0,2,0,0,0
0,4,4,0,1,0,0,1,21,1,1,2,0.41,4,0,11,72,2,11,2,1,70,9.363636,1,5,1.818182,1,1,1,0.230769,0,0,0,0,0,0.674419,0,0,4,0,0,0
9,7,7,0,1,1,3,2,201,6,1,5,0.55,7,0,50,89,2,0,10,2,13,3.901961,1,12,3.490196,1,1,3,0.568966,0,6,6,2,36,0.4531,0.666667,0,3,2,9,0
1,2,1,0,1,4,0,1,29,1,0,0,1.12,1,0,1,80,1,0,3,1,18,4.4,0,1,1,1,1,0,0,0,0,0,0,0,0.369231,0,0,5,0,0,0
0,6,6,0,1,1,0,2,42,3,0,1,0.28,6,0,22,82,2,9,6,6,19,3.045455,0,8,2.909091,1,1,4,0.653846,0,3,3,2,42,0.54185,0.666667,0,5,2,3,0
1,4,4,0,1,0,0,2,22,1,0,0,1.16,4,0,2,0,4,0,0,1,6,3.666667,2,5,4,3,1,1,0.6,0,0,0,0,0,0.702128,0,0,2,0,0,0
0,5,1,0,1,0,0,1,22,1,0,3,0.79,1,0,4,50,3,0,2,1,3,1.5,1,6,2.25,1,1,0,0,0,0,0,0,0,0.724138,0,0,3,0,0,0
0,1,1,3,1,0,7,1,42,1,0,0,7,1,0,3,0,0,3,0,0,3,2.333333,1,1,1,1,1,0,0,0,0,0,0,0,0.693878,0,0,2,0,0,0
0,6,5,0,1,0,4,2,148,2,1,6,0.91,5,0,23,48,2,0,4,2,9,3.391304,0,5,2.26087,1,1,3,0.730769,0,2,2,2,7,0.605187,0.5,0,2,2,3,5
0,3,1,0,1,0,3,1,32,1,0,0,2.67,1,0,3,0,2,0,1,1,1,1,1,3,2.333333,2,1,0,0,0,1,1,1,1,0.72,1,0,2,1,3,0
0,4,6,2,1,0,2,2,49,1,0,3,0.83,6,0,10,60,2,1,5,1,11,5.8,2,5,2.2,1,1,1,0.416667,0,1,1,1,6,0.483607,1,0,6,1,3,0
0,1,1,14,1,0,10,1,170,1,0,0,8.95,1,0,14,0,1,4,2,1,8,3.285714,1,1,0.785714,0,1,0,0,0,1,1,1,3,0.696262,1,0,3,1,4,0
59,13,44,1,2,17,1,3,335,25,9,29,0.15,41,1,177,96,4,3,77,3,22,4.536313,0,26,4.787709,0,1,6,1.04878,0,51,51,3,808,0.506124,0.470588,0,3,3,3,6
0,4,4,5,1,0,2,2,59,2,1,0,1.55,4,0,7,0,1,1,7,1,36,8.571429,1,7,1.857143,0,1,2,0.7,0,1,1,1,8,0.46729,1,0,5,1,1,0
0,3,1,0,1,0,3,1,31,1,0,1,2.07,1,0,3,0,2,0,0,1,2,1.333333,1,5,2.333333,1,1,0,0,0,0,0,0,0,0.777778,0,0,2,0,1,0
1,5,4,0,1,0,0,2,47,1,2,2,0.29,4,0,23,96,2,10,6,2,25,6.423077,0,10,3.153846,1,1,3,0.75,0,11,11,3,19,0.563025,0.636364,0,2,3,4,0
0,1,1,17,1,0,9,1,193,1,0,0,9.19,1,0,17,0,0,1,2,0,20,7.823529,0,1,0.882353,0,1,0,0,0,2,2,2,28,0.815451,0.5,0,3,2,1,0
0,2,1,0,1,0,2,1,35,1,0,2,1.67,1,0,6,66,1,14,0,1,11,6.833333,2,3,1.166667,0,1,0,0,0,0,0,0,0,0.712121,0,0,3,0,2,2
0,3,1,0,1,0,1,1,28,1,0,1,1.65,1,0,3,0,3,0,2,1,3,2,1,4,2.666667,1,1,0,0,0,0,0,0,0,0.607843,0,0,3,0,1,0
0,4,1,0,1,0,1,1,31,1,0,2,1.19,1,0,5,19,3,0,0,1,4,2.4,1,5,3.2,1,1,0,0,0,0,0,0,0,0.757576,0,0,2,0,1,0
0,4,2,0,1,0,1,1,34,1,0,4,0.83,2,0,7,57,3,1,1,1,12,5.285714,3,6,2.285714,1,1,0,0,0,0,0,0,0,0.372093,0,0,4,0,3,0
0,5,3,0,1,1,1,1,31,1,0,2,0.76,3,0,7,42,3,3,0,1,8,3.714286,2,4,3,1,1,2,0.666667,0,1,1,1,4,0.542169,1,0,4,1,0,0
0,1,1,1,1,0,0,1,0,1,0,0,0,1,0,1,0,0,0,0,0,0,0,0,1,1,1,1,0,0,0,2,2,2,1,0.933333,0.5,0,2,2,0,0
0,1,1,5,1,0,5,1,65,1,0,0,7.22,1,0,5,0,2,2,2,1,3,1.4,1,1,0.2,0,1,0,0,0,0,0,0,0,0.987952,0,0,1,0,1,0
0,3,1,0,1,0,0,1,23,1,0,0,1.53,1,0,4,0,3,0,0,1,2,0.75,0,2,1.75,1,1,0,0,0,0,0,0,0,0.711111,0,0,2,0,0,0
2,11,11,0,2,0,3,3,112,2,2,6,0.43,11,0,23,65,2,0,6,2,18,3.708333,1,11,3.416667,1,1,4,1.296296,0,4,4,2,16,0.449878,0.75,0,3,2,3,2
1,4,2,0,1,0,0,2,21,1,0,1,1,2,0,4,25,1,0,0,1,2,1.25,1,3,1.75,1,1,1,0.666667,0,0,0,0,0,0.729167,0,0,2,0,0,0
0,1,1,2,1,0,8,1,39,1,0,0,7.8,1,0,2,0,1,0,0,1,2,2,2,1,0.5,0,1,0,0,0,0,0,0,0,0.916667,0,0,1,0,2,0
0,3,1,0,1,0,0,1,17,1,0,2,0.81,1,0,5,19,1,0,1,1,4,3,2,3,2,1,1,0,0,0,0,0,0,0,0.659574,0,0,2,0,1,0
1,6,4,1,1,0,3,1,91,5,0,2,0.81,4,0,18,63,2,3,7,2,8,3.210526,1,5,2.315789,1,1,2,0.48,0,4,4,2,79,0.495575,0.75,0,3,2,3,0
0,1,1,7,1,0,6,1,64,1,0,0,5.82,1,0,7,0,2,3,1,1,11,6.428571,1,1,0.857143,0,1,0,0,0,0,0,0,0,0.53012,0,0,3,0,0,0
0,3,1,0,1,0,0,1,21,1,0,0,3.5,1,0,1,0,4,0,0,1,5,5,5,3,3,3,1,0,0,0,0,0,0,0,0.566667,0,0,2,0,0,0
0,5,3,0,1,0,0,2,21,1,0,1,0.46,3,0,7,57,2,1,1,1,4,1.571429,0,4,2.285714,1,1,2,0.888889,0,0,0,0,0,0.831169,0,0,2,0,0,0
0,6,5,0,1,0,3,2,66,1,2,1,0.65,5,0,14,35,2,3,10,1,18,4.285714,0,6,2.714286,1,1,4,1.0625,0,2,2,2,2,0.424084,0.5,0,3,2,7,0
0,5,5,0,1,0,0,2,44,1,3,3,0.3,5,0,24,77,2,1,5,2,7,2.208333,0,9,2.958333,1,1,3,0.692308,0,0,0,0,0,0.927928,0,0,2,0,2,0
0,3,1,0,1,0,0,1,15,1,0,0,2.5,1,0,1,0,3,0,0,1,1,1,1,2,2,2,1,0,0,0,0,0,0,0,0.590909,0,0,2,0,0,0
0,6,5,0,1,0,0,2,26,1,0,2,0.31,5,0,11,63,2,0,1,1,5,2.090909,1,9,3.363636,0,1,3,1.153846,0,0,0,0,0,0.874016,0,0,2,0,1,0
0,3,1,0,1,0,0,1,15,1,0,0,2.5,1,0,1,0,3,0,0,1,2,2,2,2,2,2,1,0,0,0,0,0,0,0,0.590909,0,0,2,0,0,0
0,3,1,0,1,0,0,1,21,1,0,0,2.1,1,0,2,0,2,0,0,1,4,2,0,2,1.5,1,1,0,0,0,0,0,0,0,0.628571,0,0,2,0,0,0
1,6,3,0,1,0,0,2,15,1,2,2,0.25,3,0,8,56,1,0,0,2,8,3.125,0,6,2.625,1,1,2,0.8,0,0,0,0,0,0.811765,0,0,2,0,0,0
0,6,5,0,1,0,0,2,22,1,0,2,0.42,5,0,7,50,2,0,1,1,5,3.714286,1,3,2,1,1,3,1.333333,0,0,0,0,0,0.827586,0,0,2,0,1,0
0,1,1,1,1,0,3,1,26,1,0,0,4.33,1,0,1,0,0,10,0,0,5,5,5,1,1,1,1,0,0,0,0,0,0,0,0.621622,0,0,2,0,1,0
0,6,3,0,1,0,1,2,29,1,0,0,0.58,3,0,6,0,3,0,4,1,6,3.714286,1,4,2.428571,2,1,1,0.7,0,0,0,0,0,0.525773,0,0,3,0,0,0
0,4,3,0,1,0,0,1,23,1,0,4,0.52,3,0,8,65,1,0,1,3,6,2.5,1,5,2.125,1,1,2,0.818182,0,0,0,0,0,0.772152,0,0,3,0,0,0
0,4,2,0,1,0,1,1,32,1,0,1,0.91,2,0,7,14,2,0,2,1,4,2.285714,1,4,2.428571,1,1,1,0.444444,0,0,0,0,0,0.74359,0,0,3,0,0,0
0,4,4,0,1,0,0,1,39,2,2,3,0.28,4,0,25,69,2,0,8,1,5,2.52,0,8,2.88,1,1,1,0.285714,0,3,3,2,0,0.795238,0.666667,0,3,2,0,0
0,3,1,0,1,0,0,1,22,1,0,1,1.22,1,0,4,25,1,0,0,1,3,1.75,0,2,1.75,1,1,0,0,0,0,0,0,0,0.717391,0,0,2,0,0,0
0,1,1,1,1,0,0,1,22,1,0,0,5.5,1,0,1,0,0,2,1,0,2,2,2,1,1,1,1,0,0,0,0,0,0,0,0.481481,0,0,2,0,1,0
0,4,2,0,1,0,0,1,22,1,0,4,0.49,2,0,9,66,1,0,1,3,7,2.444444,1,5,2,1,1,1,0.363636,0,0,0,0,0,0.725,0,0,3,0,0,0
0,4,2,0,1,0,0,1,30,1,0,4,0.61,2,0,10,72,1,0,0,2,3,1.4,1,4,1.7,1,1,1,0.416667,0,0,0,0,0,0.817204,0,0,2,0,2,0
0,1,1,4,1,0,0,1,21,1,0,0,3,1,0,4,0,0,3,0,0,6,3.25,1,1,0.75,0,1,0,0,0,0,0,0,0,0.448276,0,0,3,0,0,0
0,3,1,0,1,0,0,1,23,1,0,0,2.3,1,0,2,0,2,0,0,1,3,3,3,1,1,1,1,5,1,0,0,0,0,0,0.552632,0,0,2,0,0,0
0,23,10,0,1,4,16,5,187,1,2,8,1.27,10,2,5,58,2,2,1,2,8,5,0,16,9.2,4,1,3,2,0,2,2,1,12,0.915531,1,0,1,1,4,0
0,17,6,0,2,0,8,3,97,2,1,1,1.26,6,2,4,33,3,0,7,2,10,4,1,15,6,2,1,3,1.571429,0,5,5,4,10,0.486911,0.4,0,4,4,3,0
0,19,8,0,2,0,10,5,85,1,0,5,0.89,8,1,4,50,3,0,1,1,7,4.75,2,17,7.5,2,1,3,2.166667,0,0,0,0,0,0.678392,0,0,2,0,1,0
0,3,1,0,1,0,0,1,18,1,0,0,0.33,1,0,0,0,1,0,0,1,3,2.5,2,2,1.5,1,1,0,0,0,0,0,0,0,0.836957,0,0,2,0,1,0
0,17,14,0,2,0,16,4,258,2,3,8,1.31,14,1,10,55,3,0,6,1,10,3.9,0,21,6.7,0,1,3,1.230769,0,4,4,1,12,0.877049,1,0,2,1,5,0
0,5,2,1,1,0,0,1,20,1,2,4,0.77,2,0,2,50,3,0,2,1,4,3.333333,3,4,4,4,1,7,1.666667,0,0,0,0,0,0.867925,0,0,2,0,0,0
6,9,7,0,1,0,0,3,39,1,2,9,0.18,7,0,20,85,2,0,11,1,5,2.8,0,14,4.6,2,1,4,1.181818,0,2,2,1,90,0.465704,1,0,2,1,3,0
0,1,1,1,1,0,0,1,21,1,0,0,5.25,1,0,1,0,0,1,0,0,1,1,1,1,1,1,1,0,0,0,0,0,0,0,0.888889,0,0,2,0,0,0
0,1,1,4,1,0,7,1,66,1,0,0,4.4,1,0,6,0,2,0,1,2,0,0,0,1,0.333333,0,1,0,0,0,1,1,1,4,0.444444,1,0,3,1,1,0
0,7,5,0,1,0,7,2,129,1,2,2,1.12,5,0,13,73,2,1,5,1,10,2.769231,1,11,4.153846,1,1,3,1.2,0,2,2,2,32,0.726236,0.5,0,2,2,1,0
2,5,4,0,2,0,5,2,59,1,0,2,1.26,4,0,6,58,1,0,7,2,5,3.333333,2,7,3.666667,2,1,2,0.875,0,0,0,0,0,0.608333,0,0,3,0,2,0
0,5,6,0,1,0,0,2,44,1,0,1,0.45,6,0,18,5,2,0,1,2,5,1.888889,1,7,2.333333,1,1,3,0.6,0,0,0,0,0,0.987805,0,0,1,0,1,0
0,0,0,0,0,0,0,0,20,1,0,0,6.67,0,0,0,0,1,1,0,2,0,0,0,0,0,0,0,0,0,0,0,0,0,0,1,0,0,1,0,0,0
0,1,1,2,1,0,4,1,28,1,0,0,7,1,0,2,0,0,2,0,0,2,2,2,1,1,1,1,0,0,0,0,0,0,0,0.621622,0,0,3,0,0,0
0,1,1,1,1,0,4,1,24,1,0,0,6,1,0,1,0,0,33,0,0,1,1,1,1,1,1,1,0,0,0,0,0,0,0,0.766667,0,0,2,0,0,0
0,0,0,0,0,0,0,0,20,1,0,0,6.67,0,0,0,0,1,1,0,1,0,0,0,0,0,0,0,0,0,0,0,0,0,0,1,0,0,1,0,0,0
2,5,12,0,1,30,3,2,552,37,10,9,0.65,12,0,99,98,1,1,12,2,30,3.014184,0,17,3.049645,1,1,7,0.435754,0,10,10,2,675,0.378667,0.9,0,4,2,2,0
0,3,1,0,1,0,0,1,19,1,0,1,1.19,1,0,3,33,2,0,3,1,2,1.666667,1,2,2,2,1,0,0,0,2,2,1,0,1,1,0,1,1,0,0
0,5,4,0,1,0,0,1,19,1,1,2,0.32,3,0,8,68,2,0,9,1,5,2.25,1,6,2.75,1,1,1,0.4,0,0,0,0,0,0.71875,0,0,3,0,2,0
0,7,4,0,1,0,0,2,22,3,0,2,0.24,4,0,9,62,2,0,5,3,5,1.9,0,8,3.5,1,1,3,1,0,1,1,1,2,1,1,0,1,1,0,0
0,7,4,0,1,0,0,2,22,3,0,2,0.24,4,0,9,62,2,0,5,3,5,1.9,0,8,3.5,1,1,3,0.857143,0,2,2,1,9,1,1,0,1,1,0,0
0,7,4,0,1,0,0,2,22,3,0,2,0.24,4,0,9,62,2,0,5,3,5,1.9,0,8,3.5,1,1,3,0.857143,0,1,1,1,2,1,1,0,1,1,0,0
0,6,4,0,1,0,0,2,22,3,0,2,0.23,4,0,11,70,2,0,5,3,5,1.583333,0,8,3.083333,1,1,3,0.75,0,1,1,1,2,1,1,0,1,1,0,0
0,1,1,1,1,0,0,1,24,1,0,0,4.8,1,0,1,0,0,0,0,0,0,0,0,1,1,1,1,2,0.5,0,1,1,1,0,0.419355,1,0,4,1,0,0
0,1,1,1,1,0,0,1,24,1,0,0,4.8,1,0,1,0,0,0,0,0,0,0,0,0,0,0,1,0,0,0,1,1,1,0,0.419355,1,0,4,1,0,0
0,4,2,0,1,0,0,1,21,1,0,1,1.11,2,0,3,0,2,0,1,1,2,1.333333,1,1,1,1,1,1,0.6,0,0,0,0,0,0.734694,0,0,2,0,0,0
0,1,1,1,1,0,0,1,24,1,0,0,6,1,0,1,0,0,0,0,0,0,0,0,0,0,0,1,0,0,0,1,1,1,0,0.448276,1,0,4,1,0,0
0,3,1,0,1,0,2,1,33,1,0,2,1.1,1,0,6,66,2,0,1,1,4,1.333333,0,3,1.666667,1,1,0,0,0,1,1,1,15,0.689189,1,0,3,1,0,0
0,6,9,0,2,1,2,2,62,1,2,9,0.48,9,0,16,87,1,0,1,1,13,3.125,1,6,1.6875,1,1,2,0.5,0,1,1,1,1,0.837963,1,0,3,1,1,0
0,6,2,0,1,0,2,2,30,1,0,3,0.88,2,0,4,50,1,0,2,1,4,2.25,1,7,4,1,1,1,0.666667,0,2,2,1,4,0.60274,1,0,4,1,0,0
4,13,13,1,3,1,3,3,61,3,0,2,0.38,13,1,8,71,2,0,8,2,6,3.090909,0,16,3.363636,1,1,4,1.25,0,3,3,2,12,0.465587,0.666667,0,3,2,1,0
0,15,3,0,1,4,0,3,16,1,0,0,0.73,3,1,0,0,1,0,0,1,6,6,6,6,6,6,3,1,1,1,2,2,2,0,1,0.5,0,1,2,0,0
5,11,12,0,2,1,3,2,69,3,1,3,0.37,12,0,17,100,2,0,5,2,5,2.058824,0,12,3.352941,1,1,4,1.142857,0,3,3,2,10,0.490975,0.666667,0,4,2,1,0
0,1,1,2,1,0,0,1,20,1,0,0,2.86,1,0,2,0,0,3,1,0,8,4.5,1,1,1,1,1,0,0,0,0,0,0,0,0.548387,0,0,2,0,1,0
0,2,1,0,1,0,0,1,20,1,0,0,0.91,1,0,4,0,1,3,2,1,6,2.75,1,3,2,1,1,0,0,0,0,0,0,0,0.5625,0,0,4,0,0,0
2,7,9,0,1,2,0,2,23,4,5,7,0.11,4,0,23,72,2,0,10,2,7,2.695652,0,11,3.608696,1,1,3,0.785714,0,5,5,2,21,0.644689,0.8,0,3,2,0,0
0,3,1,0,1,0,0,1,15,2,2,7,0.23,1,0,15,76,1,4,1,1,26,10.933333,0,8,1.866667,1,1,0,0,0,0,0,0,0,0.89,0,0,2,0,1,0
0,7,1,0,1,0,0,1,38,2,0,0,0.46,1,1,13,0,2,1,5,2,16,5.230769,0,12,5.615385,1,1,0,0,0,0,0,0,0,0.648276,0,0,3,0,0,0
0,6,1,0,1,0,1,1,39,2,0,0,0.56,1,0,12,0,2,1,4,2,11,2.5,0,10,5.666667,1,1,0,0,0,0,0,0,0,0.921875,0,0,2,0,0,0
0,7,1,0,1,0,0,1,22,2,0,0,0.47,1,0,7,0,3,0,3,2,14,3.714286,0,11,7.142857,1,1,0,0,0,0,0,0,0,0.873418,0,0,2,0,0,0
0,6,1,0,1,0,0,1,30,2,0,0,0.65,1,0,8,0,3,0,3,2,13,3.75,0,9,5.75,1,1,0,0,0,0,0,0,0,0.885057,0,0,2,0,0,0
0,5,2,0,1,0,0,1,21,1,3,5,0.4,2,0,7,77,1,0,1,1,7,2.285714,1,10,3,0,1,5,0.9,0,0,0,0,0,0.769231,0,0,3,0,1,0
0,5,3,0,1,1,0,1,30,5,1,8,0.21,3,0,19,82,3,2,7,2,15,2.157895,0,18,3.052632,0,1,2,0.24,0,0,0,0,0,0.939815,0,0,2,0,0,0
11,21,9,1,1,0,4,4,103,1,0,13,0.31,9,2,7,81,1,0,7,1,10,4.857143,1,26,7.571429,1,1,4,1.75,0,8,8,3,15,0.348697,0.5,0,7,3,5,0
0,18,7,1,2,0,1,4,27,2,0,10,0.27,7,0,4,0,1,0,4,2,7,6,4,11,9.5,7,1,5,3.142857,0,0,0,0,0,0.766917,0,0,3,0,1,0
15,12,18,0,2,15,6,3,284,2,2,14,0.66,10,2,24,90,2,0,13,2,16,4.423077,1,23,5.923077,1,1,4,1.103448,0,3,3,2,6,0.509479,0.666667,0,4,2,8,0
0,4,2,0,1,0,4,1,41,1,0,1,1.32,2,0,5,40,2,0,1,1,4,1.6,0,4,2.2,1,1,1,0.571429,0,0,0,0,0,0.583333,0,0,3,0,1,0
4,11,25,0,1,32,1,3,49,7,0,5,0.12,25,1,11,94,2,0,4,2,16,4.333333,0,17,5.041667,1,1,5,1.272727,0,1,1,1,4,0.719361,1,0,2,1,0,0
1,20,9,0,1,14,1,4,28,2,0,3,0.14,9,3,4,66,3,0,2,1,15,6.6,2,15,8.8,3,1,3,1.375,0,0,0,0,0,0.976654,0,0,1,0,1,0
8,7,10,1,1,2,3,2,170,4,1,15,0.56,10,0,34,84,2,1,3,2,12,3.485714,1,14,3.6,1,1,3,0.65,0,1,1,1,3,0.965642,1,0,1,1,1,0
0,3,1,0,1,34,4,1,52,1,0,4,0.73,1,0,7,98,2,0,2,1,4,1,0,3,1.285714,0,1,0,0,0,0,0,0,0,0.77305,0,0,2,0,0,0
1,2,1,0,1,11,0,1,34,1,0,2,0.94,1,0,1,100,1,0,0,1,0,0,0,1,1,1,1,0,0,0,0,0,0,0,0.841463,0,0,2,0,0,0
0,10,4,0,1,12,1,2,76,7,2,11,0.2,4,1,29,94,2,0,6,3,19,3,0,27,5.533333,1,1,2,0.710526,0,0,0,0,0,0.989011,0,0,1,0,1,0
0,6,4,0,1,0,0,2,25,2,4,5,0.19,4,1,17,73,2,0,1,1,11,3.235294,0,12,3.941176,1,1,1,0.45,0,0,0,0,0,0.990099,0,0,1,0,1,0
0,2,1,0,1,0,0,1,23,1,0,0,0.88,1,0,8,0,1,2,2,2,0,0,0,1,0.5,0,1,5,0.454545,0,1,1,1,4,0.622951,1,0,2,1,0,0
0,8,5,0,1,8,0,2,50,1,2,1,0.71,5,0,2,84,2,0,5,1,11,5.6,3,10,4.4,2,1,2,1,0,0,0,0,0,0.699248,0,0,3,0,0,0
1,9,8,0,1,1,2,2,69,2,10,8,0.3,8,1,19,83,3,0,3,2,10,3.238095,0,16,5.52381,0,1,3,0.583333,0,9,9,3,91,0.32,0.555556,0,5,3,2,3
0,7,15,0,1,0,2,2,64,1,12,3,0.48,12,0,17,84,2,6,3,1,6,1.882353,0,18,2.352941,0,1,3,0.526316,0,0,0,0,0,0.479821,0,0,5,0,1,0
7,9,20,0,1,1,8,3,199,1,0,5,1.08,20,0,11,85,1,0,0,1,5,2.263158,0,11,2.684211,1,1,4,1,0,0,0,0,0,0.904645,0,0,1,0,4,0
0,3,1,0,1,0,0,1,21,1,0,1,1.5,1,0,2,0,1,0,2,2,5,4,3,3,2.5,2,1,0,0,0,0,0,0,0,0.6,0,0,3,0,0,0
0,5,1,0,1,0,5,1,49,1,0,0,1.48,1,0,0,0,1,0,3,1,6,4,2,5,3.8,2,1,0,0,0,0,0,0,0,0.813187,0,0,2,0,1,0
0,7,3,0,1,0,3,2,56,1,1,1,0.57,3,0,11,72,2,0,4,1,7,1.636364,0,8,4.181818,1,1,2,0.923077,0,0,0,0,0,0.408046,0,0,3,0,5,0
0,1,1,8,1,0,4,1,63,1,0,0,4.2,1,0,9,0,0,1,2,0,1,1,1,1,0.555556,0,1,0,0,0,1,1,1,1,0.640449,1,0,2,1,0,0
7,7,22,0,1,12,4,2,351,3,16,10,0.63,19,0,70,93,3,1,10,2,14,3.575342,0,27,3.09589,0,1,3,0.649351,0,11,11,2,149,0.636364,0.727273,0,2,2,1,0
0,9,8,0,1,0,7,3,92,1,0,0,0.93,8,0,0,0,1,0,3,1,3,1.6,1,9,4.5,2,1,4,1.666667,0,2,2,2,6,1,0.5,0,1,2,0,0
0,3,2,0,1,0,1,1,39,1,0,1,1.39,2,0,5,66,2,0,1,1,3,1.5,0,5,3,2,1,1,0.375,0,0,0,0,0,0.5,0,0,3,0,0,0
2,10,5,0,1,0,2,3,95,1,4,5,0.36,5,0,24,79,2,0,1,1,13,4.083333,1,11,4.375,0,1,3,1.423077,0,0,0,0,0,0.636132,0,0,3,0,0,0
3,11,7,0,2,1,4,2,134,4,1,7,0.56,7,0,22,87,1,0,7,2,11,3.391304,1,14,4.652174,1,1,4,0.964286,0,8,8,2,151,0.550971,0.875,0,3,2,4,2
2,8,7,0,1,3,4,2,138,1,14,1,0.63,7,0,18,95,2,36,6,1,207,15.875,0,9,3.416667,1,1,4,0.961538,0,6,6,2,22,0.375622,0.666667,0,4,2,5,3
0,8,3,0,1,1,0,2,38,1,0,1,0.86,3,0,2,62,2,0,3,1,3,2.25,2,7,3.5,2,1,1,0.833333,0,0,0,0,0,0.793478,0,0,2,0,2,0
0,1,1,2,1,0,0,1,15,1,0,0,2.5,1,0,2,0,0,0,0,0,1,1,1,1,1,1,1,0,0,0,0,0,0,0,0.666667,0,0,2,0,1,0
0,3,2,0,1,0,0,1,23,1,0,3,0.43,2,0,13,64,1,0,0,1,24,5.615385,1,3,1.384615,1,1,1,0.266667,0,2,2,1,0,0.815217,1,0,2,1,1,0
0,3,2,0,1,0,0,1,25,1,1,2,0.6,2,0,10,40,1,0,1,2,4,1.7,1,3,1.7,1,1,1,0.25,0,0,0,0,0,0.817073,0,0,2,0,1,0
6,7,9,0,1,1,1,2,72,2,0,4,0.27,9,0,34,87,1,0,7,2,10,3.142857,0,10,3.8,1,1,5,0.921053,0,4,4,1,24,0.518135,1,0,2,1,4,0
0,2,1,0,1,0,0,1,22,1,6,0,0.88,1,0,6,0,3,0,1,1,4,1.714286,0,3,2.142857,0,1,0,0,0,0,0,0,0,0.696429,0,0,3,0,0,0
1,12,9,0,1,0,2,3,46,2,0,0,0.41,9,0,9,0,2,0,5,2,14,2.8,0,8,4.2,1,1,4,1.615385,0,2,2,1,4,0.508876,1,0,3,1,0,0
0,13,5,0,1,0,0,3,22,1,3,1,0.21,5,0,7,28,1,0,3,1,4,2.571429,0,11,6.142857,2,1,3,1.666667,0,0,0,0,0,0.871429,0,0,2,0,1,0
1,7,7,7,1,3,2,2,163,21,3,10,0.5,7,0,42,88,4,3,16,2,9,2.214286,0,12,2.452381,0,1,3,0.46875,0,1,1,1,7,0.998158,1,0,1,1,1,0
0,4,6,0,1,0,0,1,33,1,0,3,0.29,6,0,25,66,1,0,1,2,6,1.84,0,8,2.32,1,1,3,0.407407,0,0,0,0,0,0.706215,0,0,2,0,0,0
0,8,7,0,2,0,0,2,22,1,0,1,0.45,7,0,5,0,1,0,1,2,4,2.2,1,8,3.2,1,1,3,1.285714,0,2,2,2,2,0.753086,0.5,0,3,2,0,0
0,4,2,0,1,0,1,1,28,1,0,1,0.97,2,0,5,19,2,0,3,1,3,1.6,1,4,2,1,1,1,0.428571,0,0,0,0,0,0.477612,0,0,4,0,0,0
12,10,23,0,2,1,0,3,43,2,0,2,0.11,23,0,33,91,1,0,10,2,11,3.647059,1,31,4.558824,1,1,3,0.756757,0,13,13,4,91,0.981053,0.692308,0,1,4,2,0
0,1,1,1,1,0,6,1,26,1,0,0,5.2,1,0,1,0,0,2,1,0,2,2,2,1,1,1,1,0,0,0,0,0,0,0,0.647059,0,0,2,0,1,0
0,3,1,0,1,0,3,1,35,1,0,0,2.33,1,0,4,0,2,0,0,1,4,2,0,1,1,1,1,0,0,0,0,0,0,0,0.75,0,0,2,0,0,0
0,3,1,0,1,0,3,1,34,1,0,0,2.27,1,0,4,0,2,0,0,1,3,1.25,0,1,1,1,1,0,0,0,0,0,0,0,0.732143,0,0,2,0,0,0
0,4,2,0,1,0,0,1,17,2,3,2,0.22,2,0,18,73,3,0,4,2,6,1.111111,0,4,1.5,0,1,5,0.454545,0,0,0,0,0,0.895652,0,0,2,0,1,0
0,6,4,0,1,0,0,1,19,2,1,1,0.23,4,0,13,91,4,1,5,2,7,2.230769,0,7,3.384615,2,1,3,0.75,0,0,0,0,0,0.689655,0,0,2,0,1,0
0,9,3,0,2,0,0,2,20,2,1,1,0.74,3,0,3,50,5,0,3,2,5,2.666667,1,5,3.333333,2,1,2,1,0,0,0,0,0,0.537037,0,0,2,0,2,0
1,8,3,0,2,0,0,2,18,3,1,3,0.36,3,0,8,50,4,0,4,2,5,1.875,0,5,2.5,0,1,2,0.833333,0,0,0,0,0,0.5125,0,0,2,0,2,0
2,7,7,0,1,0,0,2,41,7,3,15,0.12,7,0,56,91,2,4,11,3,11,1.625,0,14,2.982143,0,1,4,0.609375,0,0,0,0,0,0.534884,0,0,2,0,2,0
0,3,1,0,1,0,0,1,57,2,3,0,0.98,1,0,17,0,3,0,2,2,7,0.588235,0,2,0.941176,0,1,0,0,0,0,0,0,0,0.992593,0,0,1,0,1,0
4,10,8,0,1,0,0,2,36,5,2,8,0.16,8,1,21,78,1,0,5,2,11,3.478261,0,15,3.73913,0,1,5,1.206897,0,0,0,0,0,0.996845,0,0,1,0,1,0
0,5,2,0,1,0,0,1,19,3,3,3,0.19,2,0,23,35,3,0,5,2,8,1.956522,0,4,1.565217,0,1,1,0.296296,0,0,0,0,0,0.66,0,0,2,0,2,0
1,9,5,0,1,0,1,2,49,4,4,4,0.28,5,0,24,93,3,2,7,2,7,2.333333,0,8,3.416667,0,1,4,1.172414,0,0,0,0,0,0.733068,0,0,2,0,2,0
1,3,2,0,1,1,0,1,19,1,1,2,0.63,2,0,6,50,1,4,0,2,5,2,0,4,2,0,1,1,0.5,0,0,0,0,0,0.517241,0,0,2,0,2,0
0,2,1,0,1,0,0,1,15,1,0,0,0.94,1,0,3,0,1,2,1,3,2,1.333333,1,1,0.666667,0,1,0,0,0,0,0,0,0,0.722222,0,0,2,0,0,0
2,8,9,0,1,0,1,2,57,2,10,4,0.23,6,0,27,70,1,1,5,1,7,3.185185,0,14,3.62963,1,1,4,0.966667,0,5,5,2,33,0.49422,0.8,0,2,2,1,1
0,4,5,0,1,0,2,1,158,1,3,7,0.83,5,0,39,86,1,0,4,2,7,1.846154,0,12,2.282051,0,1,2,0.243902,0,3,3,2,10,0.506266,0.666667,0,3,2,1,0
1,4,5,0,1,0,2,1,151,2,0,6,0.87,5,0,31,84,2,0,4,2,6,2,0,12,2.451613,0,1,2,0.294118,0,0,0,0,0,0.989446,0,0,1,0,2,0
19,6,7,0,1,1,0,2,19,3,0,2,0.06,7,0,7,97,1,0,5,2,10,2.608696,0,13,3.956522,2,1,3,0.862745,0,0,0,0,0,0.924242,0,0,1,0,2,3
1,6,2,0,1,0,0,1,1,1,0,0,0.03,2,0,0,0,1,0,0,1,5,3,2,4,2.666667,1,1,1,0.6,0,0,0,0,0,1,0,0,1,0,0,0
0,7,5,0,1,0,0,2,23,1,7,2,0.2,5,0,9,76,3,0,2,1,4,2.461538,0,12,4.769231,1,1,3,1,0,0,0,0,0,0.639752,0,0,4,0,0,0
0,6,3,1,1,0,0,1,18,3,0,0,0.49,3,0,2,0,1,0,0,2,6,2.4,0,3,2.2,2,1,2,0.666667,0,0,0,0,0,0.733333,0,0,2,0,0,0
4,9,21,0,1,0,4,2,142,1,10,7,0.54,10,0,27,84,3,0,1,1,10,2.333333,0,15,2.925926,0,1,3,0.62069,0,5,5,2,34,0.287946,0.6,0,6,2,1,0
0,4,3,0,1,0,2,1,37,1,0,2,1.12,3,0,6,41,1,0,1,1,3,1.333333,0,5,2.5,1,1,2,0.75,0,1,1,1,3,0.772152,1,0,2,1,2,0
0,3,1,0,1,0,0,1,21,1,0,1,1.05,1,0,3,60,1,0,2,1,5,3,2,3,2.4,2,1,0,0,0,0,0,0,0,0.734694,0,0,2,0,0,0
0,3,1,0,1,0,0,1,21,1,6,3,0.62,1,0,8,79,3,0,1,1,5,1.75,0,5,1.625,0,1,0,0,0,0,0,0,0,0.75,0,0,3,0,0,0
1,8,9,0,2,1,9,3,151,1,0,3,1.25,9,0,12,50,1,0,0,2,10,5.384615,1,8,3.230769,1,1,2,0.733333,0,1,1,1,3,0.684385,1,0,3,1,1,0
1,9,5,0,1,0,0,2,27,1,8,2,0.24,5,0,10,70,3,0,1,1,7,3.3,0,14,3.9,0,1,2,0.75,0,0,0,0,0,0.792208,0,0,3,0,0,0
0,5,7,0,1,0,0,2,32,8,1,6,0.26,7,0,15,65,3,5,2,2,11,2.6,0,7,2.6,1,1,2,0.4,0,0,0,0,0,0.573034,0,0,3,0,0,0
1,7,3,0,1,0,0,2,15,2,0,3,0.35,3,1,3,66,2,1,1,1,5,2.75,0,9,5.75,1,1,2,1,0,0,0,0,0,0.77027,0,0,2,0,1,0
1,5,7,0,1,0,0,2,41,2,0,8,0.32,7,0,19,84,2,0,1,2,8,1.789474,0,10,2.052632,1,1,2,0.5,0,4,4,3,14,0.869347,0.5,0,3,3,0,0
0,3,2,0,1,0,0,1,24,1,0,1,0.29,2,0,21,19,2,0,0,1,4,1.428571,0,6,2.142857,0,1,5,0.375,0,0,0,0,0,1,0,0,1,0,0,0
0,6,4,0,1,0,0,2,21,1,4,6,0.18,4,0,16,84,2,2,4,1,4,1.875,1,6,2.25,0,1,2,0.722222,0,0,0,0,0,0.972222,0,0,1,0,1,0
1,11,8,0,2,0,1,3,43,1,0,8,0.52,8,0,6,70,1,0,0,2,9,3.333333,0,13,4,0,1,3,1.5,0,0,0,0,0,0.925676,0,0,2,0,1,0
0,2,1,0,1,0,0,1,32,1,0,1,1.07,1,0,7,28,2,0,1,1,2,1,0,4,2.142857,1,1,0,0,0,2,2,2,4,0.76,0.5,0,3,2,1,0
0,30,7,0,1,0,2,7,23,1,1,0,0.56,7,9,1,0,3,1,5,1,6,6,6,14,14,14,14,3,3,3,0,0,0,0,1,0,0,1,0,0,0
2,10,9,0,1,0,4,2,130,1,4,9,0.58,9,1,17,85,2,0,12,1,8,2.388889,1,34,5.388889,1,1,3,0.95,0,5,5,2,12,0.447689,0.6,0,4,2,2,0
0,7,40,0,1,0,5,2,319,1,6,23,0.76,40,0,47,93,2,0,3,1,23,1.93617,0,44,2.702128,1,1,5,0.530612,0,15,15,5,930,0.371147,0.333333,0,3,5,7,1
0,25,9,0,1,0,0,5,21,1,1,1,0.33,9,7,2,0,3,1,4,1,6,3.5,1,20,10.5,1,1,3,2.25,0,0,0,0,0,1,0,0,1,0,0,0
1,12,16,0,1,0,5,2,105,3,0,14,0.49,16,0,15,80,2,0,5,2,13,2.266667,0,28,4.4,0,1,3,0.684211,0,3,3,2,16,0.768786,0.666667,0,2,2,2,0
0,3,1,0,1,0,0,1,21,1,0,1,0.84,1,0,6,0,1,0,0,1,10,5,1,2,1.166667,1,1,0,0,0,0,0,0,0,1,0,0,1,0,0,0
1,7,5,0,2,0,2,2,60,1,0,2,1.03,5,0,6,50,2,0,2,1,3,1.833333,1,6,3.166667,1,1,2,1.125,0,0,0,0,0,0.882813,0,0,2,0,0,0
1,7,5,0,1,0,0,2,39,4,1,7,0.23,5,0,20,84,4,0,6,1,4,1.45,0,23,3.55,1,1,1,0.48,0,0,0,0,0,1,0,0,1,0,0,0
2,13,8,0,1,0,0,3,25,3,0,2,0.22,8,0,8,66,2,0,1,2,9,2.375,0,10,4,0,1,4,1.583333,0,0,0,0,0,0.5,0,0,3,0,1,0
0,1,1,1,1,0,5,1,26,1,0,0,5.2,1,0,1,0,0,2,0,0,13,13,13,1,1,1,1,4,1,0,0,0,0,0,0.882353,0,0,2,0,0,0
1,13,8,0,1,0,7,4,43,1,0,1,0.96,8,2,3,66,1,0,3,2,4,2.666667,1,14,7,2,1,3,2,0,0,0,0,0,0.95,0,0,1,0,2,1
13,18,99,0,1,0,1,3,159,2,97,3,0.08,17,2,111,94,2,0,92,3,141,8.347826,1,44,8.347826,1,1,4,1.050847,0,21,21,4,90,0.558131,0.380952,1,4,3,8,9
0,3,1,0,1,0,0,1,18,1,0,0,2.25,1,0,1,0,2,0,2,1,0,0,0,1,1,1,1,0,0,0,1,1,1,3,0.862069,1,0,2,1,0,0
0,3,1,0,1,0,0,1,20,1,0,1,1.18,1,0,3,0,6,0,1,1,3,1.666667,1,7,4.666667,1,1,0,0,0,0,0,0,0,0.738095,0,0,3,0,1,0
0,3,2,0,1,0,0,2,19,1,1,1,0.76,2,0,5,16,2,0,0,1,19,5.666667,3,3,2.333333,1,1,0,0,0,0,0,0,0,0.886792,0,0,2,0,1,0
0,13,2,0,1,2,1,2,2,1,0,0,0.05,2,1,0,75,1,0,8,1,9,7.5,6,9,6.5,4,2,1,1,1,0,0,0,0,0.959184,0,0,1,0,1,0
0,5,7,0,1,0,0,2,23,1,0,5,0.22,7,0,18,82,2,0,0,2,15,3.944444,1,5,2.222222,1,1,2,0.4,0,0,0,0,0,0.896104,0,0,2,0,0,0
0,7,6,0,1,0,4,3,27,1,0,2,0.87,6,1,3,50,2,0,1,2,9,5.333333,3,6,3.666667,2,1,4,2.833333,0,2,2,2,8,0.764706,0.5,0,2,2,0,0
2,49,5,0,1,0,2,2,25,1,0,2,0.12,5,0,4,62,2,0,1,1,172,45.25,2,8,4.25,3,1,3,1.5,0,0,0,0,0,0.931624,0,0,2,0,0,0
4,13,4,0,1,0,2,2,41,1,0,0,0.29,4,1,0,0,1,0,13,1,6,3.777778,2,17,8,2,1,2,0.727273,0,0,0,0,0,0.980769,0,0,1,0,1,0
4,6,4,0,1,0,6,2,73,1,0,2,1.14,4,0,9,61,2,0,1,1,3,2,1,5,3.111111,1,1,2,0.818182,0,0,0,0,0,0.89404,0,0,2,0,0,0
4,12,4,0,1,0,0,2,24,4,0,12,0.15,4,0,10,77,2,0,1,2,14,4,0,22,7.454545,3,1,2,0.9375,0,1,1,1,1,0.894231,1,0,2,1,3,0
0,4,5,0,2,0,0,2,21,1,0,2,0.66,5,0,6,16,1,0,0,1,11,4.166667,2,3,1.5,1,1,1,0.375,0,0,0,0,0,0.9375,0,0,2,0,0,0
0,20,10,0,2,3,8,5,62,2,0,0,0.53,10,1,1,50,1,0,2,2,7,3.8,0,13,8,3,1,4,2.375,0,0,0,0,0,0.756477,0,0,4,0,0,0
0,17,20,0,2,0,6,8,41,1,0,2,0.68,20,1,3,0,1,0,1,1,13,9.666667,4,10,5.666667,3,1,4,2.6,0,0,0,0,0,0.953704,0,0,1,0,2,0
1,4,2,0,1,0,0,2,32,1,0,3,0.04,2,0,222,98,1,0,1,2,220,2.977477,1,6,4.004505,2,1,5,1.013333,0,0,0,0,0,0.989664,0,0,1,0,3,0
0,7,2,0,1,0,0,1,23,1,1,0,0.77,2,0,3,0,2,0,4,1,2,1.333333,1,11,5,2,1,1,0.6,0,0,0,0,0,0.935484,0,0,2,0,0,0
4,35,216,0,1,0,0,2,28,1,0,4,0.09,5,0,9,63,2,0,3,1,216,27.555556,1,12,4.555556,1,1,2,1,0,0,0,0,0,0.970745,0,0,1,0,2,0
2,33,215,0,1,0,0,2,27,1,0,3,0.1,3,0,8,62,2,0,1,1,216,29,1,4,2.375,1,1,1,0.6,0,0,0,0,0,0.943038,0,0,1,0,2,0
0,3,2,0,1,0,0,1,21,1,0,1,1.17,2,0,3,0,2,0,1,1,4,2.333333,1,2,1.333333,1,1,1,0.6,0,0,0,0,0,0.906977,0,0,2,0,0,0
0,5,2,0,1,0,2,2,26,1,0,2,1.44,2,0,2,0,2,0,1,1,5,4,3,3,2.5,2,1,1,0.75,0,0,0,0,0,0.92,0,0,2,0,0,0
0,5,1,0,1,0,2,1,25,1,0,0,1.79,1,0,2,0,2,0,2,1,7,4,1,5,3.5,2,1,0,0,0,0,0,0,0,0.883721,0,0,2,0,1,0
1,45,100,0,2,0,23,4,114,1,1,0,0.6,8,4,4,0,2,0,2,1,96,27.75,2,25,8.5,2,1,4,2.166667,0,0,0,0,0,0.937255,0,0,1,0,4,0
2,4,9,0,1,0,0,1,155,1,4,8,0.21,9,0,173,98,2,0,1,1,138,3.190751,0,7,1.300578,0,1,5,0.274286,0,0,0,0,0,0.971936,0,0,1,0,3,0
0,13,217,0,1,0,0,2,24,1,32,2,0.05,5,0,34,86,1,3,2,2,222,10.911765,1,217,9.794118,0,1,4,0.805556,0,0,0,0,0,0.949533,0,0,1,0,3,0
0,1,1,220,1,0,0,1,22,1,0,4,0.1,1,0,220,100,0,2,1,0,2,2,2,1,0.004545,0,1,0,0,0,0,0,0,0,0.968627,0,0,1,0,3,0
0,1,1,0,1,0,0,1,23,1,0,0,0.1,1,0,220,0,1,10,1,2,215,2.931818,0,1,0.981818,0,1,0,0,0,0,0,0,0,0.976285,0,0,1,0,2,0
2,10,6,0,2,0,4,3,53,1,0,5,0.65,6,0,7,68,2,0,1,1,13,5.285714,1,9,3.142857,1,1,1,0.666667,0,0,0,0,0,0.906667,0,0,2,0,2,0
1,3,3,0,1,0,0,1,24,1,0,3,0.52,3,0,10,73,2,6,2,1,13,6.4,0,8,2.1,1,1,7,1.153846,0,1,1,1,35,0.585366,1,0,4,1,1,1
0,5,9,0,1,9,1,1,53,1,0,6,0.5,3,0,15,90,2,0,2,1,19,5,1,3,1.25,1,1,2,0.444444,0,2,2,1,20,0.430168,1,0,4,1,1,2
0,3,1,0,1,0,0,1,28,1,0,4,0.65,1,0,11,72,1,6,1,1,96,19.363636,2,8,1.909091,1,1,0,0,0,0,0,0,0,0.317647,0,0,5,0,0,0
0,5,5,0,1,0,0,2,22,1,1,0,0.2,5,0,16,0,3,3,21,2,15,2.4375,1,11,4.875,2,1,2,0.555556,0,1,1,1,3,1,1,0,1,1,0,0
0,4,5,0,1,0,0,1,16,1,5,0,0.11,5,0,27,0,2,11,31,2,35,5,1,10,2.666667,0,1,2,0.344828,0,1,1,1,3,0.930348,1,0,2,1,1,0
0,9,11,0,3,42,4,3,84,1,0,0,0.42,11,0,0,88,1,0,10,1,35,11.538462,1,5,2.615385,1,1,2,0.933333,0,4,4,2,24,0.807571,0.75,0,2,2,2,0
3,7,14,0,1,3,1,2,212,2,3,30,0.27,14,0,98,96,3,3,24,2,100,9.642857,1,18,4.112245,1,1,7,0.881188,0,22,22,4,321,0.452465,0.590909,0,3,4,7,11
0,3,4,0,1,0,0,1,22,1,1,0,0.11,4,0,53,0,1,7,55,2,7,2.207547,0,8,2.45283,0,1,2,0.163636,0,3,3,2,41,0.714789,0.666667,0,2,2,6,0
0,5,5,1,1,0,1,2,48,1,0,7,0.45,5,0,15,82,1,0,10,1,6,3.2,1,17,3.466667,1,1,3,0.764706,0,0,0,0,0,0.485714,0,0,3,0,3,0
0,6,3,0,2,0,0,2,21,1,0,0,0.81,3,0,3,0,4,0,8,1,11,7.333333,2,5,3.666667,2,1,1,0.8,0,1,1,1,5,0.375,1,0,4,1,0,0
0,3,1,0,1,0,0,1,15,1,0,3,0.39,1,0,10,80,1,0,3,2,8,1.5,0,3,1.3,1,1,0,0,0,4,4,1,4,0.761194,1,0,3,1,0,0
0,5,2,0,1,0,0,2,22,1,0,0,1.22,2,0,2,0,4,0,2,1,2,1.5,1,7,5.5,4,1,3,1.2,0,0,0,0,0,0.711111,0,0,2,0,0,0
0,3,2,0,1,2,0,1,21,1,0,0,0.53,2,0,9,100,4,0,4,1,9,3.888889,1,5,2.333333,1,1,1,0.272727,0,0,0,0,0,0.56,0,0,3,0,0,0
1,6,7,0,1,0,0,2,26,1,0,3,0.28,7,0,12,66,3,0,3,1,8,2.692308,0,9,2.692308,1,1,3,0.866667,0,0,0,0,0,0.536232,0,0,3,0,1,0
0,3,1,0,1,0,0,1,21,1,0,0,1.17,1,0,4,0,4,0,2,1,6,2.5,1,7,3,1,1,0,0,0,0,0,0,0,0.521739,0,0,3,0,0,0
0,4,2,0,1,0,0,1,29,1,0,3,0.46,2,0,10,52,3,1,8,1,22,8.75,1,5,2.5,1,1,1,0.285714,0,0,0,0,0,0.525862,0,0,4,0,2,0
0,3,1,0,1,0,0,1,18,1,0,1,0.69,1,0,6,16,3,0,3,1,3,1.833333,1,4,2,1,1,0,0,0,0,0,0,0,0.611111,0,0,4,0,0,0
0,3,1,0,1,0,0,1,22,1,0,1,0.96,1,0,5,19,3,1,3,1,13,7.4,2,4,2.2,1,1,0,0,0,0,0,0,0,0.615385,0,0,3,0,2,0
0,3,1,0,1,0,0,1,21,1,0,3,0.41,1,0,11,75,3,0,3,1,10,3.083333,1,7,2.416667,1,1,0,0,0,0,0,0,0,0.545455,0,0,3,0,2,0
0,3,1,0,1,0,0,1,22,1,0,0,1.1,1,0,5,0,3,0,3,1,20,4.4,0,4,2.2,1,1,0,0,0,0,0,0,0,0.591837,0,0,4,0,0,0
0,3,1,0,1,0,0,1,22,1,0,3,0.54,1,0,9,66,3,0,7,1,6,3.333333,0,4,1.555556,1,1,0,0,0,0,0,0,0,0.805195,0,0,2,0,1,0
0,5,3,0,1,0,0,1,29,1,0,1,0.66,3,0,7,57,4,0,3,1,4,1.428571,0,8,3.142857,1,1,2,0.666667,0,0,0,0,0,0.988372,0,0,1,0,1,0
0,3,2,0,1,6,0,1,29,1,0,2,0.57,2,0,12,89,3,1,3,1,31,5.583333,0,5,1.666667,1,1,1,0.214286,0,2,2,2,1,0.453608,0.5,0,4,2,2,0
0,4,3,0,1,0,0,1,22,1,0,1,0.45,3,0,9,44,3,0,4,1,13,4.777778,1,6,3,1,1,1,0.363636,0,0,0,0,0,0.409639,0,0,3,0,2,0
0,3,1,0,1,0,0,1,22,1,0,0,1,1,0,5,0,4,0,4,1,9,2.8,1,7,2.6,1,1,0,0,0,0,0,0,0,0.730769,0,0,2,0,0,0
1,4,1,0,1,0,0,1,39,1,0,0,1.77,1,0,3,0,4,0,3,1,4,2,1,6,3.25,1,1,0,0,0,0,0,0,0,1,0,0,1,0,0,0
0,3,1,0,1,1,0,1,24,1,0,0,2.18,1,0,2,100,3,0,2,1,0,0,0,1,0.5,0,1,0,0,0,0,0,0,0,0.925,0,0,2,0,1,0
0,3,2,0,1,0,2,1,29,1,1,1,1.21,2,0,4,50,2,31,3,1,50,21.25,5,7,2.5,1,1,1,0.5,0,0,0,0,0,0.557377,0,0,3,0,1,0
0,1,1,1,1,0,3,1,24,1,0,0,6,1,0,1,0,0,2,1,0,24,24,24,1,1,1,1,0,0,0,0,0,0,0,0.548387,0,0,2,0,1,0
0,3,1,0,1,0,0,1,21,1,0,1,0.6,1,0,9,22,3,0,4,1,19,4.888889,0,2,1.666667,1,1,0,0,0,0,0,0,0,0.602941,0,0,4,0,1,0
0,4,3,0,1,0,0,1,24,1,0,3,0.33,3,0,13,53,3,0,4,1,6,3.076923,1,8,2.538462,1,1,2,0.533333,0,0,0,0,0,0.734513,0,0,3,0,2,0
0,4,3,0,1,0,0,1,23,1,0,1,0.45,3,0,9,33,3,1,3,1,19,4.555556,1,7,2.666667,1,1,2,0.545455,0,0,0,0,0,0.758621,0,0,3,0,1,0
0,3,1,0,1,0,0,1,21,1,0,2,0.78,1,0,6,33,3,0,2,1,6,3.833333,1,4,2,1,1,0,0,0,0,0,0,0,0.706897,0,0,3,0,1,0
0,5,4,0,1,0,0,1,23,1,0,1,0.4,4,0,10,50,3,1,4,1,7,2.6,0,9,2.7,1,1,3,0.75,0,0,0,0,0,0.463158,0,0,5,0,1,0
0,4,2,0,1,1,0,1,38,1,0,7,0.38,2,0,21,82,3,0,6,1,20,5.190476,1,7,1.904762,1,1,1,0.130435,0,3,3,2,1,0.518293,0.666667,0,6,2,2,2
0,4,2,0,1,0,0,1,24,1,0,2,0.46,2,0,9,55,3,0,6,1,4,2.222222,0,4,1.666667,1,1,1,0.454545,0,0,0,0,0,0.550562,0,0,4,0,1,0
0,3,1,0,1,0,0,1,21,1,0,0,1.5,1,0,3,0,4,0,1,1,3,1.333333,0,5,2.666667,1,1,0,0,0,0,0,0,0,0.609756,0,0,3,0,0,0
0,3,1,0,1,0,0,1,18,1,0,0,1,1,0,4,0,4,0,2,1,3,1.25,0,5,2.25,1,1,0,0,0,0,0,0,0,0.452381,0,0,4,0,1,0
0,3,1,0,1,0,0,1,21,1,0,2,0.55,1,0,9,33,3,0,5,1,4,2.222222,1,4,2.111111,1,1,0,0,0,0,0,0,0,0.694444,0,0,4,0,0,0
0,3,1,0,1,0,0,1,21,1,0,2,0.55,1,0,9,33,3,0,5,1,4,2.222222,1,4,2.111111,1,1,0,0,0,0,0,0,0,0.694444,0,0,4,0,0,0
0,3,3,0,1,0,0,1,25,1,0,6,0.35,3,0,19,84,3,1,3,1,20,4.263158,0,4,1.473684,1,1,1,0.142857,0,0,0,0,0,0.458333,0,0,5,0,0,0
0,3,2,0,1,0,0,1,23,1,0,3,0.68,2,0,7,47,3,0,2,1,5,3,1,4,2.142857,1,1,0,0,0,0,0,0,0,0.671642,0,0,3,0,2,0
0,3,1,0,1,0,0,1,22,1,0,1,1.05,1,0,4,25,3,0,3,1,3,2,1,4,2.25,1,1,0,0,0,0,0,0,0,0.54902,0,0,4,0,2,0
0,3,1,0,1,0,0,1,20,1,0,1,0.77,1,0,6,16,3,0,3,1,5,2.333333,1,4,2,1,1,0,0,0,0,0,0,0,0.636364,0,0,3,0,2,0
0,3,1,0,1,0,0,1,22,1,0,1,0.85,1,0,6,16,3,0,3,1,3,1.833333,1,4,2,1,1,0,0,0,0,0,0,0,0.666667,0,0,3,0,0,0
0,3,1,0,1,0,0,1,21,1,0,4,0.45,1,0,11,65,3,0,4,1,6,2.454545,1,5,2.181818,1,1,0,0,0,0,0,0,0,0.428571,0,0,5,0,0,0
0,4,1,0,1,0,0,1,21,1,0,3,0.41,1,0,9,44,3,1,5,1,6,3.222222,1,4,2,1,1,0,0,0,1,1,1,1,0.686747,1,0,3,1,1,0
0,4,3,0,1,0,0,1,21,1,0,1,0.29,3,0,14,42,3,1,2,1,18,5,1,7,2.785714,1,1,2,0.375,0,0,0,0,0,0.625,0,0,3,0,1,0
0,3,1,0,1,0,0,1,18,1,0,1,0.62,1,0,7,28,3,0,3,1,3,1.571429,0,4,1.857143,1,1,0,0,0,0,0,0,0,0.431034,0,0,5,0,1,0
0,3,1,0,1,0,0,1,18,1,0,1,0.64,1,0,7,28,3,0,3,1,3,1.571429,0,4,1.857143,1,1,0,0,0,0,0,0,0,0.37931,0,0,5,0,1,0
0,3,2,0,1,2,0,1,27,1,0,6,0.31,2,0,22,89,3,0,4,2,24,5.181818,0,5,1.863636,1,1,1,0.208333,0,8,8,3,14,0.564286,0.5,0,5,3,2,0
0,3,2,0,1,0,0,1,27,1,0,8,0.31,2,0,20,86,3,0,3,3,19,5.809524,0,8,1.714286,1,1,1,0.130435,0,4,4,1,4,0.525926,1,0,3,1,3,0
0,4,5,0,1,0,0,1,21,1,0,7,0.3,5,0,15,79,2,0,1,1,9,5.066667,1,8,1.6,1,1,3,0.529412,0,0,0,0,0,0.962963,0,0,1,0,2,0
0,1,1,5,1,0,0,1,21,1,0,0,2.62,1,0,5,0,0,3,5,0,1,0.8,0,0,0,0,1,0,0,0,0,0,0,0,0.4375,0,0,3,0,0,0
0,1,1,52,1,0,0,1,25,1,0,0,0.43,1,0,52,0,0,1,52,0,1,1,1,0,0,0,1,0,0,0,3,3,2,4,0.381944,0.666667,0,4,2,2,0
0,4,2,0,1,0,0,1,25,1,0,2,0.93,2,0,5,30,3,0,1,2,3,2,1,3,2,1,1,1,0.428571,0,0,0,0,0,0.540984,0,0,3,0,2,0
0,3,1,0,1,0,3,1,34,1,0,1,2,1,0,4,25,4,0,3,1,8,4.75,1,3,2,1,1,0,0,0,0,0,0,0,0.666667,0,0,3,0,1,2
0,4,4,0,1,0,0,1,32,1,0,11,0.22,4,0,27,88,3,1,7,2,37,9.407407,1,10,2.037037,1,1,3,0.482759,0,6,6,3,13,0.480769,0.666667,0,3,3,8,0
0,44,10,0,7,1,0,10,15,1,0,0,0.24,10,9,1,0,1,0,15,2,5,5,5,16,16,16,28,3,3,3,3,3,2,4,0.78022,0.666667,0,2,2,0,0
0,3,1,0,1,1,5,1,31,1,0,0,3.1,1,0,2,50,4,0,1,1,6,5,4,2,2,2,1,0,0,0,0,0,0,0,0.533333,0,0,3,0,2,0
1,6,8,1,1,1,0,2,43,1,2,15,0.18,8,0,34,92,2,0,18,2,19,4,0,29,2.705882,0,1,3,0.416667,0,4,4,1,57,0.603659,1,0,3,1,7,0
0,3,2,0,1,1,0,1,26,1,0,7,0.41,2,0,15,84,3,0,3,2,36,7.933333,0,4,1.8,1,1,1,0.176471,0,5,5,2,4,0.390909,0.8,0,3,2,3,0
0,3,1,0,1,0,0,1,21,1,0,5,0.27,1,0,20,80,3,0,4,3,16,4.45,0,5,1.65,1,1,0,0,0,5,5,2,8,0.439024,0.8,0,4,2,3,2
0,3,1,0,1,0,0,1,24,1,0,2,0.77,1,0,7,57,3,0,4,1,4,2.857143,1,3,1.428571,1,1,2,0.2,0,0,0,0,0,0.698413,0,0,3,0,0,0
0,4,3,0,1,0,0,1,21,1,0,2,0.34,3,0,12,50,3,0,2,1,19,5.75,1,7,2.25,1,1,2,0.428571,0,0,0,0,0,0.717172,0,0,3,0,0,0
0,3,1,0,1,0,0,1,21,1,0,1,1.24,1,0,4,50,3,0,1,1,4,2,0,2,1.5,1,1,0,0,0,0,0,0,0,0.717391,0,0,2,0,0,0
0,3,1,0,1,0,0,1,21,1,0,2,0.81,1,0,6,41,3,0,2,1,4,3,2,3,1.5,1,1,0,0,0,0,0,0,0,0.684211,0,0,3,0,1,0
0,3,1,0,1,0,0,1,21,1,0,2,0.88,1,0,5,50,3,0,3,1,4,3.2,2,3,1.6,1,1,0,0,0,0,0,0,0,0.611111,0,0,3,0,0,0
0,3,1,0,1,0,0,1,21,1,0,1,1.24,1,0,4,50,3,0,1,1,4,2,0,2,1.5,1,1,0,0,0,0,0,0,0,0.717391,0,0,2,0,0,0
0,3,1,0,1,0,0,1,21,1,0,2,0.91,1,0,5,50,3,0,2,1,4,2.4,1,3,1.4,1,1,0,0,0,0,0,0,0,0.692308,0,0,3,0,0,0
0,2,1,0,1,1,0,1,21,1,0,0,2.1,1,0,2,100,3,0,1,1,0,0,0,1,0.5,0,1,0,0,0,0,0,0,0,0.648649,0,0,2,0,0,0
0,3,2,0,1,0,0,1,21,1,0,1,0.78,2,0,6,33,3,0,2,1,23,6.333333,0,2,1.5,1,1,1,0.375,0,0,0,0,0,0.724138,0,0,3,0,0,0
0,3,1,0,1,1,0,1,21,1,0,4,0.49,1,0,9,77,3,0,6,1,6,3.222222,1,4,1.444444,1,1,0,0,0,0,0,0,0,0.506494,0,0,3,0,2,0
0,3,1,0,1,0,0,1,21,1,0,3,0.75,1,0,6,61,3,0,2,1,6,3.5,1,4,1.5,1,1,0,0,0,0,0,0,0,0.728814,0,0,3,0,0,0
0,3,1,0,1,1,0,1,21,1,0,1,0.78,1,0,6,66,3,0,4,1,11,4.666667,1,5,2,1,1,0,0,0,0,0,0,0,0.62069,0,0,3,0,1,0
0,3,1,0,1,0,0,1,21,1,0,1,1.24,1,0,4,25,2,18,0,1,8,3,0,2,1.25,1,1,0,0,0,0,0,0,0,0.717391,0,0,2,0,0,0
0,3,2,0,1,0,0,1,24,1,0,3,0.49,2,0,11,63,3,0,4,1,4,2.636364,1,4,1.727273,1,1,1,0.230769,0,0,0,0,0,0.808989,0,0,2,0,1,0
0,3,1,0,1,0,0,1,21,1,0,2,0.91,1,0,5,50,3,0,2,1,4,2.6,1,3,1.4,1,1,0,0,0,0,0,0,0,0.692308,0,0,3,0,0,0
0,3,1,0,1,0,0,1,21,1,0,1,1.17,1,0,4,25,3,0,2,1,4,2.5,1,2,1.25,1,1,0,0,0,0,0,0,0,0.652174,0,0,3,0,0,0
0,3,2,0,1,0,0,1,24,1,0,3,0.71,2,0,7,66,3,0,2,1,3,2.714286,1,3,1.571429,1,1,1,0.333333,0,0,0,0,0,0.814286,0,0,2,0,0,0
0,3,1,0,1,0,0,1,21,1,0,2,0.91,1,0,5,50,3,0,2,1,4,2.6,1,3,1.4,1,1,0,0,0,0,0,0,0,0.679245,0,0,3,0,0,0
0,1,1,9,1,0,2,1,42,1,0,0,3.23,1,0,9,0,0,5,2,0,11,2.888889,0,1,0.888889,0,1,0,0,0,4,4,1,5,0.584615,1,0,4,1,0,0
0,4,4,0,1,0,0,1,33,1,0,7,0.28,4,0,25,83,1,0,2,1,11,3.84,0,11,2.2,1,1,1,0.296296,0,2,2,2,17,0.474576,0.5,0,4,2,1,0
2,4,5,0,1,0,0,1,22,1,0,5,0.3,5,0,14,80,1,7,3,2,13,3.285714,0,7,1.642857,1,1,3,0.588235,0,0,0,0,0,1,0,0,1,0,0,0
0,1,1,5,1,0,4,1,42,1,0,0,5.25,1,0,5,0,0,2,0,0,2,1.2,1,0,0,0,1,0,0,0,0,0,0,0,1,0,0,1,0,0,0
0,3,1,0,1,0,0,1,21,1,0,2,0.75,1,0,7,42,1,0,1,2,3,1.571429,1,3,1.571429,1,1,0,0,0,0,0,0,0,1,0,0,1,0,0,0
0,3,1,0,1,0,0,1,20,3,0,3,0.43,1,0,11,50,2,0,5,2,4,1.363636,0,4,1.454545,0,1,0,0,0,0,0,0,0,1,0,0,1,0,0,0
0,1,1,10,1,0,0,1,20,1,0,0,1.43,1,0,10,0,1,1,3,1,0,0,0,1,0.5,0,1,0,0,0,0,0,0,0,0.782609,0,0,2,0,0,0
0,7,3,0,1,0,0,2,28,2,0,4,0.28,3,0,12,60,2,0,4,2,4,2.25,1,6,2.416667,1,1,2,0.933333,0,1,1,1,26,1,1,0,1,1,0,0
0,5,5,1,1,0,0,2,22,2,0,6,0.24,5,0,13,44,2,1,5,4,9,3.615385,1,7,2.384615,1,1,3,0.875,0,1,1,1,2,1,1,0,1,1,0,0
0,1,1,1,1,0,0,1,20,1,0,0,5,1,0,1,0,0,2,0,0,2,2,2,1,1,1,1,0,0,0,0,0,0,0,1,0,0,1,0,0,0
0,4,6,3,1,0,0,1,29,2,0,9,0.24,6,0,24,84,2,0,5,2,9,1.875,1,7,1.833333,1,1,2,0.333333,0,1,1,1,2,0.994505,1,0,1,1,1,0
0,1,1,1,1,0,0,1,20,1,0,0,5,1,0,1,0,0,1,0,0,2,2,2,0,0,0,1,0,0,0,0,0,0,0,1,0,0,1,0,0,0
0,1,1,1,1,0,0,1,20,1,0,0,5,1,0,1,0,0,7,3,0,0,0,0,1,1,1,1,0,0,0,0,0,0,0,1,0,0,1,0,0,0
0,14,3,0,1,2,3,3,34,2,0,4,0.42,3,0,4,33,3,0,5,2,9,6,1,12,8.5,5,1,2,1.375,0,0,0,0,0,0.655738,0,0,4,0,1,0
1,7,5,0,1,0,3,2,59,1,1,1,0.76,5,0,9,55,2,1,3,1,6,4.111111,3,8,3.777778,1,1,2,0.909091,0,0,0,0,0,0.769737,0,0,4,0,0,0
3,10,13,0,2,0,0,3,33,1,7,4,0.19,13,0,15,80,1,0,19,1,13,5,2,18,6.333333,1,1,5,1.277778,0,4,4,3,245,0.469828,0.5,0,4,3,0,1
59,15,44,2,1,58,1,3,490,26,50,34,0.14,18,1,209,97,4,0,96,2,54,6.126697,0,45,7.59276,0,1,4,0.870968,0,48,48,3,562,0.290162,0.520833,0,4,3,5,13
0,2,1,0,1,1,0,1,22,2,0,0,1.1,1,0,5,100,3,10,2,2,1,0.4,0,1,0.6,0,1,0,0,0,3,3,2,9,0.469388,0.666667,0,4,2,0,0
7,12,17,1,2,0,1,3,108,1,1,1,0.17,17,0,28,53,1,0,11,2,27,7.918367,1,13,4.428571,1,1,4,1.215686,0,1,1,1,1,0.38966,1,0,4,1,5,0
0,1,1,0,1,0,0,1,22,1,0,0,4.4,1,0,1,0,1,11,0,1,1,1,1,0,0,0,1,0,0,0,0,0,0,0,0.933333,0,0,1,0,2,0
0,5,4,0,1,0,3,2,36,1,0,1,1.09,4,0,4,0,3,0,3,1,3,2.25,2,5,2.75,1,1,2,1,0,1,1,1,3,0.848101,1,0,2,1,2,0
22,8,7,0,2,0,0,3,17,1,1,2,0.06,7,0,31,80,3,0,16,1,12,3.419355,1,13,5.483871,1,1,3,1.060606,0,5,5,2,18,0.519757,0.6,0,3,2,1,2
0,2,1,0,1,1,0,1,34,1,1,2,1.42,1,0,5,80,3,2,2,2,3,1.4,0,2,1,0,1,0,0,0,0,0,0,0,0.397059,0,0,5,0,2,0
0,3,1,0,1,0,0,1,21,1,0,0,2.33,1,0,2,0,2,0,0,1,3,2.5,2,1,1,1,1,0,0,0,0,0,0,0,0.588235,0,0,2,0,1,0
11,7,7,1,1,0,2,2,188,2,8,34,0.5,7,0,42,90,1,0,9,2,15,6.119048,1,25,4.619048,1,1,3,0.711111,0,9,9,3,140,0.865815,0.555556,0,2,3,3,0
0,9,4,0,1,0,0,2,34,1,3,7,0.31,4,1,10,80,4,0,13,1,8,3.7,0,19,5.7,0,1,3,0.916667,0,0,0,0,0,0.637427,0,0,3,0,2,0
4,36,13,0,2,4,4,4,36,2,1,2,0.11,13,2,8,85,3,0,33,2,19,5.125,1,47,10.125,1,1,3,1.363636,0,8,8,2,91,0.587013,0.625,0,2,2,0,1
1,7,6,0,1,1,0,2,30,1,3,2,0.32,6,1,11,72,1,0,18,2,8,3.090909,0,18,5,0,1,2,0.615385,0,2,2,1,7,0.660131,1,0,4,1,0,2
0,9,6,0,1,0,0,2,23,1,0,2,0.51,6,0,4,62,1,0,4,1,5,3.25,2,10,3.75,1,1,2,1,0,0,0,0,0,0.415584,0,0,3,0,1,0
0,5,3,0,1,0,0,1,21,1,1,5,0.45,3,0,4,71,1,0,1,2,25,6.714286,2,6,3.285714,2,1,2,0.777778,0,0,0,0,0,0.775,0,0,3,0,0,0
1,15,6,0,2,1,2,4,21,1,0,2,0.41,6,0,2,22,1,0,1,1,8,5.333333,3,5,2.666667,1,2,3,2.2,1,0,0,0,0,0.575,0,0,3,0,0,0
1,20,5,0,1,1,3,3,41,1,3,4,0.29,5,3,5,66,1,0,5,2,13,7.666667,2,16,10.833333,4,1,2,1.5,0,4,4,2,5,0.28436,0.5,0,5,2,1,0
0,3,1,0,1,0,0,1,18,1,0,0,2,1,0,1,0,4,0,1,1,2,2,2,2,2,2,1,0,0,0,0,0,0,0,0.875,0,0,2,0,0,0
1,3,1,0,1,2,0,1,31,1,0,10,0.37,1,0,19,87,1,0,2,1,10,3.157895,0,6,1.684211,1,1,0,0,0,1,1,1,1,0.471014,1,0,5,1,1,0
12,11,17,1,2,0,1,3,75,2,2,11,0.21,17,1,29,86,3,0,26,1,14,3.758621,1,23,6.517241,1,1,4,0.96875,0,2,2,2,43,0.652695,0.5,0,3,2,2,2
12,17,13,1,2,2,1,3,78,13,13,4,0.1,13,1,47,94,1,2,37,3,20,4.183673,0,39,7.081633,0,1,5,1.031746,0,19,19,3,499,0.458112,0.578947,0,3,3,7,12
0,5,5,1,1,0,1,2,35,1,0,1,0.49,5,0,8,88,2,0,14,2,8,1.888889,1,6,3.111111,1,1,2,0.818182,0,0,0,0,0,0.688525,0,0,3,0,2,0
0,4,1,0,1,0,2,1,41,1,0,2,2.16,1,0,3,16,3,1,2,1,10,5.333333,2,5,3.666667,1,1,5,0.833333,0,2,2,2,8,0.526316,0.5,0,4,2,0,0
5,9,10,0,1,0,2,2,220,17,3,25,0.38,10,1,59,94,2,10,27,2,26,4,0,32,4.491525,0,1,5,0.831169,0,5,5,2,43,0.423442,0.6,0,4,2,10,0
0,1,1,1,1,1,0,1,15,1,0,10,0.47,1,0,4,95,1,0,1,1,3,1.25,0,2,1.25,1,0,0,0,0,2,2,1,0,1,1,0,1,1,0,0
1,6,18,0,1,5,5,2,275,1,0,15,0.95,18,0,36,95,1,0,4,1,17,7.27027,1,31,3.027027,1,1,2,0.435897,0,5,5,2,180,0.351964,0.6,0,4,2,2,0
0,4,1,0,1,0,3,1,40,1,0,1,1.54,1,0,5,60,2,0,0,2,2,0.8,0,3,1.2,0,1,0,0,0,2,2,2,2,0.706522,0.5,0,3,2,0,0
1,5,5,0,1,0,2,2,111,1,1,3,0.65,5,0,26,67,1,0,13,1,14,4.730769,1,10,2.846154,1,1,2,0.75,0,0,0,0,0,0.951807,0,0,1,0,2,0
5,11,7,0,2,0,0,4,23,1,1,1,0.23,7,0,8,75,3,0,3,1,4,2.875,1,9,4.125,1,1,3,2.1,0,3,3,2,271,1,0.666667,0,1,2,0,1
0,1,1,1,1,0,0,1,23,1,0,0,4.6,1,0,1,0,0,2,0,0,1,1,1,0,0,0,1,0,0,0,2,2,2,8,0.419355,0.5,0,3,2,1,0
0,12,8,0,1,0,4,4,45,1,0,4,0.75,8,1,4,56,1,4,2,2,5,3,0,8,3.75,1,1,3,2.142857,0,0,0,0,0,0.465517,0,0,3,0,1,0
0,12,4,0,1,0,5,3,32,1,0,2,1,4,0,2,25,2,0,1,1,3,3,3,8,5.5,3,1,2,1.5,0,4,4,2,16,0.304348,0.5,0,5,2,0,0
0,5,2,0,1,0,4,1,35,1,0,1,1.46,2,0,3,33,2,0,1,1,3,1.666667,0,3,2.333333,1,1,1,0.6,0,0,0,0,0,0.390625,0,0,4,0,0,0
0,1,1,0,1,1,0,1,22,1,0,0,2.75,1,0,3,100,2,0,0,1,0,0,0,0,0,0,1,0,0,0,0,0,0,0,0.6,0,0,2,0,1,0
0,1,1,4,1,0,5,1,44,1,0,0,4,1,0,4,0,1,1,1,1,2,0.75,0,1,0.75,0,1,0,0,0,0,0,0,0,0.557377,0,0,4,0,0,0
0,3,1,0,1,0,4,1,32,1,0,1,2.13,1,0,2,0,2,0,1,1,3,2,1,3,2,1,1,0,0,0,0,0,0,0,0.377358,0,0,4,0,0,0
0,3,1,0,1,0,4,1,31,1,0,1,1.94,1,0,2,0,2,0,1,1,3,2.5,2,3,3,3,1,0,0,0,0,0,0,0,0.423077,0,0,4,0,0,0
0,7,3,0,1,0,0,2,25,1,0,1,1.09,3,1,2,0,1,0,0,2,3,2.5,2,5,3,1,1,2,1.5,0,2,2,2,8,0.545455,0.5,0,4,2,0,0
1,8,7,0,2,0,0,3,21,1,3,6,0.17,7,0,12,68,3,0,8,1,5,2.333333,1,10,4.083333,1,1,3,1.142857,0,0,0,0,0,0.922619,0,0,2,0,0,0
0,8,2,0,1,0,2,1,31,1,0,3,0.89,2,0,3,33,2,0,2,1,7,4,2,4,3,1,1,1,0.666667,0,0,0,0,0,0.647727,0,0,3,0,2,0
0,8,2,0,1,0,0,1,23,1,0,1,0.7,2,1,3,0,3,1,3,1,6,5.333333,5,5,3.666667,3,1,1,0.6,0,0,0,0,0,0.706667,0,0,3,0,0,0
0,3,1,0,1,0,3,1,40,1,0,0,1.54,1,0,2,0,1,3,6,1,3,2.4,2,2,1.4,0,1,0,0,0,0,0,0,0,0.732673,0,0,3,0,0,0
0,6,2,0,1,0,0,1,24,1,0,3,0.65,2,0,4,50,2,1,3,1,10,4.75,1,4,2.25,1,1,1,0.5,0,0,0,0,0,0.714286,0,0,3,0,0,0
0,6,2,0,1,0,2,1,27,1,0,2,0.93,2,0,3,33,2,0,3,1,13,7.333333,3,8,4.666667,1,1,1,0.6,0,0,0,0,0,0.373134,0,0,4,0,3,0
0,4,1,0,1,4,4,1,53,1,0,1,1.47,1,0,4,88,4,0,3,1,6,4.2,2,3,2.2,1,1,0,0,0,0,0,0,0,0.805085,0,0,3,0,0,0
0,8,3,0,1,0,0,2,18,1,0,1,0.55,3,1,3,0,4,0,4,1,3,2,1,7,4.333333,1,1,1,0.8,0,0,0,0,0,0.633333,0,0,2,0,0,0
2,7,4,0,1,0,0,2,23,1,1,4,0.39,4,0,6,54,4,0,7,1,9,3.666667,1,9,4.166667,1,1,1,0.625,0,2,2,2,27,0.619565,0.5,0,2,2,0,2
0,1,1,2,1,0,0,1,20,1,0,0,2.22,1,0,2,0,0,1,5,0,1,1,1,1,1,1,1,0,0,0,0,0,0,0,0.823529,0,0,3,0,0,0
0,17,8,0,3,0,1,5,22,1,0,0,0.58,8,0,1,0,1,1,2,1,4,2.5,1,7,4,1,1,5,3.75,0,0,0,0,0,0.9375,0,0,2,0,0,0
0,4,1,0,1,11,3,1,35,1,0,0,1.17,1,0,0,90,1,0,0,1,5,5,5,1,1,1,1,0,0,0,2,2,2,8,0.671642,0.5,0,3,2,0,0
0,4,3,0,1,0,2,1,68,1,0,5,1.19,3,0,12,71,1,2,5,1,38,7.583333,1,9,2.333333,1,1,1,0.357143,0,3,3,3,8,0.439024,0.333333,0,5,3,3,0
24,14,13,0,3,3,2,4,138,2,10,12,0.18,13,0,48,93,4,1,45,1,14,4.145833,1,23,8.395833,1,1,4,1.490196,0,14,14,4,146,0.65641,0.571429,0,3,4,4,0
1,8,8,0,1,0,3,2,101,2,1,5,0.55,8,1,16,84,2,0,20,2,15,5.388889,0,14,4.277778,1,1,3,0.761905,0,6,6,3,24,0.463277,0.5,0,4,3,5,0
6,14,11,0,4,0,0,4,27,1,7,10,0.11,11,0,16,81,4,0,21,1,8,3.6875,1,22,7.6875,1,1,4,1.722222,0,10,10,4,1226,0.996732,0.4,0,1,4,1,2
0,4,2,0,1,0,4,1,57,1,0,2,1.39,2,0,8,50,2,0,0,1,35,6.375,0,3,1.875,1,1,1,0.454545,0,0,0,0,0,0.62037,0,0,3,0,2,0
0,1,1,25,1,0,0,1,21,1,0,0,0.75,1,0,25,0,4,1,4,2,1,0.08,0,1,1,1,1,0,0,0,0,0,0,0,0.5625,0,0,3,0,0,0
0,0,0,0,0,0,0,0,15,1,0,0,5,0,0,0,0,6,1,0,1,0,0,0,0,0,0,0,0,0,0,0,0,0,0,0.8,0,0,2,0,0,0
0,1,1,18,1,0,0,1,21,1,0,0,1,1,0,18,0,2,4,0,1,4,0.222222,0,1,0.944444,0,1,0,0,0,0,0,0,0,0.533333,0,0,3,0,0,0
0,1,1,3,1,0,0,1,18,1,0,0,3,1,0,3,0,0,1,0,0,0,0,0,0,0,0,1,0,0,0,0,0,0,0,0.615385,0,0,3,0,0,0
0,1,1,8,1,0,0,1,19,1,0,0,1.73,1,0,8,0,5,3,3,1,1,0.125,0,1,1,1,1,0,0,0,2,2,1,2,0.516129,1,0,3,1,0,0
0,1,1,5,1,0,0,1,16,1,0,0,2,1,0,5,0,5,1,1,1,0,0,0,1,1,1,1,0,0,0,0,0,0,0,0.615385,0,0,3,0,0,0
0,1,1,1,1,0,0,1,15,1,0,0,3.75,1,0,1,0,4,3,0,1,0,0,0,1,1,1,1,0,0,0,0,0,0,0,0.75,0,0,3,0,0,0
0,1,1,7,1,0,0,1,16,1,0,0,1.6,1,0,7,0,6,1,2,1,1,0.285714,0,1,0.857143,0,1,0,0,0,2,2,1,0,0.655172,1,0,3,1,0,0
0,1,1,10,1,0,0,1,19,1,0,0,1.46,1,0,10,0,3,1,1,1,0,0,0,1,1,1,1,0,0,0,0,0,0,0,0.484848,0,0,3,0,0,0
0,1,1,3,1,0,0,1,16,1,0,0,2.67,1,0,3,0,0,1,1,0,0,0,0,1,1,1,1,0,0,0,0,0,0,0,0.652174,0,0,3,0,0,0
0,1,1,11,1,0,0,1,16,1,0,0,1.14,1,0,11,0,3,3,2,1,0,0,0,1,1,1,1,0,0,0,0,0,0,0,0.534884,0,0,3,0,0,0
0,1,1,7,1,0,0,1,15,1,0,0,1.25,1,0,7,0,3,1,2,2,2,0.714286,0,1,1,1,1,0,0,0,2,2,1,0,0.516129,1,0,3,1,0,0
0,1,1,7,1,0,0,1,20,1,0,0,2,1,0,7,0,0,2,1,0,1,0.285714,0,1,1,1,1,0,0,0,2,2,1,0,0.5625,1,0,3,1,0,0
0,3,1,0,1,0,0,1,15,1,0,1,0.58,1,0,7,42,2,2,0,2,3,2,1,2,1.285714,1,1,0,0,0,0,0,0,0,0.714286,0,0,2,0,1,0
0,1,1,2,1,0,0,1,18,1,0,0,3.6,1,0,2,0,0,2,0,0,0,0,0,1,0.5,0,1,0,0,0,0,0,0,0,0.464286,0,0,4,0,0,0
2,7,6,0,1,5,0,2,28,12,0,16,0.09,6,0,40,100,1,6,15,2,68,4.675,0,20,4.325,1,1,5,0.777778,0,27,27,4,977,0.87799,0.777778,2,2,2,2,1
1,7,5,0,2,0,0,2,19,1,1,2,0.31,5,0,5,64,2,0,5,1,9,4,1,5,3.714286,2,1,2,0.888889,0,2,2,1,1,0.946809,1,0,2,1,0,0
0,5,2,0,1,0,2,1,26,1,0,1,0.76,2,0,5,19,2,0,2,1,7,4,2,5,3,2,1,1,0.571429,0,2,2,1,37,0.985507,1,0,1,1,1,0
8,10,7,0,2,2,0,2,71,4,4,9,0.16,7,1,36,93,3,0,10,3,22,4.473684,0,28,4.631579,1,1,5,1.023256,0,10,10,3,170,0.963875,0.7,0,1,3,2,0
5,8,18,13,1,9,0,2,21,7,1,23,0.05,18,0,37,87,4,0,24,2,10,3.697674,0,20,3.511628,1,1,4,1.058824,0,9,9,1,573,1,1,0,1,1,0,1
1,6,3,3,1,3,0,1,21,4,0,12,0.17,3,0,18,83,1,4,2,2,13,3.473684,0,4,1.526316,1,1,2,0.458333,0,0,0,0,0,0.994253,0,0,1,0,1,0
1,9,4,0,2,0,0,2,15,2,0,2,0.25,4,1,6,0,2,0,2,1,8,5.833333,1,8,4.5,1,1,3,1.444444,0,1,1,1,2,0.988889,1,0,1,1,1,0
0,4,3,0,1,1,0,1,15,2,0,2,0.16,3,0,20,62,1,0,1,2,18,4.85,0,4,2,1,1,1,0.26087,0,2,2,1,0,0.961538,1,0,1,1,1,0
0,5,3,0,1,0,0,1,0,1,0,3,0,3,0,5,60,3,0,2,1,1,1,1,15,3.8,1,1,2,0.857143,0,3,3,2,47,1,0.666667,0,1,2,0,0
0,5,2,0,1,0,0,1,3,1,0,1,0.12,2,0,4,25,3,2,0,1,3,1.5,1,5,2,1,1,1,0.428571,0,4,4,1,55,1,1,0,1,1,0,0
0,6,2,0,1,0,0,2,3,1,0,1,0.09,2,0,4,25,3,6,0,1,7,3,1,6,2.5,1,1,1,0.571429,0,2,2,1,1,1,1,0,1,1,0,0
0,7,4,0,2,0,0,2,3,1,3,1,0.07,4,0,5,19,2,3,0,1,4,2.6,1,6,3.8,1,1,2,1.142857,0,1,1,1,0,1,1,0,1,1,0,0
7,11,12,0,3,0,1,4,48,1,2,3,0.2,12,1,18,73,1,2,5,1,53,7.65,0,10,3.75,1,1,3,1.409091,0,13,13,2,233,0.889881,0.615385,0,2,2,0,0
0,7,6,2,2,6,0,3,16,1,0,0,0.22,6,0,0,90,1,0,7,1,25,8.142857,2,7,3.428571,1,1,2,1.111111,0,16,16,4,228,0.536364,0.6875,0,2,4,0,0
0,9,4,1,2,0,0,2,15,3,0,1,0.13,4,1,11,0,2,2,3,1,14,6.916667,1,9,4.416667,1,1,3,1.125,0,0,0,0,0,1,0,0,1,0,0,0
0,21,14,0,1,0,0,8,18,1,0,0,0.36,14,0,2,0,2,0,3,1,12,7.5,3,18,10,2,1,2,1.6,0,1,1,1,0,1,1,0,1,1,0,0
0,4,2,0,1,0,0,1,18,1,0,0,1.06,2,0,3,0,4,0,1,1,3,1.666667,1,2,1.666667,1,1,1,0.6,0,1,1,1,0,1,1,0,1,1,0,0
0,6,1,0,1,0,0,1,18,1,0,0,0.78,1,0,3,0,3,0,1,1,3,2,1,2,1.333333,1,1,0,0,0,1,1,1,0,1,1,0,1,1,0,0
0,4,1,0,1,0,0,1,18,1,0,0,1.38,1,0,2,0,2,0,1,1,3,2,1,2,1.5,1,1,0,0,0,1,1,1,0,1,1,0,1,1,0,0
0,4,2,0,1,0,0,1,18,1,0,0,0.86,2,0,4,0,3,0,1,1,3,2,1,2,1.5,1,1,1,0.5,0,1,1,1,0,1,1,0,1,1,0,0
0,4,1,0,1,0,0,1,18,1,0,0,1.38,1,0,2,0,2,0,1,1,3,2,1,2,1.5,1,1,0,0,0,1,1,1,0,1,1,0,1,1,0,0
0,8,3,0,1,0,0,2,19,1,0,0,0.49,3,0,4,0,3,1,1,1,4,2.5,1,3,1.75,1,1,1,0.5,0,1,1,1,0,1,1,0,1,1,0,0
0,7,3,0,1,0,0,2,18,1,0,0,0.53,3,0,4,0,3,0,1,1,3,2.25,1,3,1.75,1,1,1,0.5,0,1,1,1,0,1,1,0,1,1,0,0
0,5,2,0,1,0,0,1,19,1,0,0,0.7,2,0,4,0,3,0,1,1,3,2,1,3,1.75,1,1,1,0.5,0,2,2,2,1,0.980769,0.5,0,1,2,1,0
0,5,2,0,1,0,0,1,18,1,0,0,0.67,2,0,4,0,3,0,1,1,3,2,1,2,1.5,1,1,1,0.5,0,1,1,1,0,1,1,0,1,1,0,0
1,7,3,0,1,0,0,2,19,1,0,0,0.54,3,0,4,0,2,7,1,1,10,3.75,1,4,2.5,2,1,1,0.666667,0,1,1,1,0,1,1,0,1,1,0,0
0,3,1,0,1,0,0,1,18,1,0,0,1.29,1,0,3,0,2,0,1,1,2,0.666667,0,2,1.333333,1,1,0,0,0,1,1,1,0,1,1,0,1,1,0,0
0,4,2,0,1,0,0,1,18,1,0,0,0.78,2,0,4,0,3,0,1,1,3,2,1,2,1.5,1,1,1,0.5,0,1,1,1,0,1,1,0,1,1,0,0
0,3,2,0,1,2,0,1,18,1,0,0,0.78,2,0,4,62,2,0,3,1,3,2,1,2,1.75,1,1,0,0,0,1,1,1,0,1,1,0,1,1,0,0
0,9,4,0,2,0,0,3,15,2,0,3,0.27,4,1,5,0,2,0,2,1,10,7,1,13,5.4,1,1,3,1.625,0,0,0,0,0,0.987952,0,0,1,0,1,0
2,10,6,0,2,0,0,2,19,3,0,4,0.18,6,1,9,75,2,0,3,1,10,5.555556,0,8,4.666667,1,1,4,1.461538,0,5,5,2,14,0.575342,0.6,0,2,2,0,0
0,4,1,0,1,0,0,1,0,1,0,0,0,1,0,0,0,1,0,0,1,250,125.5,1,1,1,1,1,0,0,0,1,1,1,0,1,1,0,1,1,0,0
4,5,4,5,1,0,0,2,47,11,5,17,0.09,4,0,77,82,2,12,26,2,62,4.303797,0,10,3.455696,1,1,4,0.684783,0,14,14,1,272,1,1,0,1,1,0,3
0,7,2,0,1,1,0,2,28,1,0,2,2.15,2,0,1,33,1,0,2,1,4,4,4,3,3,3,2,1,1,1,4,4,1,185,1,1,0,1,1,0,1
0,1,1,0,1,0,0,1,0,1,0,0,0,1,0,1,0,3,2,2,1,1,1,1,1,1,1,1,0,0,0,1,1,1,0,1,1,0,1,1,0,0
0,4,2,0,1,0,0,1,0,1,0,0,0,2,0,3,0,3,0,2,1,3,2.333333,2,3,2.333333,2,1,1,0.6,0,3,3,1,5,1,1,0,1,1,0,1
0,4,2,0,1,0,0,1,9,1,0,0,0.45,2,0,3,0,4,0,4,1,5,4,3,4,3.333333,2,1,1,0.6,0,3,3,1,8,1,1,0,1,1,0,1
0,4,4,0,1,1,0,1,23,4,0,2,0.37,4,0,9,50,5,2,7,1,7,4.2,2,7,3.1,2,1,3,0.666667,0,3,3,1,22,1,1,0,1,1,0,1
0,4,2,0,1,0,0,1,22,1,0,0,1.38,2,0,3,0,3,0,2,1,4,3,2,3,2.333333,2,1,1,0.6,0,3,3,1,5,1,1,0,1,1,0,1
0,4,1,0,1,0,0,1,20,1,0,1,2.22,1,0,1,0,2,7,1,1,9,9,9,3,3,3,1,0,0,0,2,2,1,2,1,1,0,1,1,0,0
0,12,5,0,3,0,0,3,20,1,1,4,0.62,5,0,2,37,3,4,4,1,8,6,4,5,4.5,4,1,4,3,0,4,4,1,3,1,1,0,1,1,0,0
0,4,2,0,1,0,0,1,20,1,0,0,1.11,2,0,3,0,2,0,3,1,3,2.666667,2,3,2.333333,2,1,1,0.6,0,3,3,1,5,1,1,0,1,1,0,1
0,7,4,0,2,0,0,2,20,1,0,0,0.57,4,0,4,0,3,0,6,1,10,5.75,3,8,4,2,1,2,1.333333,0,4,4,1,10,1,1,0,1,1,0,1
1,7,5,0,2,0,0,2,27,6,1,2,0.15,5,0,18,50,6,3,11,1,12,5.619048,2,7,3.761905,2,1,3,1.142857,0,8,8,1,63,1,1,0,1,1,0,1
0,4,2,0,1,0,0,1,22,1,0,0,1.38,2,0,3,0,3,0,2,1,5,4,3,4,2.666667,2,1,1,0.6,0,3,3,1,5,1,1,0,1,1,0,1
1,7,5,0,2,0,0,2,31,6,1,2,0.19,5,0,16,77,6,22,13,1,81,10.473684,2,7,4.052632,2,1,3,1.038462,0,13,13,1,51,1,1,0,1,1,0,1
0,4,2,0,1,0,0,1,7,1,0,0,0.44,2,0,3,0,3,0,2,1,5,4,3,3,2.333333,2,1,1,0.6,0,3,3,1,5,1,1,0,1,1,0,1
0,4,4,0,1,0,1,1,39,3,0,1,0.72,4,0,8,60,5,2,7,1,7,4.444444,2,7,3.222222,2,1,3,0.769231,0,5,5,1,23,1,1,0,1,1,0,2
0,6,3,0,1,0,0,2,26,1,1,2,0.52,3,0,7,57,1,0,1,1,3,2.285714,2,3,1.857143,1,1,1,0.888889,0,0,0,0,0,0.850575,0,0,2,0,0,0
1,4,3,0,1,0,7,2,78,1,0,1,1.7,3,0,7,37,1,2,0,2,5,2.5,1,5,2.5,1,1,1,0.5,0,0,0,0,0,0.882353,0,0,2,0,0,0
0,4,2,0,1,0,1,1,26,1,0,1,1.44,2,0,3,33,2,0,1,1,4,3,2,5,3.333333,2,1,1,0.6,0,0,0,0,0,0.686275,0,0,2,0,0,0
0,4,1,0,1,0,1,1,25,1,1,0,1.39,1,0,3,0,2,0,2,1,2,1.333333,0,5,3.333333,2,1,0,0,0,0,0,0,0,0.74,0,0,2,0,1,0
0,4,1,0,1,0,0,1,20,1,0,1,0.62,1,0,6,33,3,0,0,1,7,2.833333,1,5,3.333333,2,1,0,0,0,1,1,1,1,0.746032,1,0,2,1,1,0
0,4,2,0,1,0,0,1,21,1,0,1,1.24,2,0,3,0,2,0,1,1,8,4,2,3,2,1,1,1,0.6,0,1,1,1,1,1,1,0,1,1,0,0
27,7,21,0,1,8,7,2,5090,18,12,17,1.14,21,0,37,99,2,0,80,2,27,2.475513,0,20,3.462875,0,1,7,0.638037,0,139,139,8,2225,0.447147,0.733813,4,5,4,21,5
5,10,7,0,2,0,1,3,46,2,11,3,0.23,7,0,1,0,1,2,5,1,15,3.882353,1,9,4,1,1,3,1.15,0,14,14,2,55,1,0.928571,0,1,2,0,1
0,6,5,0,2,0,7,2,68,1,1,0,1.51,5,0,0,0,1,0,3,1,5,2,0,4,2.166667,1,1,4,1.5,0,2,2,1,3,0.467213,1,0,4,1,0,0
0,4,2,0,1,0,0,1,21,1,0,1,1.4,2,0,3,0,2,0,0,1,7,3.666667,2,3,1.666667,1,1,1,0.6,0,0,0,0,0,0.52381,0,0,3,0,4,0
0,3,1,0,1,0,0,1,0,1,1,0,0,1,0,2,0,5,9,0,1,1,0.5,0,2,1.5,1,1,1,0.2,0,1,1,1,0,1,1,0,1,1,0,0
0,6,3,0,1,2,0,2,0,1,1,0,0,3,0,1,100,4,2,2,1,55,28,1,1,1,1,1,1,0.75,0,1,1,1,0,1,1,0,1,1,0,0
0,3,1,0,1,0,0,1,7,1,0,0,0.78,1,0,2,0,5,9,0,1,0,0,0,1,1,1,1,0,0,0,1,1,1,0,1,1,0,1,1,0,0
0,7,2,0,1,1,0,1,7,2,0,0,0.16,2,0,7,75,6,0,5,2,5,2.571429,0,5,2.571429,1,1,1,0.3,0,2,2,1,1,1,1,0,1,1,0,0
0,7,2,0,1,3,0,1,7,2,0,0,0.17,2,0,5,83,6,0,5,2,5,2.6,1,6,3,1,1,1,0.375,0,2,2,1,1,1,1,0,1,1,0,1
0,7,2,0,1,1,0,1,7,2,0,0,0.16,2,0,7,75,6,0,5,2,5,2.571429,0,5,2.571429,1,1,1,0.3,0,2,2,1,1,1,1,0,1,1,0,0
0,9,2,0,1,3,0,2,7,2,0,0,0.15,2,0,5,83,6,0,5,2,5,2.6,1,6,3,1,1,1,0.625,0,2,2,1,1,1,1,0,1,1,0,1
0,7,2,0,1,1,0,1,7,2,0,0,0.16,2,0,7,75,6,0,5,2,5,2.571429,0,5,2.571429,1,1,1,0.3,0,2,2,1,1,1,1,0,1,1,0,0
0,7,2,0,1,3,0,1,7,2,0,0,0.17,2,0,5,83,6,0,5,2,5,2.6,1,6,3,1,1,1,0.375,0,2,2,1,1,1,1,0,1,1,0,1
0,7,2,0,1,1,0,1,7,2,0,0,0.16,2,0,7,75,6,0,5,2,5,2.571429,0,5,2.571429,1,1,1,0.3,0,2,2,1,1,1,1,0,1,1,0,0
0,9,2,0,1,3,0,2,7,2,0,0,0.15,2,0,5,83,6,0,5,2,5,2.6,1,6,3,1,1,1,0.625,0,2,2,1,1,1,1,0,1,1,0,1
0,7,2,0,1,1,0,1,7,2,0,0,0.16,2,0,7,75,6,0,5,2,5,2.571429,0,5,2.571429,1,1,1,0.3,0,2,2,1,1,1,1,0,1,1,0,0
0,9,2,0,1,3,0,2,7,2,0,0,0.15,2,0,5,83,6,0,5,2,5,2.6,1,6,3,1,1,1,0.625,0,2,2,1,1,1,1,0,1,1,0,1
0,7,2,0,1,1,0,1,7,2,0,0,0.16,2,0,7,75,6,0,5,2,5,2.571429,0,5,2.571429,1,1,1,0.3,0,2,2,1,1,1,1,0,1,1,0,0
0,9,2,0,1,3,0,2,7,2,0,0,0.15,2,0,5,83,6,0,5,2,5,2.6,1,5,2.6,1,1,1,0.625,0,2,2,1,1,1,1,0,1,1,0,1
0,7,2,0,1,1,0,1,7,2,0,0,0.16,2,0,7,75,6,0,5,2,5,2.571429,0,5,2.571429,1,1,1,0.3,0,2,2,1,1,1,1,0,1,1,0,0
0,9,2,0,1,3,0,2,7,2,0,0,0.15,2,0,5,83,6,0,5,2,5,2.6,1,6,3,1,1,1,0.625,0,2,2,1,1,1,1,0,1,1,0,1
0,5,2,0,1,1,0,1,4,2,0,0,0.11,2,0,6,75,6,0,5,2,5,2.5,0,3,2.166667,1,1,0,0,0,1,1,1,0,1,1,0,1,1,0,0
0,5,2,0,1,3,0,1,4,2,0,0,0.11,2,0,5,83,6,0,5,2,5,2.6,1,3,2.2,1,1,0,0,0,1,1,1,0,1,1,0,1,1,0,0
0,7,2,0,1,1,0,1,7,2,0,0,0.16,2,0,7,75,6,0,5,2,5,2.571429,0,5,2.571429,1,1,1,0.3,0,2,2,1,1,1,1,0,1,1,0,0
0,9,2,0,1,3,0,2,7,2,0,0,0.15,2,0,5,83,6,0,5,2,5,2.6,1,6,3,1,1,1,0.625,0,2,2,1,1,1,1,0,1,1,0,1
0,5,17,0,2,0,0,2,36,14,0,0,0.11,17,0,54,0,6,0,16,1,7,3.290909,0,15,2.690909,1,1,2,0.788732,0,7,7,1,299,1,1,0,1,1,0,0
0,3,1,0,1,2,0,1,75,2,1,1,2.27,1,0,5,62,5,64,3,1,69,14.6,1,4,2,1,1,0,0,0,5,5,1,13,1,1,0,1,1,0,0
0,5,21,0,2,0,0,2,38,18,0,0,0.09,21,0,70,0,6,0,20,1,7,3.295775,0,18,2.690141,1,1,2,0.777778,0,8,8,2,328,1,0.875,0,1,2,0,0
0,5,21,0,2,0,0,2,25,18,0,0,0.06,21,0,70,0,6,0,20,1,7,3.28169,0,18,2.690141,1,1,2,0.777778,0,8,8,2,317,1,0.875,0,1,2,0,0
0,5,21,0,2,0,0,2,38,18,0,0,0.09,21,0,69,0,6,0,19,2,7,3.242857,0,17,2.685714,1,1,2,0.741573,0,8,8,2,341,1,0.875,0,1,2,0,0
0,3,1,0,1,0,0,1,20,1,0,0,0.95,1,0,4,0,2,0,0,1,3,2.25,1,2,1.75,1,1,0,0,0,0,0,0,0,1,0,0,1,0,0,0
0,0,0,0,0,0,0,0,23,1,0,0,11.5,0,0,0,0,0,0,0,0,0,0,0,0,0,0,0,0,0,0,0,0,0,0,0.961538,0,0,1,0,1,0
4,7,6,0,1,2,1,2,45,5,1,6,0.27,6,0,13,50,6,0,9,2,20,4.052632,0,13,3.789474,1,1,4,1.04,0,4,4,3,163,0.57438,0.5,0,4,3,0,1
0,3,1,0,1,0,11,1,46,1,0,1,4.18,1,0,2,0,3,0,0,1,2,1.5,1,3,2,1,1,0,0,0,0,0,0,0,0.796875,0,0,2,0,0,0
0,10,16,2,2,5,2,3,148,3,1,0,0.24,16,0,2,91,1,0,28,2,332,12.509091,0,19,4.436364,1,1,3,0.932203,0,15,15,3,122,0.262651,0.4,0,4,3,6,0
0,3,2,0,1,0,0,1,21,1,0,0,1.4,2,0,3,0,3,0,0,1,11,4,0,3,2.666667,2,1,0,0,0,0,0,0,0,0.452381,0,0,4,0,0,0
0,3,1,0,1,0,0,1,22,1,1,2,0.88,1,0,5,60,3,0,2,1,6,3.2,1,2,1.4,1,1,0,0,0,0,0,0,0,0.666667,0,0,2,0,2,0
12,10,29,3,2,6,0,3,68,10,1,9,0.13,26,0,49,91,2,7,21,2,15,3.16,0,25,3.28,0,1,5,1.048387,0,13,13,3,55,0.616667,0.769231,0,3,3,0,0
0,3,1,0,1,0,0,1,28,1,0,3,0.68,1,0,8,70,3,0,3,2,8,2.375,0,7,2.5,1,1,0,0,0,1,1,1,8,0.662651,1,0,2,1,2,1
0,3,1,0,1,0,1,1,33,1,0,3,0.87,1,0,7,66,3,0,3,2,4,1.857143,0,7,2.285714,1,1,0,0,0,1,1,1,7,0.670732,1,0,2,1,2,0
4,7,9,1,1,4,5,2,562,9,11,19,1,9,0,68,89,2,2,7,4,12,2.956522,0,9,3.101449,1,1,5,0.886076,0,0,0,0,0,0.99922,0,0,1,0,1,0
3,11,9,3,2,5,6,3,301,6,6,12,0.89,9,1,26,81,2,2,5,2,12,5.666667,0,11,4,1,1,5,1.264706,0,0,0,0,0,0.990691,0,0,1,0,3,0
3,11,10,0,1,4,2,3,67,1,0,5,0.33,10,1,15,86,1,0,19,2,9,3,1,17,4.8125,1,1,5,1.5,0,15,15,3,480,0.462295,0.733333,0,6,3,3,1
8,10,15,3,2,3,0,3,31,6,0,27,0.07,15,0,39,91,1,1,16,2,20,4.3,0,13,3.15,1,1,5,1.255319,0,14,14,2,62,0.983051,0.5,0,1,2,1,0
0,4,1,0,1,0,0,1,21,1,0,0,1.62,1,0,0,0,1,0,0,1,3,2.5,2,2,2,2,1,0,0,0,0,0,0,0,0.631579,0,0,2,0,1,0
2,12,4,0,1,0,1,2,30,1,0,3,0.52,4,0,4,50,3,0,5,1,5,4,2,13,6.25,2,1,2,1.333333,0,1,1,1,11,0.787879,1,0,2,1,0,0
0,3,1,0,1,0,0,1,15,1,0,0,1.25,1,0,3,0,4,1,0,1,7,3.333333,0,2,1.666667,1,1,0,0,0,0,0,0,0,1,0,0,1,0,0,0
0,3,1,0,1,0,0,1,20,1,0,1,1.67,1,0,2,0,5,0,0,1,6,3.5,1,3,2,1,1,0,0,0,2,2,1,0,1,1,0,1,1,0,0
0,3,1,0,1,0,0,1,15,1,0,0,1.5,1,0,2,0,4,0,0,1,3,1.5,0,2,1.5,1,1,0,0,0,0,0,0,0,1,0,0,1,0,0,0
0,4,1,0,1,0,0,1,27,1,0,0,1.29,1,0,4,0,5,1,1,1,6,3.25,1,3,1.75,1,1,0,0,0,0,0,0,0,0.785714,0,0,2,0,1,0
0,5,2,0,1,1,0,1,18,1,0,1,0.62,2,0,4,62,4,2,2,1,6,2.75,0,6,2.75,1,1,1,0.5,0,2,2,1,8,1,1,0,1,1,0,0
0,4,1,0,1,0,0,1,25,1,0,0,1.19,1,0,4,0,5,0,1,1,3,1.75,0,3,1.75,1,1,0,0,0,0,0,0,0,0.45283,0,0,3,0,1,0
0,4,4,0,1,0,0,1,15,1,1,1,0.36,4,0,8,0,3,1,3,1,8,2.125,1,4,2.375,1,1,1,0.3,0,2,2,1,10,0.455882,1,0,4,1,2,0
0,10,8,1,1,1,5,3,64,1,2,3,0.9,8,0,5,70,2,0,1,1,5,2.666667,1,6,3.666667,2,1,3,1.5,0,0,0,0,0,0.691781,0,0,2,0,3,0
0,6,3,0,1,0,0,2,22,1,0,1,0.85,3,0,3,0,2,0,1,1,6,3.333333,2,4,2.333333,1,1,1,0.8,0,0,0,0,0,0.526316,0,0,4,0,3,0
5,4,2,0,1,3,1,1,77,3,0,9,0.59,2,0,21,84,3,0,5,1,5,2.333333,1,9,2.958333,1,1,1,0.178571,0,2,2,1,17,0.503968,1,0,3,1,1,0
0,3,1,0,1,0,0,1,21,1,0,1,0.81,1,0,6,0,3,2,1,1,3,1.333333,1,6,2.666667,2,1,0,0,0,2,2,1,6,0.45614,1,0,3,1,2,0
6,17,21,0,3,9,3,6,152,1,4,0,0.24,21,0,0,97,1,0,11,1,19,5.181818,1,23,4.636364,1,1,4,2.028571,0,22,22,3,292,0.301321,0.545455,0,4,3,2,2
0,8,6,0,1,0,0,2,22,3,1,1,0.44,6,0,6,25,3,0,1,2,8,2.333333,0,10,3.666667,1,1,2,0.7,0,1,1,1,4,0.388235,1,0,4,1,1,0
0,6,7,0,2,0,0,2,28,1,1,4,0.33,7,0,11,65,1,3,1,1,6,2.909091,1,4,2.818182,1,1,2,0.923077,0,0,0,0,0,0.717557,0,0,4,0,2,0
1,2,1,0,1,1,5,1,80,1,0,0,1.78,1,0,12,92,2,0,1,1,9,1.153846,0,3,1.153846,0,1,0,0,0,2,2,2,4,0.829787,0.5,0,3,2,1,0
0,12,3,0,1,0,9,3,32,1,0,0,2,3,0,0,0,1,0,1,1,4,4,4,5,5,5,3,2,2,2,0,0,0,0,0.981132,0,0,1,0,1,0
0,3,1,0,1,0,0,1,21,1,1,0,1.91,1,0,2,0,1,1,3,1,3,3,3,5,3.5,2,1,0,0,0,2,2,1,2,0.513514,1,0,3,1,1,0
0,3,1,0,1,1,0,1,19,1,0,0,1.73,1,0,0,0,1,0,0,1,5,3.5,2,2,1.5,1,1,0,0,0,0,0,0,0,0.485714,0,0,3,0,0,0
0,3,1,0,1,0,3,1,22,1,0,1,1.16,1,0,4,0,1,0,0,2,5,2,1,4,2.25,1,1,0,0,0,2,2,2,0,1,0.5,0,1,2,0,0
2,5,9,0,1,4,0,2,124,1,0,0,0.25,9,0,0,96,1,0,24,1,16,3.857143,1,10,3.241758,1,1,3,0.473118,0,19,19,4,404,0.395257,0.421053,0,4,4,6,2
0,3,1,0,1,0,0,1,21,1,0,2,1.24,1,0,3,0,3,0,2,1,3,2.333333,2,3,2.666667,2,1,0,0,0,0,0,0,0,0.704545,0,0,2,0,0,0
0,5,2,0,1,0,0,1,21,1,0,2,0.78,2,0,4,37,1,0,1,2,4,2.25,0,4,2.5,1,1,1,0.5,0,0,0,0,0,0.928571,0,0,2,0,0,0
0,8,4,0,1,3,3,2,51,1,0,1,0.57,4,0,0,92,1,0,0,1,7,2.857143,1,10,3.857143,1,1,3,1.555556,0,0,0,0,0,0.980645,0,0,1,0,2,0
0,3,3,0,1,0,4,1,57,1,0,1,1.68,3,0,8,25,2,0,0,1,5,2,0,2,1.125,0,1,1,0.3,0,0,0,0,0,0.872549,0,0,2,0,0,0
0,4,2,0,1,0,0,1,24,1,0,0,0.23,2,0,0,0,1,0,4,1,9,2,1,12,3.217391,2,1,0,0,0,0,0,0,0,0.566038,0,0,3,0,0,0
2,4,4,0,1,2,1,1,31,1,2,0,0.72,4,0,9,94,2,0,0,1,7,2.111111,0,6,3.222222,1,1,4,0.833333,0,2,2,1,5,0.647727,1,0,4,1,1,0
1,2,1,0,1,1,0,1,20,1,8,0,0.45,1,0,14,100,2,0,1,1,3,1.714286,0,3,2.785714,1,1,0,0,0,2,2,1,5,0.4625,1,0,6,1,1,0
2,21,2,2,1,1,2,1,30,3,0,1,0.29,2,4,2,0,2,1,1,1,5,3.25,2,4,2.25,1,1,1,0.375,0,0,0,0,0,0.775,0,0,3,0,0,0
3,17,45,0,4,2,1,5,61,1,0,0,0.09,45,0,0,100,1,0,11,1,32,5.35,1,49,6.375,1,1,4,1.428571,0,18,18,3,99,0.764347,0.666667,0,2,3,4,0
1,2,1,0,1,1,0,1,20,1,3,0,0.69,1,0,9,100,2,0,0,1,2,1.555556,0,3,2.111111,1,1,0,0,0,2,2,1,5,0.57377,1,0,3,1,3,0
1,6,2,0,1,0,0,1,15,1,0,0,0.71,2,0,2,0,2,0,0,1,6,4,3,3,2,1,1,1,0.6,0,0,0,0,0,0.707317,0,0,2,0,0,0
1,3,3,0,1,1,0,1,20,1,11,0,0.36,3,0,17,100,2,0,1,1,3,1.764706,0,4,2.823529,1,1,0,0,0,3,3,2,19,0.404255,0.666667,0,6,2,1,0
1,3,3,0,1,1,0,1,20,1,12,0,0.34,3,0,18,100,2,0,1,1,3,1.777778,0,3,2,1,1,0,0,0,2,2,1,5,0.428571,1,0,5,1,2,0
1,3,5,0,1,0,0,1,74,1,11,0,0.51,5,0,16,0,1,5,5,1,19,4,1,7,2.55,1,1,1,0.166667,0,3,3,2,19,0.554688,0.666667,0,3,2,4,0
274,5,97,0,1,1,0,2,0,1,0,73,0,97,0,3,98,1,0,5,1,6,3.499086,1,73,2.636197,2,1,2,0.510018,0,1,1,1,0,1,1,0,1,1,0,0
0,3,2,0,1,0,0,2,19,1,0,0,3.17,2,0,1,0,3,0,0,1,2,2,2,2,2,2,1,0,0,0,0,0,0,0,0.964286,0,0,1,0,1,0
0,3,1,0,1,0,0,1,19,1,0,0,3.17,1,0,1,0,3,0,0,1,2,2,2,2,2,2,1,0,0,0,0,0,0,0,0.965517,0,0,1,0,1,0
0,3,1,0,1,0,0,1,19,1,0,0,3.17,1,0,1,0,3,0,0,1,2,2,2,2,2,2,1,0,0,0,0,0,0,0,0.964286,0,0,1,0,1,0
0,3,1,0,1,0,0,1,19,1,0,0,3.17,1,0,1,0,3,0,0,1,2,2,2,2,2,2,1,0,0,0,0,0,0,0,0.964286,0,0,1,0,1,0
0,3,1,0,1,0,0,1,19,1,0,0,3.17,1,0,1,0,3,0,0,1,2,2,2,2,2,2,1,0,0,0,0,0,0,0,0.964286,0,0,1,0,1,0
0,3,1,0,1,0,0,1,34,1,2,1,1.1,1,0,8,0,2,0,1,1,3,2,1,3,1.625,1,1,0,0,0,0,0,0,0,0.987179,0,0,1,0,1,0
0,3,1,0,1,0,0,1,19,1,0,0,3.17,1,0,1,0,3,0,0,1,2,2,2,3,3,3,1,0,0,0,1,1,1,1,0.931034,1,0,1,1,2,0
0,3,1,0,1,0,0,1,19,1,0,0,3.17,1,0,1,0,3,0,0,1,2,2,2,2,2,2,1,0,0,0,0,0,0,0,0.964286,0,0,1,0,1,0
0,3,1,0,1,0,1,1,42,1,2,2,1.35,1,0,8,31,2,8,2,1,11,3.375,1,3,1.5,1,1,0,0,0,0,0,0,0,0.931818,0,0,2,0,1,0
0,3,1,0,1,0,0,1,19,1,0,0,3.17,1,0,1,0,3,0,0,1,2,2,2,2,2,2,1,0,0,0,0,0,0,0,0.965517,0,0,1,0,1,0
0,2,1,0,1,0,0,1,247,1,2,2,13,1,0,6,75,1,2,1,2,6,2.166667,0,2,1.166667,1,1,0,0,0,0,0,0,0,0.809353,0,0,2,0,1,0
0,8,3,0,1,0,0,2,21,1,0,1,0.64,3,0,3,33,2,0,1,2,4,2.666667,2,5,3.333333,2,1,2,1.2,0,0,0,0,0,0.888889,0,0,2,0,0,0
0,4,2,0,1,1,0,1,180,1,7,8,2.09,2,0,15,84,1,1,3,1,8,3.5,1,4,2,1,1,3,0.526316,0,0,0,0,0,0.75625,0,0,3,0,1,0
0,6,10,5,1,0,3,2,171,1,1,0,0.73,10,0,34,0,1,2,4,1,10,2.617647,0,15,2.794118,1,1,3,0.527778,0,0,0,0,0,0.97084,0,0,1,0,3,0
0,21,14,0,3,8,9,4,81,1,0,0,0.57,9,5,0,83,1,0,0,1,7,3.666667,1,12,4,1,1,2,1.25,0,1,1,1,2,0.949153,1,0,1,1,2,0
0,3,1,0,1,0,0,1,15,1,0,0,1.67,1,0,2,0,5,1,1,1,6,4,2,2,2,2,1,0,0,0,0,0,0,0,0.571429,0,0,2,0,0,0
0,4,2,0,1,0,0,1,18,1,0,1,0.67,2,0,5,19,3,0,0,1,2,1.2,0,4,2.6,1,1,1,0.428571,0,0,0,0,0,0.428571,0,0,3,0,1,0
1,6,5,0,1,1,3,2,87,1,0,2,0.86,5,1,12,76,2,0,3,1,5,2,0,5,2.461538,1,1,2,0.666667,0,0,0,0,0,0.943609,0,0,1,0,3,0
0,3,1,0,1,0,0,1,22,1,0,0,2,1,0,2,0,3,1,2,1,10,5,0,5,4.5,4,1,0,0,0,0,0,0,0,0.45,0,0,3,0,1,0
0,3,1,0,1,0,1,1,39,1,0,3,1.03,1,0,9,62,3,1,0,1,14,3.888889,0,4,2,1,1,0,0,0,0,0,0,0,0.725275,0,0,3,0,2,0
1,4,2,0,1,2,3,1,138,1,0,5,1.01,2,0,18,90,2,0,3,1,17,4.115385,0,6,2.076923,1,1,1,0.142857,0,0,0,0,0,0.51145,0,0,2,0,5,0
2,4,2,0,1,0,0,2,17,1,0,0,0.71,2,0,3,0,4,2,1,1,5,2.6,0,4,2.4,2,1,0,0,0,0,0,0,0,0.68,0,0,2,0,0,0
0,3,1,0,1,0,0,1,15,1,0,2,0.94,1,0,3,33,5,0,2,1,2,1.333333,1,5,2.333333,1,1,0,0,0,0,0,0,0,0.5,0,0,3,0,0,0
3,45,195,0,8,216,4,5,336,1,0,3,0.34,35,9,0,90,1,0,2,1,158,22.538462,2,5,2.615385,1,1,3,1.4,0,1,1,1,4,0.931992,1,0,1,1,6,0
0,5,1,0,1,1,3,1,43,1,0,1,1.02,1,0,6,50,1,0,5,1,3,2,0,6,3.166667,2,1,5,0.555556,0,0,0,0,0,0.678261,0,0,3,0,4,0
0,81,15,0,3,1,3,9,6,1,1,0,0.03,15,7,0,0,1,0,7,2,28,18,8,32,20,8,3,4,3.5,2,6,6,2,227,1,0.666667,0,1,2,0,0
0,8,5,0,1,0,3,2,69,1,8,3,0.61,5,0,12,69,1,0,3,1,8,3.5,1,5,2.666667,1,1,2,0.642857,0,0,0,0,0,0.863248,0,0,3,0,0,0
1,20,18,0,1,0,1,4,35,1,0,1,0.17,18,3,3,66,1,0,6,1,4,2.555556,1,41,7.333333,1,1,5,1.818182,0,6,6,4,24,0.322917,0.333333,0,7,4,2,0
0,4,1,0,1,1,0,1,15,1,0,2,0.71,1,0,3,55,1,0,0,1,3,2.333333,2,3,1.666667,1,1,0,0,0,0,0,0,0,0.627907,0,0,2,0,0,0
0,3,1,0,1,0,0,1,15,1,0,1,0.83,1,0,3,0,1,0,1,2,2,1.333333,1,4,3,2,1,4,0.666667,0,0,0,0,0,0.947368,0,0,2,0,0,0
0,4,1,0,1,0,0,1,15,1,0,0,1.07,1,0,2,0,1,0,1,2,2,1.5,1,3,2,1,1,0,0,0,0,0,0,0,0.84375,0,0,3,0,0,0
0,3,1,0,1,1,0,1,15,1,0,1,0.83,1,0,3,33,1,0,1,2,3,1.666667,0,2,2,2,1,0,0,0,0,0,0,0,0.945946,0,0,2,0,0,0
0,9,3,6,1,0,0,2,50,1,0,9,0.5,3,1,8,69,1,0,8,1,7,4.5,1,12,5.5,2,1,2,1,0,0,0,0,0,0.982143,0,0,1,0,2,0
0,5,2,2,1,0,0,2,22,1,0,2,0.39,2,0,8,56,1,0,6,1,18,7.375,2,5,2.875,2,1,1,0.6,0,2,2,2,12,0.866667,0.5,0,2,2,1,0
0,7,2,0,1,1,0,2,25,1,0,3,0.4,2,0,7,39,1,0,7,1,7,5.142857,3,8,5.571429,2,1,1,0.666667,0,0,0,0,0,0.909091,0,0,2,0,1,0
4,11,4,0,1,1,1,2,32,1,0,4,0.27,4,1,8,72,1,0,14,1,6,4.125,3,13,7,2,1,2,0.7,0,2,2,2,20,0.920455,0.5,0,2,2,1,0
0,3,1,0,1,0,0,1,16,1,0,2,0.57,1,0,6,33,1,0,0,2,15,6.166667,2,3,1.833333,1,1,0,0,0,0,0,0,0,0.960784,0,0,1,0,1,0
0,1,1,2,1,0,0,1,15,1,0,0,3,1,0,2,0,0,2,0,0,3,2.5,2,0,0,0,1,0,0,0,0,0,0,0,0.904762,0,0,2,0,0,0
0,1,1,1,1,0,0,1,15,1,0,0,2.5,1,0,1,0,0,2,0,0,3,3,3,1,1,1,1,0,0,0,0,0,0,0,0.913043,0,0,2,0,0,0
0,3,10,1,1,0,1,1,73,1,0,7,0.54,10,0,40,92,3,0,7,2,7,1.025,0,16,1.95,1,1,3,0.238095,0,10,10,3,46,0.946078,0.6,0,1,3,2,0
9,12,12,0,1,1,1,3,59,1,0,10,0.21,5,1,21,86,2,0,13,1,16,5.428571,1,17,6.47619,1,1,3,1.73913,0,16,16,3,137,0.979275,0.5625,0,1,3,2,0
0,3,1,0,1,0,0,1,15,1,0,0,2.5,1,0,1,0,5,0,0,2,3,3,3,2,2,2,1,0,0,0,0,0,0,0,0.916667,0,0,2,0,0,0
0,4,8,0,1,0,0,1,48,1,0,8,0.39,8,0,25,90,1,3,2,2,8,1.8,0,14,2.6,1,1,4,0.62963,0,8,8,3,49,0.628571,0.5,0,2,3,1,0
0,1,1,0,1,0,0,1,26,1,0,1,1,1,0,11,72,4,2,3,2,4,0.909091,0,3,1.454545,1,1,0,0,0,2,2,2,2,0.849057,0.5,0,2,2,1,0
0,1,1,0,1,0,0,1,20,1,0,1,1.11,1,0,7,71,4,0,2,2,2,0.714286,0,2,1.142857,1,1,0,0,0,2,2,2,2,0.945946,0.5,0,2,2,0,0
0,2,1,0,1,0,0,1,16,1,0,0,1.23,1,0,3,0,3,2,0,2,4,2,0,2,1.666667,1,1,0,0,0,2,2,2,2,0.7,0.5,0,3,2,0,0
0,2,3,0,1,0,0,1,22,1,0,1,0.73,3,0,10,70,5,0,3,2,4,0.9,0,2,1.2,1,1,2,0.5,0,5,5,3,6,0.821429,0.6,0,2,3,1,0
0,3,2,0,1,1,1,1,27,1,0,1,0.52,2,0,12,75,2,0,2,2,3,0.75,0,6,2.75,1,1,1,0.285714,0,0,0,0,0,0.960526,0,0,1,0,2,0
0,3,2,0,1,0,0,1,17,1,0,3,0.59,2,0,7,61,1,0,1,2,3,1.714286,1,2,1.285714,1,1,1,0.333333,0,2,2,1,12,0.962264,1,0,1,1,1,0
0,2,1,0,1,0,0,1,24,1,0,3,0.6,1,0,16,87,2,2,2,2,4,0.875,0,2,1.125,1,1,0,0,0,5,5,3,10,0.876923,0.4,0,2,3,1,0
0,4,4,0,1,0,0,1,27,1,0,2,0.35,4,0,14,64,2,0,3,2,4,1.428571,0,10,3.142857,0,1,3,0.75,0,3,3,1,9,0.982301,1,0,1,1,1,0
0,1,1,0,1,0,0,1,26,1,0,1,1.53,1,0,8,62,1,0,1,2,3,0.625,0,2,1.125,1,1,0,0,0,2,2,1,4,0.952381,1,0,1,1,1,0
2,18,22,1,2,0,1,5,24,1,0,0,0.25,22,0,0,0,1,0,2,1,11,3.4,0,15,4.6,2,1,3,1.428571,0,2,2,1,126,0.896296,1,0,2,1,1,0
1,8,3,0,1,0,0,2,24,3,0,4,0.24,3,0,11,75,3,0,10,2,6,2.909091,1,13,4.818182,1,1,5,1.5,0,4,4,2,283,1,0.75,0,1,2,0,0
0,2,1,0,1,0,0,1,17,1,2,0,1.21,1,0,3,0,5,0,3,1,3,1,0,2,0.666667,0,1,0,0,0,2,2,2,74,1,0.5,0,1,2,0,0
0,3,1,0,1,0,0,1,15,1,0,0,2.14,1,0,1,0,1,0,3,2,1,1,1,2,2,2,1,0,0,0,2,2,2,50,1,0.5,0,1,2,0,0
3,24,12,0,2,0,1,6,24,1,0,1,0.17,12,2,5,60,1,0,8,2,6,4,2,18,10.8,2,1,5,2.714286,0,7,7,3,397,0.857895,0.428571,0,2,3,0,2
0,1,1,1,1,0,0,1,18,1,0,0,3,1,0,1,0,0,1,1,0,1,1,1,0,0,0,1,0,0,0,2,2,2,56,1,0.5,0,1,2,0,0
0,1,1,1,1,0,0,1,15,1,0,0,3,1,0,1,0,0,1,2,0,1,1,1,1,1,1,1,0,0,0,2,2,2,46,1,0.5,0,1,2,0,0
2,7,3,0,1,0,0,2,35,3,0,2,0.42,3,1,8,40,3,0,8,1,5,3,2,8,4,2,1,2,1.25,0,0,0,0,0,1,0,0,1,0,0,0
23,15,12,0,1,0,0,4,30,2,2,4,0.06,12,2,31,91,1,0,21,2,12,4.354839,0,23,6.516129,0,1,4,1.676471,0,18,18,4,1376,0.948718,0.777778,0,1,4,2,1
6,9,10,0,2,6,3,3,116,1,0,3,0.69,10,1,15,88,1,0,1,1,6,3.066667,1,8,3.666667,1,1,3,1.294118,0,6,6,3,68,0.575,0.5,0,3,3,3,0
3,5,6,0,1,0,2,2,86,1,2,1,1.51,6,0,8,77,2,0,1,1,4,2.222222,1,7,3.111111,1,1,1,0.636364,0,2,2,1,2,0.493671,1,0,3,1,1,0
1,4,5,0,1,4,3,1,69,2,0,7,0.77,5,0,12,81,1,0,3,1,7,2.307692,1,8,2.076923,1,1,1,0.235294,0,0,0,0,0,1,0,0,1,0,0,0
2,5,4,0,1,39,0,1,64,7,0,8,0.24,4,0,21,97,3,0,3,1,8,2.655172,1,8,3.034483,1,1,3,0.631579,0,1,1,1,1,0.995249,1,0,1,1,1,0
2,5,6,0,1,4,0,2,28,1,0,1,0.37,6,0,10,81,1,0,6,1,16,3.5,0,9,2.333333,1,1,2,0.571429,0,0,0,0,0,0.992424,0,0,1,0,1,0
3,6,4,0,1,0,1,2,39,1,0,2,0.53,4,1,9,85,2,1,0,1,15,3.9,1,3,2.4,1,1,3,1,0,0,0,0,0,1,0,0,1,0,0,0
0,3,2,0,1,0,0,1,31,1,0,1,1.48,2,0,4,50,2,0,0,1,2,1,0,3,1.5,0,1,1,0.5,0,0,0,0,0,1,0,0,1,0,0,0
0,4,4,0,1,4,0,1,21,2,0,1,0.38,4,0,1,83,1,0,3,2,4,2.428571,1,7,2.285714,1,1,2,0.6,0,0,0,0,0,1,0,0,1,0,0,0
0,8,8,0,1,0,0,3,28,1,0,0,0.47,8,3,6,0,2,0,1,1,3,1.666667,1,14,4.666667,1,1,3,1.25,0,0,0,0,0,1,0,0,1,0,0,0
3,11,5,0,3,3,2,4,10,1,0,0,0.2,5,0,0,66,1,0,0,1,6,3.75,1,7,4.25,3,3,2,2,2,0,0,0,0,0.985075,0,0,1,0,1,0
0,6,2,0,1,1,3,2,24,1,0,0,1.33,2,0,0,50,1,0,0,1,3,2.5,2,3,2,1,1,1,0.75,0,0,0,0,0,0.692308,0,0,2,0,0,0
7,10,9,0,1,0,0,3,26,1,16,4,0.08,9,0,25,85,1,0,1,1,11,4.296296,2,24,5,1,1,3,1.2,0,0,0,0,0,0.555851,0,0,2,0,1,0
0,1,1,0,1,0,6,1,26,1,0,0,4.33,1,0,1,0,0,3,2,0,2,2,2,0,0,0,1,4,1,0,1,1,1,0,1,1,0,1,1,0,0
0,14,9,0,2,0,1,3,32,1,1,2,0.47,9,0,4,37,3,0,10,1,4,2.5,1,15,5,1,1,4,2,0,2,2,1,23,1,1,0,1,1,0,0
1,14,10,0,2,0,2,3,59,4,1,4,0.42,10,0,7,66,3,0,14,2,7,3.333333,1,22,5.777778,1,1,3,0.857143,0,3,3,1,106,0.921296,1,0,2,1,1,0
0,1,1,1,1,0,0,1,34,1,0,0,3.09,1,0,1,0,0,0,1,0,3,3,3,1,1,1,1,0,0,0,2,2,1,4,1,1,0,1,1,0,0
0,1,1,1,1,0,0,1,14,1,0,0,1.4,1,0,1,0,0,0,0,0,1,1,1,1,1,1,1,0,0,0,1,1,1,0,0.962963,1,0,1,1,1,0
4,7,5,0,1,1,0,2,24,1,0,0,0.35,5,0,8,87,1,0,6,2,5,2.5,0,19,4,0,1,2,1,0,8,8,2,26,1,0.75,0,1,2,0,0
22,10,9,0,1,1,0,3,21,1,0,0,0.07,7,0,26,96,1,0,16,2,19,4.192308,1,25,5.769231,1,1,5,1.068966,0,14,14,2,100,0.997059,0.642857,0,1,2,1,1
0,22,7,2,4,0,9,5,39,1,0,0,0.74,7,0,0,0,1,0,3,1,5,3,1,8,6,4,3,5,4.25,2,3,3,2,1,1,0.666667,0,1,2,0,0
0,6,4,0,2,1,7,2,73,1,0,0,1.35,4,0,0,71,2,0,4,1,5,3,1,10,4.714286,1,1,2,0.888889,0,7,7,2,18,0.856115,0.571429,0,2,2,0,0
0,16,6,2,3,0,9,4,39,1,0,0,0.97,6,0,0,0,1,0,3,1,5,3,1,4,4,4,2,4,3.25,1,3,3,2,2,1,0.666667,0,1,2,0,0
0,1,1,2,1,0,0,1,21,1,0,0,2.33,1,0,4,0,0,2,3,0,1,1,1,1,0.25,0,1,0,0,0,8,8,2,9,1,0.75,0,1,2,0,0
0,3,1,0,1,3,0,1,21,1,0,0,1.11,1,0,0,66,1,0,2,1,5,5,5,1,1,1,1,0,0,0,2,2,1,6,1,1,0,1,1,0,0
0,26,6,0,1,0,9,6,9,0,0,0,0.35,6,8,0,0,0,0,0,0,2,2,2,13,13,13,16,1,1,1,0,0,0,0,1,0,0,1,0,0,0
2,14,6,0,1,0,1,3,9,1,0,1,0.12,6,1,4,75,1,0,2,2,5,3.25,2,7,4.75,2,1,5,3,0,0,0,0,0,1,0,0,1,0,0,0
0,6,10,0,1,0,3,2,132,1,5,9,0.64,10,0,30,86,2,0,0,1,9,1.833333,0,12,2.566667,1,1,3,0.625,0,0,0,0,0,1,0,0,1,0,0,0
0,1,1,2,1,0,0,1,1,1,0,0,0.2,1,0,2,0,0,1,0,0,0,0,0,1,0.5,0,1,0,0,0,0,0,0,0,1,0,0,1,0,0,0
0,10,1,0,1,0,0,1,27,21,0,0,0.12,1,1,24,0,2,0,9,2,1,0.333333,0,12,4.416667,1,1,0,0,0,0,0,0,0,0.896907,0,0,2,0,0,0
0,3,1,0,1,0,0,1,19,1,0,2,1.36,1,0,3,66,1,1,0,1,3,1.333333,0,1,1,1,1,1,0.166667,0,0,0,0,0,0.595238,0,0,2,0,0,0
0,3,1,0,1,0,0,1,19,3,0,2,0.83,1,0,5,66,1,1,1,2,3,1.6,0,1,1,1,1,0,0,0,0,0,0,0,0.56,0,0,2,0,0,0
0,3,1,0,1,0,0,1,19,1,0,1,0.86,1,0,5,0,2,1,3,2,5,3.6,1,2,1.4,1,1,0,0,0,0,0,0,0,0.653846,0,0,2,0,0,0
0,3,1,0,1,0,0,1,19,3,0,2,0.79,1,0,5,66,2,1,1,2,3,1.6,0,1,1,1,1,0,0,0,0,0,0,0,0.596154,0,0,2,0,0,0
0,4,2,0,1,0,0,1,19,1,0,1,0.61,2,0,5,0,2,1,3,3,5,3.6,1,3,1.8,1,1,1,0.571429,0,0,0,0,0,0.590164,0,0,2,0,0,0
0,3,1,0,1,0,0,1,19,1,0,2,1.27,1,0,3,66,2,1,0,1,3,2.666667,2,1,1,1,1,0,0,0,0,0,0,0,0.651163,0,0,2,0,0,0
0,4,2,1,1,0,0,1,0,4,2,2,0,2,0,12,50,3,0,5,1,6,2.583333,0,4,2.166667,1,1,1,0.444444,0,4,4,2,14,0.916667,0.5,0,2,2,0,0
0,3,1,0,1,0,0,1,40,1,0,0,5.71,1,0,1,0,4,0,0,1,0,0,0,1,1,1,1,1,0.25,0,0,0,0,0,0.983607,0,0,1,0,1,0
0,3,1,0,1,0,0,1,40,1,0,0,5.71,1,0,1,0,4,0,0,1,0,0,0,1,1,1,1,0,0,0,0,0,0,0,0.983607,0,0,1,0,1,0
0,12,1,0,1,0,3,1,3,1,0,0,0.13,1,2,1,0,2,0,5,1,0,0,0,6,6,6,1,0,0,0,1,1,1,0,1,1,0,1,1,0,0
0,22,4,0,1,0,1,3,3,3,0,0,0.06,4,2,3,0,2,0,3,2,2,1.333333,1,9,5.333333,3,2,1,1,1,1,1,1,0,1,1,0,1,1,0,0
0,3,1,0,1,0,0,1,0,3,0,0,0,1,0,1,0,2,0,1,1,2,1,0,2,1.5,1,1,0,0,0,2,2,1,0,1,1,0,1,1,0,0
0,3,1,0,1,0,0,1,8,1,0,1,1,1,0,1,0,2,0,0,1,1,1,1,1,1,1,1,0,0,0,0,0,0,0,0.526316,0,0,3,0,0,0
0,9,2,0,1,0,0,2,40,1,0,0,3.08,2,0,1,0,4,0,0,1,1,1,1,3,3,3,2,1,1,1,0,0,0,0,1,0,0,1,0,0,0
0,3,1,0,1,0,0,1,39,1,0,0,5.57,1,0,1,0,4,0,0,1,0,0,0,1,1,1,1,0,0,0,0,0,0,0,0.983333,0,0,1,0,1,0
0,3,1,0,1,0,0,1,40,1,0,0,5.71,1,0,1,0,4,0,0,1,0,0,0,1,1,1,1,0,0,0,0,0,0,0,0.983607,0,0,1,0,1,0
0,9,2,0,1,0,1,1,43,1,1,0,1.26,2,0,3,0,4,0,1,1,3,1,0,3,2.666667,2,1,1,0.6,0,0,0,0,0,0.880435,0,0,2,0,0,0
0,3,1,1,1,0,0,1,40,1,0,1,2.86,1,0,2,33,1,0,0,1,2,1,0,2,1.666667,1,1,0,0,0,0,0,0,0,0.955882,0,0,1,0,1,0
0,3,1,0,1,0,0,1,42,1,0,0,1.91,1,0,2,0,3,0,0,1,1,0.2,0,4,1.6,1,1,0,0,0,0,0,0,0,0.879518,0,0,2,0,0,0
0,1,1,1,1,0,0,1,0,1,0,0,0,1,0,1,0,0,0,0,0,0,0,0,0,0,0,1,1,0.25,0,0,0,0,0,0.833333,0,0,2,0,0,0
0,3,1,0,1,0,0,1,7,1,0,0,0.88,1,0,2,0,1,0,0,1,0,0,0,1,1,1,1,0,0,0,2,2,2,2,0.666667,0.5,0,2,2,0,0
6,8,4,0,1,1,0,1,9,3,0,2,0.04,4,0,24,100,2,0,6,2,8,2.166667,0,10,3.916667,1,1,2,0.464286,0,5,5,2,5,0.554217,0.6,0,2,2,2,0
0,11,1,0,1,0,0,1,0,1,0,0,0,1,0,1,0,2,0,5,1,0,0,0,9,9,9,1,0,0,0,1,1,1,1,1,1,0,1,1,0,0
0,3,1,2,1,1,0,1,0,4,0,0,0,1,0,1,0,1,0,1,1,0,0,0,1,1,1,1,0,0,0,1,1,1,0,1,1,0,1,1,0,0
0,3,1,0,1,0,0,1,0,1,0,0,0,1,0,1,0,1,0,0,1,0,0,0,1,1,1,1,0,0,0,2,2,1,0,1,1,0,1,1,0,0
0,3,1,0,1,0,3,1,47,1,2,0,4.7,1,0,2,0,3,0,2,1,2,1.5,1,2,1.5,1,1,0,0,0,0,0,0,0,1,0,0,1,0,0,0
0,4,2,0,1,0,3,1,29,1,1,3,1.16,2,0,4,16,2,0,1,1,3,2.25,2,4,2.75,2,1,1,0.5,0,0,0,0,0,1,0,0,1,0,0,0
0,3,1,0,1,0,0,1,37,1,0,0,4.11,1,0,2,0,3,0,0,1,1,0.5,0,1,1,1,1,0,0,0,0,0,0,0,0.98,0,0,1,0,1,0
0,3,1,0,1,0,0,1,42,1,0,2,1.75,1,0,6,58,3,0,2,1,5,2.833333,1,3,1.666667,1,1,0,0,0,0,0,0,0,0.940476,0,0,2,0,0,0
0,6,2,0,1,1,3,1,117,1,1,1,0.51,2,0,34,36,3,0,5,1,2,1.235294,0,7,3,1,1,1,0.472222,0,0,0,0,0,1,0,0,1,0,0,0
0,3,1,0,1,0,3,1,47,1,2,0,5.22,1,0,2,0,3,0,2,1,2,1.5,1,2,1.5,1,1,0,0,0,0,0,0,0,1,0,0,1,0,0,0
0,6,2,0,1,0,0,1,40,2,0,3,0.68,2,0,5,80,3,0,5,1,3,1.571429,0,8,4,1,1,1,0.4,0,0,0,0,0,0.482143,0,0,3,0,1,0
0,7,1,0,1,0,0,1,39,1,0,0,0.81,1,0,6,0,3,0,3,1,0,0,0,9,6.5,4,1,0,0,0,1,1,1,13,0.833333,1,0,2,1,0,0
0,3,1,0,1,0,3,1,47,1,2,0,5.22,1,0,2,0,3,0,2,1,2,1.5,1,2,1.5,1,1,0,0,0,0,0,0,0,1,0,0,1,0,0,0
0,6,2,0,1,0,2,1,54,1,2,0,1.64,2,0,5,0,3,0,2,1,2,0.6,0,4,2.6,1,1,1,0.571429,0,0,0,0,0,0.656863,0,0,2,0,0,2
0,3,1,0,1,0,3,1,47,1,2,0,5.22,1,0,2,0,3,0,2,1,2,1.5,1,2,1.5,1,1,0,0,0,0,0,0,0,1,0,0,1,0,0,1
0,6,4,0,1,0,0,1,42,2,0,7,0.3,4,1,19,85,3,0,5,1,2,0.578947,0,10,2.684211,1,1,3,0.409091,0,0,0,0,0,0.459574,0,0,4,0,0,0
0,3,1,0,1,0,0,1,42,1,0,1,2,1,0,5,60,1,0,0,1,4,1.4,0,2,1.2,1,1,0,0,0,0,0,0,0,0.962963,0,0,1,0,1,0
1,9,3,1,1,0,3,2,205,2,2,1,0.47,3,1,46,0,3,6,4,1,39,1.673913,0,10,5.23913,1,1,1,0.489796,0,0,0,0,0,1,0,0,1,0,0,0
0,10,5,0,1,0,0,2,45,1,3,0,0.29,5,1,14,0,2,0,2,1,10,1.928571,0,10,4.285714,0,1,1,0.375,0,2,2,1,29,0.546939,1,0,3,1,0,0
0,6,1,0,1,0,4,1,16,1,0,0,0.89,1,0,1,0,2,0,8,1,3,1.5,0,2,2,2,1,0,0,0,0,0,0,0,1,0,0,1,0,0,0
0,3,1,0,1,0,3,1,7,1,0,0,1,1,0,1,0,4,0,0,1,0,0,0,1,1,1,1,0,0,0,0,0,0,0,0.666667,0,0,3,0,0,0
0,6,1,0,1,0,0,1,40,1,0,0,4,1,0,1,0,4,0,0,1,0,0,0,1,1,1,1,0,0,0,0,0,0,0,0.953125,0,0,1,0,1,0
0,7,1,0,1,0,4,1,49,2,0,0,2.13,1,1,2,0,4,0,7,1,0,0,0,10,5.5,1,1,0,0,0,0,0,0,0,0.977528,0,0,1,0,1,0
0,10,2,0,1,0,0,2,43,1,0,0,1.13,2,1,3,0,3,0,2,1,1,0.666667,0,8,5.333333,4,1,1,0.8,0,0,0,0,0,0.941748,0,0,2,0,0,0
0,3,1,0,1,0,3,1,48,1,2,0,5.33,1,0,2,0,3,0,2,1,2,1.5,1,2,1.5,1,1,0,0,0,0,0,0,0,1,0,0,1,0,0,0
0,6,3,0,1,0,0,1,42,1,0,2,0.91,3,1,6,66,2,0,1,1,1,0.666667,0,6,2.833333,0,1,1,0.375,0,0,0,0,0,0.938596,0,0,2,0,0,0
0,5,2,0,1,0,0,2,0,1,0,0,0,2,0,1,0,1,0,0,1,1,1,1,2,2,2,2,1,1,1,1,1,1,0,1,1,0,1,1,0,0
0,3,1,0,1,0,0,1,6,3,0,6,0.12,1,0,12,50,1,0,0,1,1,1,1,1,1,1,1,0,0,0,0,0,0,0,0.928571,0,0,2,0,0,0
0,16,6,0,1,0,3,5,18,1,1,0,0.42,6,0,2,0,4,0,1,1,4,2,0,11,8.5,6,3,4,3.25,1,0,0,0,0,0.666667,0,0,2,0,0,0
0,5,2,0,1,1,0,2,3,1,0,0,0.12,2,0,1,33,4,0,0,1,2,1.666667,1,3,2,1,1,1,0.8,0,0,0,0,0,0.705882,0,0,2,0,0,0
0,3,2,0,1,0,0,1,24,1,0,0,0.32,2,0,15,0,4,0,3,1,2,0.235294,0,4,1.529412,0,1,1,0.263158,0,0,0,0,0,0.641667,0,0,3,0,3,0
2,8,8,0,1,5,0,2,41,5,9,3,0.2,8,0,17,92,3,4,6,2,14,3.2,0,12,3.95,1,1,5,0.923077,0,2,2,2,6,0.767528,0.5,0,3,2,1,0
0,3,2,0,1,0,1,1,22,1,0,0,1.29,2,0,1,0,4,0,0,1,2,1,0,4,2.333333,1,1,1,0.6,0,0,0,0,0,0.695652,0,0,3,0,2,0
0,4,1,0,1,0,1,1,16,1,2,3,0.64,1,0,3,88,2,0,1,1,1,0.333333,0,11,4.666667,1,1,0,0,0,0,0,0,0,0.94,0,0,2,0,0,0
0,3,1,0,1,0,0,1,6,1,0,0,0.75,1,0,2,0,1,0,0,1,0,0,0,1,1,1,1,0,0,0,0,0,0,0,0.722222,0,0,2,0,0,0
0,3,2,0,1,0,0,1,4,1,0,1,0.15,2,0,5,0,1,0,1,1,3,1.6,0,4,2.2,1,1,1,0.428571,0,0,0,0,0,1,0,0,1,0,0,0
0,20,2,0,1,0,0,2,0,1,0,0,0,2,1,1,0,2,0,2,1,2,2,2,5,5,5,2,1,1,1,0,0,0,0,1,0,0,1,0,0,0
0,1,1,2,1,0,0,1,4,1,0,0,0.57,1,0,2,0,2,0,0,1,1,0.5,0,0,0,0,1,0,0,0,4,4,1,8,0.6875,1,0,2,1,0,0
0,5,2,0,1,0,1,2,2,1,0,1,0.14,2,0,2,0,1,0,0,2,1,1,1,3,2.5,2,1,1,0.75,0,0,0,0,0,0.888889,0,0,2,0,0,0
0,8,1,0,1,0,0,1,36,1,0,0,1.5,1,2,2,0,2,0,5,1,0,0,0,7,6.5,6,1,0,0,0,2,2,2,0,0.71831,0.5,0,4,2,1,0
0,18,1,0,1,0,9,1,18,1,0,0,0.43,1,1,2,0,2,0,3,1,0,0,0,8,8,8,1,0,0,0,2,2,2,0,0.52,0.5,0,2,2,0,0
0,4,1,0,1,0,0,1,40,1,0,0,1.18,1,0,7,0,4,0,1,1,0,0,0,4,2.285714,2,1,0,0,0,0,0,0,0,0.946809,0,0,2,0,0,0
0,3,1,0,1,0,0,1,4,1,0,3,0.16,1,0,6,66,1,0,1,1,2,1.5,1,1,1,1,1,0,0,0,0,0,0,0,0.837838,0,0,2,0,0,0
0,11,1,0,1,0,1,1,5,1,0,0,0.33,1,2,1,0,1,0,2,1,1,1,1,6,6,6,1,0,0,0,0,0,0,0,0.916667,0,0,2,0,0,0
0,3,1,0,1,0,0,1,36,1,0,3,1,1,0,10,73,1,0,0,2,2,0.9,0,3,1.2,1,1,0,0,0,0,0,0,0,0.957447,0,0,1,0,1,0
0,1,1,8,1,0,0,1,36,1,0,0,3.6,1,0,8,0,0,1,0,0,0,0,0,1,0.375,0,1,0,0,0,0,0,0,0,0.765625,0,0,2,0,0,0
0,4,1,0,1,0,0,1,5,1,0,0,0.19,1,0,5,0,2,0,2,1,0,0,0,3,3,3,1,0,0,0,0,0,0,0,0.921053,0,0,2,0,0,0
0,3,1,0,1,1,6,1,12,1,0,2,0.33,1,0,0,83,3,1,0,1,4,2,0,2,1.5,1,1,0,0,0,7,7,1,17,1,1,0,1,1,0,0
0,12,1,0,1,0,1,1,44,1,0,0,2.2,1,5,1,0,4,0,3,1,0,0,0,7,7,7,1,0,0,0,0,0,0,0,0.915663,0,0,2,0,0,0
0,5,1,0,1,0,0,1,1,1,0,1,0.05,1,0,3,33,2,0,2,1,1,0.666667,0,5,2.666667,1,1,0,0,0,0,0,0,0,0.580645,0,0,3,0,0,0
0,5,2,3,1,1,0,1,1,1,0,1,0.02,2,0,3,58,2,0,0,2,7,1.833333,0,5,2.333333,1,1,1,0.5,0,0,0,0,0,0.814815,0,0,2,0,2,0
0,0,1,0,0,0,0,0,16,1,0,3,8,1,0,2,100,1,0,0,1,0,0,0,1,1,1,0,0,0,0,2,2,2,0,1,0.5,0,1,2,0,0
0,7,3,0,1,2,0,2,0,3,0,0,0,3,0,5,66,2,0,1,2,2,1.2,0,4,2.4,1,1,1,0.444444,0,0,0,0,0,1,0,0,1,0,0,0
0,3,1,0,1,0,0,1,40,2,2,0,1.43,1,0,5,0,4,0,3,1,3,1.2,0,2,1.4,1,1,0,0,0,0,0,0,0,0.52381,0,0,3,0,1,0
0,8,1,0,1,0,0,1,40,1,0,0,1.82,1,1,2,0,4,0,2,1,0,0,0,4,3,2,1,0,0,0,0,0,0,0,0.794872,0,0,2,0,1,0
0,60,1,0,1,0,3,1,6,1,0,0,0.07,1,0,0,0,1,0,56,1,2,2,2,4,4,4,1,0,0,0,14,14,4,7,0.505155,0.571429,0,3,4,5,2
0,23,1,0,1,0,0,1,3,1,0,0,0.08,1,0,0,0,1,0,19,1,2,2,2,4,4,4,1,0,0,0,0,0,0,0,0.860465,0,0,2,0,0,0
0,6,1,0,1,0,0,1,3,1,0,0,0.25,1,0,0,0,1,0,2,1,2,2,2,2,2,2,1,0,0,0,0,0,0,0,1,0,0,1,0,0,0
0,5,1,0,1,0,0,1,3,1,0,0,0.3,1,0,0,0,1,0,1,1,2,2,2,2,2,2,1,0,0,0,0,0,0,0,0.875,0,0,2,0,0,0
4,4,4,0,1,1,0,1,26,1,1,3,0.19,4,0,25,93,3,0,0,1,19,1.4,0,11,1.84,1,1,2,0.37037,0,10,10,4,214,0.86911,0.4,0,2,4,1,0
0,9,2,1,1,0,0,2,13,1,0,0,0.87,2,0,0,0,1,0,0,1,0,0,0,3,3,3,2,1,1,1,1,1,1,0,1,1,0,1,1,0,0
1,6,2,0,1,1,0,1,12,1,2,2,0.13,2,0,12,47,3,0,1,1,6,2.083333,0,11,3.75,1,1,1,0.285714,0,3,3,2,0,0.53719,0.666667,0,2,2,0,0
0,16,1,0,1,0,0,1,5,1,0,0,0.25,1,0,1,0,4,0,0,1,0,0,0,1,1,1,1,0,0,0,0,0,0,0,1,0,0,1,0,0,0
0,10,1,0,1,0,0,1,5,1,0,0,0.05,1,0,9,0,4,0,0,1,0,0,0,1,1,1,1,0,0,0,0,0,0,0,0.648649,0,0,2,0,0,0
0,4,1,0,1,0,0,1,0,1,1,2,0,1,0,4,12,3,0,1,1,2,1.75,1,5,3,2,1,0,0,0,0,0,0,0,0.903226,0,0,2,0,0,0
1,8,2,0,1,0,0,1,44,1,0,0,0.8,2,0,6,0,3,0,3,1,6,1,0,6,5,4,1,1,0.375,0,0,0,0,0,0.865546,0,0,2,0,0,0
0,19,2,0,1,0,1,2,1,1,1,0,0.04,2,1,1,0,3,2,2,1,13,13,13,12,12,12,2,1,1,1,0,0,0,0,1,0,0,1,0,0,0
1,21,1,0,1,0,1,1,6,1,1,0,0.08,1,1,3,0,2,0,7,1,2,0.666667,0,16,6,1,1,0,0,0,0,0,0,0,1,0,0,1,0,0,0
3,3,1,0,1,0,0,1,17,1,0,0,0.81,1,0,5,0,3,0,1,1,3,1,0,2,2,2,1,0,0,0,0,0,0,0,0.652174,0,0,2,0,0,0
0,10,4,0,1,0,0,3,23,1,0,2,0.79,4,1,2,0,2,0,3,1,6,4.5,3,8,5.5,3,1,2,1.5,0,0,0,0,0,1,0,0,1,0,0,0
0,11,1,0,1,0,0,1,23,1,0,0,0.66,1,0,2,0,2,0,7,1,2,1,0,12,6.5,1,1,0,0,0,0,0,0,0,1,0,0,1,0,0,0
2,10,1,0,1,2,0,1,3,1,1,0,0.04,1,0,6,50,2,0,2,2,10,6.166667,0,3,2,1,1,0,0,0,0,0,0,0,0.690476,0,0,2,0,0,0
2,10,1,0,1,2,0,1,3,1,1,0,0.04,1,0,6,50,2,0,2,1,5,2.666667,0,3,2,1,1,0,0,0,0,0,0,0,1,0,0,1,0,0,0
2,4,1,0,1,0,0,1,3,1,1,0,0.1,1,0,6,0,2,0,2,1,5,1.666667,0,2,1.666667,1,1,0,0,0,0,0,0,0,1,0,0,1,0,0,0
0,3,2,0,1,0,0,1,162,1,0,0,0.26,2,0,177,0,3,0,2,1,177,1,0,3,2.028249,0,1,1,0.050279,0,0,0,0,0,0.642295,0,0,2,0,3,0
0,16,3,0,1,0,0,2,1,1,0,0,0.02,3,0,2,0,1,0,5,1,8,7,6,16,9,2,1,1,0.75,0,0,0,0,0,0.961538,0,0,1,0,1,0
1,3,2,0,1,0,1,2,116,1,0,0,0.95,2,0,30,0,3,0,4,1,31,1.033333,0,4,2.833333,2,1,1,0.78125,0,0,0,0,0,0.800797,0,0,3,0,1,0
0,5,1,0,1,0,0,1,6,1,0,0,0.35,1,0,2,0,2,2,4,1,6,4.5,3,6,4,2,1,0,0,0,2,2,1,0,1,1,0,1,1,0,0
0,4,1,0,1,0,0,1,42,1,1,2,1.83,1,0,4,25,2,0,3,2,3,2.5,2,3,2.5,1,1,0,0,0,0,0,0,0,0.890244,0,0,1,0,3,0
0,4,5,0,1,0,0,1,34,2,2,5,0.12,5,0,50,95,3,0,46,1,41,1.94,0,11,2.42,0,1,3,0.245283,0,3,3,2,2,0.994521,0.666667,0,1,2,1,0
1,19,7,0,1,1,0,5,25,1,0,0,0.52,7,0,0,50,2,0,1,1,4,3.5,3,6,5.5,5,3,3,2.75,2,3,3,2,1,0.9875,0.666667,0,1,2,1,0
0,4,2,0,1,0,0,1,10,2,2,4,0.21,2,0,7,44,3,0,4,2,4,2.142857,0,6,3.714286,1,1,1,0.3,0,2,2,1,0,1,1,0,1,1,0,2
0,4,1,0,1,0,0,1,6,1,0,0,0.25,1,0,4,0,2,0,5,2,4,3.5,3,6,4.5,4,1,0,0,0,4,4,1,38,1,1,0,1,1,0,0
0,9,2,0,1,0,0,2,42,1,0,0,3,2,5,1,0,4,0,3,1,0,0,0,10,10,10,2,1,1,1,0,0,0,0,0.837838,0,0,2,0,1,0
0,5,1,0,1,0,0,1,9,1,0,0,0.18,1,0,8,0,2,0,5,1,2,1.125,0,5,4.125,3,1,0,0,0,4,4,1,71,1,1,0,1,1,0,0
0,3,1,0,1,0,0,1,0,1,0,0,0,1,0,1,0,1,0,0,1,0,0,0,0,0,0,1,3,0.75,0,2,2,2,3,0.875,0.5,0,2,2,0,0
1,27,7,0,1,0,1,5,3,1,0,0,0.03,7,4,2,0,1,0,4,1,5,3.333333,2,9,6.333333,2,3,3,2.2,1,5,5,2,34,0.654545,0.8,0,2,2,0,0
0,14,3,0,1,0,0,2,1,1,0,5,0.03,3,3,2,19,2,0,3,1,5,5,5,10,7.5,5,1,2,1.5,0,3,3,2,13,0.890909,0.666667,0,2,2,0,0
0,30,2,0,1,1,0,2,0,1,0,0,0,2,5,0,0,1,0,0,1,2,2,2,7,7,7,2,2,1.25,1,1,1,1,0,1,1,0,1,1,0,0
5,7,5,0,1,1,0,3,15,1,0,0,0.3,5,1,5,83,1,0,0,1,4,3.166667,2,5,2.5,1,1,2,1.25,0,1,1,1,0,1,1,0,1,1,0,0
0,6,2,0,1,0,0,1,45,1,2,1,0.34,2,0,20,5,2,0,1,1,3,1.25,0,5,2.85,1,1,1,0.227273,0,0,0,0,0,0.516588,0,0,2,0,0,0
0,6,2,0,1,1,0,1,48,1,1,1,0.64,2,0,10,40,2,0,1,1,2,1.4,1,5,3.3,1,1,1,0.333333,0,0,0,0,0,0.635036,0,0,2,0,0,0
0,5,1,0,1,0,0,1,40,1,0,0,2.5,1,1,2,0,3,0,3,1,3,2,1,3,2.5,2,1,0,0,0,0,0,0,0,0.916667,0,0,2,0,2,0
0,7,1,0,1,0,0,1,40,1,0,0,3.64,1,0,1,0,3,0,1,1,0,0,0,2,2,2,1,0,0,0,0,0,0,0,1,0,0,1,0,0,2
6,6,2,0,1,16,0,1,9,1,1,2,0.06,2,0,15,90,4,0,9,1,14,6.2,1,7,4.266667,1,1,1,0.176471,0,4,4,2,9,0.976048,0.75,0,1,2,1,0
0,4,1,0,1,0,0,1,40,1,0,0,5,1,0,1,0,4,0,1,1,0,0,0,2,2,2,1,0,0,0,0,0,0,0,1,0,0,1,0,0,0
0,3,1,0,1,0,0,1,42,1,0,1,4.2,1,0,2,0,2,0,0,1,1,1,1,1,1,1,1,0,0,0,0,0,0,0,0.985075,0,0,1,0,1,0
0,2,1,1,1,0,2,1,75,1,0,0,3.95,1,0,5,0,2,0,1,1,0,0,0,2,1.2,1,1,0,0,0,0,0,0,0,0.852941,0,0,1,0,3,0
0,2,1,0,1,0,0,1,42,1,0,0,7,1,0,1,0,3,0,0,1,0,0,0,1,1,1,1,0,0,0,0,0,0,0,0.983333,0,0,1,0,1,0
0,4,3,1,1,2,0,2,44,2,1,5,1,3,0,4,100,3,0,8,2,6,3,1,2,2,2,1,1,0.428571,0,0,0,0,0,0.758929,0,0,3,0,2,0
0,22,2,0,1,0,0,2,41,1,0,0,0.53,2,6,3,0,4,0,11,1,5,5,5,18,17.333333,16,2,1,1,1,0,0,0,0,0.525974,0,0,3,0,2,0
0,8,1,0,1,0,0,1,42,1,0,0,3.5,1,2,1,0,4,0,1,1,0,0,0,5,5,5,1,0,0,0,0,0,0,0,0.985507,0,0,1,0,1,0
0,12,1,0,1,0,2,1,44,1,0,0,2.44,1,7,1,0,4,0,4,1,1,1,1,8,8,8,1,0,0,0,0,0,0,0,0.892857,0,0,2,0,1,0
0,48,2,0,1,0,3,2,43,1,0,0,0.69,2,9,1,0,4,0,17,1,8,8,8,25,25,25,2,1,1,1,0,0,0,0,0.787402,0,0,2,0,1,0
0,34,1,0,1,0,0,1,40,1,0,0,0.85,1,13,1,0,4,0,16,1,8,8,8,23,23,23,1,0,0,0,0,0,0,0,0.849558,0,0,2,0,1,0
0,5,2,1,1,1,2,2,4,1,0,0,0.21,2,0,1,50,1,0,2,1,2,1,0,4,2.5,1,1,1,0.75,0,14,14,2,152,1,0.857143,0,1,2,0,1
0,4,1,0,1,0,0,1,40,1,0,0,4.44,1,0,1,0,4,0,1,1,0,0,0,2,2,2,1,0,0,0,0,0,0,0,0.952381,0,0,1,0,2,0
0,13,1,0,1,0,0,1,40,1,1,0,1.11,1,4,2,0,4,0,10,1,5,4.5,4,12,7,2,1,0,0,0,0,0,0,0,0.897959,0,0,2,0,1,0
0,11,1,0,1,0,0,1,40,1,0,0,0.93,1,3,3,0,4,0,4,1,7,5,4,10,8,5,1,0,0,0,2,2,1,4,0.845455,1,0,2,1,1,0
0,6,4,1,1,0,0,3,36,2,1,0,2,4,1,1,0,1,0,2,1,1,0.5,0,5,2.5,0,1,1,0.6,0,1,1,1,68,0.704225,1,0,2,1,0,0
0,4,1,0,1,0,0,1,42,1,0,0,0.48,1,0,21,0,4,0,1,1,0,0,0,2,2,2,1,0,0,0,2,2,1,6,0.965753,1,0,1,1,1,0
0,4,1,0,1,0,0,1,41,1,0,0,0.91,1,0,10,0,4,0,1,1,0,0,0,2,2,2,1,0,0,0,0,0,0,0,1,0,0,1,0,0,0
0,4,2,0,1,0,0,1,43,1,0,0,1.23,2,0,7,0,4,0,1,1,0,0,0,2,1.857143,1,1,1,0.333333,0,2,2,1,4,0.897959,1,0,2,1,1,0
0,3,1,0,1,0,0,1,43,1,0,2,2.53,1,0,4,50,1,0,0,1,1,0.5,0,1,1,1,1,0,0,0,0,0,0,0,0.949367,0,0,2,0,0,0
0,7,3,0,1,1,0,1,52,3,11,4,0.43,3,0,13,90,3,27,15,2,49,9,1,8,4.769231,2,1,2,0.411765,0,0,0,0,0,0.795238,0,0,2,0,3,0
0,12,2,0,1,0,0,1,40,1,1,0,0.67,2,1,4,0,4,0,20,1,13,3.25,0,24,9,4,1,1,0.5,0,0,0,0,0,0.886179,0,0,2,0,1,0
0,6,2,0,1,0,0,1,20,1,2,0,0.61,2,0,4,0,2,0,3,1,3,1.25,0,3,1.5,1,1,1,0.5,0,0,0,0,0,1,0,0,1,0,0,0
1,5,2,0,1,0,1,2,18,1,0,0,1,2,0,2,0,2,0,2,1,2,1,0,12,7.5,3,1,1,0.75,0,0,0,0,0,0.906977,0,0,1,0,2,0
2,22,2,0,1,0,0,1,21,1,0,1,0.11,2,2,7,75,3,0,3,1,4,2,1,38,15.625,1,1,1,0.3,0,2,2,1,1,1,1,0,1,1,0,0
1,5,1,0,1,0,0,1,16,1,0,0,0.94,1,1,2,0,2,0,3,1,1,0.5,0,6,5,4,1,0,0,0,0,0,0,0,1,0,0,1,0,0,0
0,1,1,1,1,0,0,1,4,1,0,0,0.8,1,0,1,0,0,0,0,0,0,0,0,0,0,0,1,0,0,0,0,0,0,0,0.909091,0,0,2,0,0,0
0,12,1,0,1,0,0,1,45,2,0,0,0.47,1,2,7,0,3,0,3,2,0,0,0,17,5.571429,1,1,0,0,0,1,1,1,0,0.50289,1,0,4,1,1,0
0,3,2,0,1,0,0,1,44,1,0,5,0.69,2,0,15,76,1,1,0,1,4,2.4375,1,3,1.6875,1,1,1,0.166667,0,0,0,0,0,0.927007,0,0,1,0,2,0
0,6,1,0,1,0,0,1,40,1,0,0,3.33,1,1,1,0,2,0,1,1,0,0,0,3,3,3,1,0,0,0,0,0,0,0,0.954545,0,0,1,0,1,0
0,4,2,0,1,0,0,1,42,2,2,0,1.2,2,0,7,0,3,0,4,2,6,1.428571,0,4,2.285714,1,1,1,0.3,0,1,1,1,3,0.918367,1,0,2,1,2,0
0,6,1,0,1,0,0,1,46,2,2,1,1.12,1,0,6,80,3,0,1,2,6,1.666667,0,5,2.5,1,1,0,0,0,1,1,1,2,0.927928,1,0,2,1,1,0
1,5,2,0,1,0,0,1,59,3,4,0,0.19,2,0,59,0,3,0,7,2,33,1.067797,0,6,2.118644,1,1,1,0.15873,0,1,1,1,3,0.857461,1,0,2,1,5,0
0,6,1,0,1,0,0,1,0,1,1,1,0,1,0,3,0,2,0,5,1,1,1,1,9,5,2,1,0,0,0,1,1,1,0,1,1,0,1,1,0,0
0,7,2,0,1,0,0,1,55,3,3,0,0.56,2,0,13,0,3,0,5,2,5,1,0,7,2.615385,1,1,1,0.235294,0,1,1,1,2,0.743169,1,0,4,1,2,0
1,4,1,0,1,0,0,1,1,1,0,1,0.05,1,0,2,33,1,0,0,2,3,2.666667,2,6,3.333333,2,1,0,0,0,0,0,0,0,1,0,0,1,0,0,0
0,1,1,0,1,0,0,1,0,1,0,0,0,1,0,2,0,0,0,0,0,2,2,2,1,0.5,0,1,0,0,0,0,0,0,0,1,0,0,1,0,0,0
0,6,1,0,1,0,2,1,4,1,0,0,0.22,1,2,2,0,3,0,3,1,0,0,0,7,7,7,1,0,0,0,0,0,0,0,1,0,0,1,0,0,0
0,3,1,0,1,0,1,1,1,1,0,0,0.17,1,0,1,0,2,0,1,1,0,0,0,1,1,1,1,0,0,0,0,0,0,0,1,0,0,1,0,0,0
0,9,2,0,1,0,0,2,44,2,1,0,1.07,2,0,4,0,3,0,3,2,1,1,1,3,2.75,2,1,1,0.714286,0,0,0,0,0,0.990385,0,0,1,0,1,0
0,10,2,0,1,0,0,1,40,1,1,0,1.18,2,1,3,0,2,0,3,1,5,1.666667,0,3,2.666667,2,1,1,0.6,0,0,0,0,0,0.88172,0,0,2,0,1,0
0,3,1,0,1,0,0,1,42,1,0,0,3.82,1,0,2,0,2,0,1,1,1,0.5,0,2,2,2,1,0,0,0,0,0,0,0,0.970588,0,0,1,0,1,0
0,5,1,0,1,0,0,1,40,1,1,0,1.11,1,1,4,0,2,0,4,1,3,1.4,0,7,4.2,2,1,0,0,0,0,0,0,0,0.85,0,0,2,0,3,0
0,7,3,0,1,0,1,1,72,1,2,0,0.56,3,1,15,0,4,0,5,1,6,0.8,0,8,3.866667,1,1,1,0.235294,0,7,7,3,19,0.755814,0.714286,0,2,3,1,0
0,9,1,0,1,2,0,1,0,2,0,0,0,1,0,1,0,2,0,1,1,1,1,1,6,6,6,1,0,0,0,0,0,0,0,1,0,0,1,0,0,0
0,9,2,0,1,0,0,2,40,1,0,0,1.21,2,1,3,0,3,0,1,1,0,0,0,7,6.333333,5,1,1,0.8,0,0,0,0,0,0.913978,0,0,2,0,0,0
0,6,1,0,1,0,0,1,39,1,0,0,3.25,1,1,1,0,3,1,2,1,3,3,3,5,5,5,1,0,0,0,0,0,0,0,0.928571,0,0,2,0,0,0
0,2,1,0,1,0,0,1,599,1,0,0,85.57,1,0,1,0,3,0,0,1,0,0,0,0,0,0,1,0,0,0,0,0,0,0,0.9375,0,0,2,0,2,0
0,5,1,0,1,0,1,1,46,1,2,2,1.92,1,1,3,50,3,0,2,1,3,1.333333,0,6,3.333333,1,1,0,0,0,0,0,0,0,0.869565,0,0,2,0,1,0
0,10,2,0,1,0,1,2,1,1,0,0,0.07,2,0,0,0,1,0,1,1,2,2,2,4,4,4,2,1,1,1,0,0,0,0,0.85,0,0,2,0,0,0
0,9,2,0,1,0,0,1,42,1,2,2,1.02,2,1,3,50,3,0,2,1,4,1.666667,0,8,4.666667,1,1,1,0.6,0,5,5,1,30,0.673077,1,0,3,1,3,2
0,8,5,0,1,1,0,2,57,1,3,0,0.92,5,0,4,66,2,0,0,1,4,2.166667,0,9,4.333333,1,1,3,1.5,0,0,0,0,0,0.862595,0,0,2,0,1,0
0,9,4,0,1,2,0,1,25,1,0,3,0.16,4,1,15,58,3,0,7,1,2,1.933333,1,8,6.133333,6,1,3,0.529412,0,14,14,3,89,0.898058,0.642857,0,2,3,0,0
0,14,6,0,1,0,0,4,0,1,0,0,0,6,1,2,0,2,0,3,1,1,1,1,9,6.5,4,2,3,2.5,1,3,3,2,43,1,0.666667,0,1,2,0,0
0,3,1,0,1,0,1,1,14,1,0,0,1.75,1,0,0,0,2,0,1,1,0,0,0,2,2,2,1,0,0,0,0,0,0,0,1,0,0,1,0,0,0
0,3,1,0,1,0,5,1,15,1,0,0,2.14,1,0,0,0,2,0,1,1,0,0,0,2,2,2,1,0,0,0,1,1,1,0,1,1,0,1,1,0,0
0,3,1,0,1,0,5,1,15,1,0,0,1.88,1,0,0,0,2,0,1,1,0,0,0,2,2,2,1,0,0,0,1,1,1,1,0.958333,1,0,1,1,1,0
0,14,3,0,1,0,1,3,52,1,0,0,2.6,3,2,0,0,2,0,1,1,0,0,0,7,7,7,3,1,1,1,0,0,0,0,0.605263,0,0,3,0,1,0
0,3,1,0,1,0,1,1,8,1,0,0,1.14,1,0,0,0,2,0,1,1,0,0,0,2,2,2,1,0,0,0,2,2,2,0,1,0.5,0,1,2,0,0
0,7,2,0,1,2,2,2,25,1,0,0,1.67,2,0,0,0,2,0,1,1,2,2,2,5,5,5,1,0,0,0,21,21,2,256,0.794872,0.952381,1,3,1,1,0
0,3,1,0,1,0,0,1,10,1,0,0,1.43,1,0,0,0,2,0,1,1,0,0,0,2,2,2,1,0,0,0,2,2,2,2,0.65,0.5,0,2,2,0,0
0,3,1,0,1,0,0,1,6,1,0,0,0.86,1,0,0,0,2,0,1,1,0,0,0,2,2,2,1,0,0,0,0,0,0,0,1,0,0,1,0,0,0
0,3,1,0,1,0,0,1,6,1,0,0,0.86,1,0,0,0,2,0,1,1,0,0,0,2,2,2,1,0,0,0,0,0,0,0,1,0,0,1,0,0,0
0,4,1,0,1,0,1,1,8,1,0,0,0.8,1,0,0,0,2,0,1,1,0,0,0,2,2,2,1,0,0,0,0,0,0,0,1,0,0,1,0,0,0
0,5,1,0,1,0,1,1,8,1,0,0,0.73,1,0,0,0,2,0,2,1,0,0,0,4,4,4,1,0,0,0,0,0,0,0,0.7,0,0,3,0,0,0
