16,1,11,5,15,0,0,0,42.0,6.0,9,0,1,0.0,5,18.0,8.0,0
7,1,2,5,36,0,11,0,60.0,9.0,0,6,0,0.0,8,29.0,14.0,0
6,2,6,0,6,0,3,0,13.0,4.0,19,3,0,0.0,3,5.0,4.0,0
2,2,1,1,6,0,0,0,12.0,4.0,22,0,0,0.0,1,6.0,3.0,0
1,4,1,0,6,0,2,8,12.0,4.0,47,0,0,0.0,2,4.0,5.0,0
4,3,0,4,91,0,7,0,78.0,14.0,52,7,0,0.0,14,33.0,33.0,0
2,1,1,1,105,0,7,0,57.0,15.0,9,7,0,0.0,15,17.0,21.0,0
4,2,2,3,1,0,1,0,16.0,2.0,2,1,0,0.0,2,8.0,3.0,0
10,1,0,10,3,0,3,0,95.0,3.0,0,3,1,0.0,2,56.0,20.0,0
3,1,3,0,3,0,3,0,10.0,3.0,18,3,0,0.0,3,3.0,3.0,0
7,1,5,2,120,0,8,0,53.0,16.0,24,8,0,0.0,16,19.0,16.0,0
5,1,0,5,153,0,3,0,211.0,18.0,9,3,3,0.0,15,90.0,57.0,0
3,1,2,1,28,0,0,0,56.0,8.0,9,0,0,0.0,8,23.0,15.0,0
1,2,0,1,1,0,0,0,6.0,2.0,11,0,0,0.0,2,5.0,2.0,0
2,1,1,1,15,0,1,0,40.0,6.0,9,1,0,0.0,6,15.0,8.0,0
7,2,1,6,1,0,0,1,26.0,2.0,11,0,0,0.0,2,17.0,6.0,0
4,1,1,3,21,0,1,0,38.0,7.0,0,1,1,0.0,6,32.0,10.0,0
8,1,2,6,6,0,4,0,81.0,4.0,0,3,0,0.0,4,16.0,8.0,0
7,2,1,6,6,5,1,8,50.0,4.0,25,1,0,0.0,3,23.0,14.0,0
5,3,4,1,0,0,0,0,3.0,1.0,26,0,0,0.0,1,2.0,1.0,0
1,1,1,0,1,1,0,0,2.0,2.0,10,0,0,0.0,2,2.0,1.0,0
13,2,1,12,120,0,2,1,214.0,16.0,23,1,4,0.0,11,91.0,53.0,0
20,1,6,14,28,0,8,0,115.0,8.0,9,7,4,0.0,4,64.0,30.0,0
11,1,6,5,28,0,0,0,57.0,8.0,9,0,0,0.0,8,23.0,15.0,0
11,1,3,9,91,0,6,0,83.0,14.0,9,6,0,0.0,14,59.0,18.0,0
8,2,0,8,6,0,1,1,84.0,4.0,19,1,1,0.0,2,53.0,16.0,0
2,1,1,1,10,0,3,0,19.0,5.0,0,2,0,0.0,5,8.0,6.0,0
1,2,1,0,1,0,1,0,6.0,2.0,54,1,0,0.0,2,2.0,2.0,0
4,4,3,1,15,0,1,2,23.0,6.0,170,1,0,0.0,6,8.0,7.0,0
1,1,1,0,105,0,6,0,122.0,15.0,9,6,10,0.0,5,45.0,23.0,0
6,2,1,5,15,4,3,0,91.0,6.0,14,3,3,0.0,2,36.0,16.0,1
2,1,0,2,0,0,0,0,48.0,1.0,9,0,0,0.0,1,12.0,5.0,0
4,1,0,4,1,0,3,0,14.0,2.0,0,0,0,0.0,1,9.0,2.0,0
0,1,0,0,0,0,3,0,3.0,1.0,0,1,0,2.0,1,2.0,1.0,0
2,1,0,2,1,0,0,0,36.0,2.0,0,0,0,0.0,2,10.0,5.0,0
12,2,1,11,15,0,5,0,115.0,6.0,6,5,0,0.0,6,40.0,30.0,0
12,2,1,11,21,0,6,0,109.0,7.0,3,6,2,0.0,5,52.0,16.0,0
1,1,0,1,1,0,1,0,9.0,2.0,18,1,0,0.0,2,3.0,4.0,0
3,1,1,2,0,0,0,0,6.0,1.0,0,0,0,0.0,1,8.0,1.0,0
2,2,1,1,6,0,0,0,9.0,4.0,22,0,0,0.0,1,5.0,3.0,0
29,1,9,22,105,0,2,0,146.0,15.0,13,2,2,0.0,13,84.0,28.0,1
11,1,1,10,136,0,5,0,483.0,17.0,0,5,14,0.0,3,98.0,32.0,0
8,1,1,7,28,0,6,0,89.0,8.0,9,6,2,0.0,6,34.0,13.0,0
2,2,0,2,3,0,0,0,12.0,3.0,12,0,0,0.0,2,7.0,2.0,0
0,1,0,0,0,0,22,0,3.0,1.0,0,1,0,21.0,1,2.0,1.0,0
9,2,0,9,21,0,1,0,69.0,7.0,14,1,1,0.0,6,46.0,9.0,0
7,1,0,7,15,0,83,0,373.0,6.0,51,83,1,0.0,5,185.0,139.0,1
1,2,0,1,1,0,1,0,26.0,2.0,11,1,0,0.0,2,11.0,6.0,0
15,1,8,7,105,0,16,0,313.0,15.0,0,16,2,0.0,13,56.0,33.0,0
6,1,1,5,1,0,1,0,57.0,2.0,0,1,0,0.0,1,22.0,2.0,0
3,1,1,2,1,0,0,0,15.0,2.0,9,0,0,0.0,2,4.0,5.0,0
23,2,2,22,91,0,9,0,303.0,14.0,17,9,5,0.0,9,150.0,60.0,1
5,2,3,2,3,0,1,1,27.0,3.0,6,1,0,0.0,3,16.0,5.0,0
1,3,1,0,0,0,0,1,3.0,1.0,28,0,0,0.0,1,1.0,1.0,0
3,1,1,2,36,0,1,0,46.0,9.0,11,1,0,0.0,9,22.0,10.0,0
6,1,3,3,21,1,6,0,72.0,7.0,0,4,0,0.0,5,18.0,18.0,0
6,1,0,6,28,0,4,0,89.0,8.0,0,4,1,0.0,7,44.0,32.0,1
8,1,4,4,1,0,0,0,27.0,2.0,9,0,0,0.0,2,12.0,4.0,0
8,2,0,8,3,0,2,1,33.0,3.0,13,2,1,0.0,1,27.0,8.0,0
120,3,110,10,2485,4,28,0,294.0,71.0,101,26,2,0.0,67,124.0,92.0,0
11,1,3,8,15,0,5,0,138.0,6.0,0,5,1,0.0,5,33.0,10.0,2
1,1,1,0,6,0,1,0,58.0,4.0,0,1,0,0.0,3,13.0,11.0,0
5,1,3,2,15,0,3,0,46.0,6.0,9,3,2,0.0,4,18.0,7.0,0
13,1,3,12,105,0,11,0,313.0,15.0,9,11,5,0.0,8,119.0,69.0,1
4,1,0,4,6,0,2,0,122.0,4.0,9,2,2,0.0,2,31.0,8.0,0
3,1,2,1,15,0,2,0,19.0,6.0,9,2,0,0.0,6,8.0,6.0,0
5,3,1,4,3,0,0,2,19.0,3.0,42,0,0,0.0,3,7.0,7.0,0
2,1,1,1,1,0,2,0,9.0,2.0,9,2,1,0.0,1,3.0,2.0,0
34,1,13,23,703,0,10,0,464.0,38.0,0,9,7,0.0,23,206.0,89.0,8
0,1,0,0,0,0,1,0,3.0,1.0,25,1,0,0.0,1,1.0,1.0,0
8,1,4,4,10,1,3,0,56.0,5.0,9,0,0,0.0,5,26.0,11.0,0
1,1,0,1,0,0,11,0,11.0,1.0,9,0,0,0.0,1,2.0,10.0,0
2,1,0,2,3,0,1,0,24.0,3.0,0,0,0,0.0,1,8.0,6.0,0
1,1,0,1,1,0,0,0,9.0,2.0,0,0,0,0.0,2,3.0,3.0,0
13,1,8,6,45,2,2,0,49.0,10.0,9,2,0,0.0,8,30.0,14.0,0
11,3,1,10,36,0,5,4,137.0,9.0,43,3,5,0.0,4,70.0,33.0,0
3,1,2,1,36,0,2,0,157.0,9.0,0,1,0,0.0,6,25.0,48.0,0
19,1,7,15,190,0,22,0,257.0,20.0,0,22,1,0.0,9,77.0,33.0,0
2,3,0,2,28,0,4,0,49.0,8.0,52,4,0,0.0,8,17.0,18.0,0
11,1,1,10,10,0,3,0,58.0,5.0,0,3,0,0.0,5,30.0,14.0,0
65,2,5,62,780,0,12,0,1090.0,40.0,17,12,24,0.0,16,851.0,222.0,0
2,1,0,2,1,0,4,0,19.0,2.0,9,1,2,0.0,0,11.0,4.0,0
22,4,22,0,21,0,1,2,21.0,7.0,170,0,0,0.0,7,7.0,7.0,0
12,1,3,10,21,0,1,0,70.0,7.0,0,1,2,0.0,5,37.0,12.0,0
10,2,4,6,28,2,1,0,47.0,8.0,2,1,0,0.0,4,23.0,9.0,0
11,1,2,9,3,0,5,0,60.0,3.0,0,5,0,0.0,3,23.0,3.0,0
2,1,2,0,3,0,2,0,10.0,3.0,0,1,0,0.0,3,4.0,3.0,0
3,1,2,1,55,0,1,0,124.0,11.0,9,1,3,0.0,8,43.0,25.0,0
0,1,0,0,0,0,3,0,3.0,1.0,0,1,0,2.0,1,2.0,1.0,0
2,2,1,1,6,0,0,0,9.0,4.0,22,0,0,0.0,1,5.0,3.0,0
4,2,0,4,1,0,2,0,54.0,2.0,32,2,0,0.0,2,21.0,4.0,0
4,1,0,4,21,2,1,0,50.0,7.0,10,0,2,0.0,1,32.0,11.0,0
5,2,4,2,28,0,5,0,29.0,8.0,15,5,0,0.0,8,12.0,8.0,0
2,1,0,2,0,0,0,0,17.0,1.0,0,0,0,0.0,1,9.0,4.0,0
1,2,1,0,6,0,0,0,9.0,4.0,22,0,0,0.0,1,5.0,3.0,0
3,1,3,0,66,0,6,0,35.0,12.0,18,6,0,0.0,12,12.0,12.0,0
2,1,1,1,21,0,4,0,38.0,7.0,0,3,0,0.0,7,14.0,8.0,0
3,2,1,2,1,0,0,0,12.0,2.0,7,0,0,0.0,1,7.0,2.0,0
4,1,0,4,10,0,3,0,27.0,5.0,0,2,0,0.0,5,14.0,5.0,0
5,4,1,4,10,0,3,25,26.0,5.0,78,3,0,0.0,2,10.0,7.0,1
9,1,1,8,10,0,0,0,201.0,5.0,9,0,3,0.0,2,79.0,41.0,0
2,2,0,2,3,0,1,0,64.0,3.0,32,1,0,0.0,2,12.0,8.0,0
52,1,50,2,36,2,4,0,45.0,9.0,18,0,0,0.0,8,15.0,13.0,0
2,2,0,2,0,0,0,0,13.0,1.0,1,0,0,0.0,0,9.0,3.0,0
1,1,1,0,15,0,6,0,45.0,6.0,9,6,0,0.0,6,12.0,14.0,0
7,1,7,0,15,4,0,0,0.0,6.0,9,0,0,0.0,6,6.0,0.0,0
0,2,0,0,0,0,1,17,5.0,1.0,12,1,0,0.0,1,2.0,1.0,0
2,1,1,1,1,0,2,0,9.0,2.0,9,2,1,0.0,1,3.0,2.0,0
4,2,0,4,6,3,2,8,37.0,4.0,25,2,1,0.0,3,13.0,6.0,0
1,3,0,1,0,0,0,1,3.0,1.0,21,0,0,0.0,1,3.0,1.0,0
0,1,0,0,10,0,4,0,37.0,5.0,9,4,0,0.0,5,7.0,6.0,0
26,1,17,9,351,6,17,0,270.0,27.0,0,9,2,0.0,13,147.0,71.0,1
6,1,2,4,15,0,1,0,75.0,6.0,9,1,3,0.0,3,34.0,16.0,0
7,1,3,4,1,0,3,0,68.0,2.0,0,3,0,0.0,2,10.0,4.0,1
8,1,5,3,21,0,10,0,76.0,7.0,18,5,2,0.0,5,24.0,27.0,1
7,3,1,6,6,0,1,16,39.0,4.0,48,1,0,0.0,1,22.0,6.0,1
4,1,2,2,66,0,6,0,70.0,12.0,18,6,0,0.0,12,28.0,32.0,0
6,1,2,4,10,0,2,0,89.0,5.0,9,2,2,0.0,3,27.0,12.0,0
4,1,2,3,6,0,5,0,49.0,4.0,9,4,1,0.0,3,17.0,14.0,0
3,1,0,3,6,0,1,0,29.0,4.0,0,1,0,0.0,3,12.0,6.0,0
9,1,4,5,10,1,2,0,55.0,5.0,0,1,0,0.0,3,24.0,8.0,0
10,1,2,9,406,0,21,0,556.0,29.0,9,21,22,0.0,7,121.0,68.0,0
3,1,1,2,1,1,0,0,8.0,2.0,0,0,0,0.0,1,8.0,2.0,0
3,2,1,2,1,0,0,0,9.0,2.0,21,0,0,0.0,1,4.0,3.0,0
7,1,0,7,3,0,4,0,30.0,3.0,0,1,0,0.0,3,14.0,8.0,0
5,1,1,5,3,0,5,0,20.0,3.0,0,5,0,0.0,3,12.0,4.0,0
7,1,5,2,36,3,1,0,22.0,9.0,19,0,0,0.0,8,13.0,7.0,0
1,1,0,1,1,0,0,0,3.0,2.0,9,0,0,0.0,2,5.0,1.0,0
2,1,2,0,1,0,1,0,6.0,2.0,9,1,0,0.0,2,2.0,2.0,0
49,1,18,31,45,0,5,0,194.0,10.0,9,3,0,0.0,10,119.0,24.0,1
1,2,1,0,6,0,1,0,12.0,4.0,22,1,0,0.0,1,5.0,4.0,0
0,1,0,0,45,0,6,0,30.0,10.0,18,6,0,0.0,10,10.0,10.0,0
15,1,3,13,45,0,5,0,107.0,10.0,9,5,1,0.0,9,41.0,11.0,0
16,1,4,12,91,0,2,0,159.0,14.0,10,1,3,1.0,11,80.0,45.0,1
2,1,1,1,1,0,2,0,9.0,2.0,9,2,1,0.0,1,3.0,2.0,1
5,2,0,5,21,0,0,0,29.0,7.0,16,0,0,0.0,7,12.0,10.0,0
36,2,6,30,435,0,23,0,457.0,30.0,36,3,9,0.0,21,255.0,93.0,0
5,4,3,2,36,2,2,0,24.0,9.0,51,1,0,0.0,8,14.0,7.0,0
15,1,5,10,6,1,1,0,41.0,4.0,0,1,0,0.0,4,23.0,8.0,0
9,3,1,8,6,0,8,4,66.0,4.0,43,7,0,0.0,4,28.0,16.0,0
2,1,2,1,28,0,3,0,29.0,8.0,15,3,0,0.0,8,14.0,9.0,0
5,1,4,1,6,0,1,0,41.0,4.0,9,1,0,0.0,4,19.0,10.0,0
3,5,3,0,3,0,2,1,9.0,3.0,60,0,0,0.0,2,3.0,3.0,0
2,1,2,0,10,0,3,0,15.0,5.0,0,1,0,0.0,5,8.0,5.0,0
1,1,1,0,1,0,0,0,6.0,2.0,0,0,0,0.0,2,2.0,2.0,0
19,1,2,17,10,0,16,0,86.0,5.0,9,0,0,0.0,4,44.0,14.0,0
8,1,6,2,325,1,13,0,83.0,26.0,33,13,0,0.0,26,29.0,26.0,0
10,2,2,8,1035,0,23,0,288.0,46.0,35,23,0,0.0,46,159.0,166.0,0
2,1,1,1,1,0,2,0,26.0,2.0,0,1,0,0.0,2,7.0,2.0,0
7,2,0,7,0,0,1,1,41.0,1.0,2,1,0,0.0,0,18.0,6.0,0
112,1,110,3,55,0,7,0,41.0,11.0,9,7,0,0.0,11,15.0,11.0,0
8,1,3,5,28,0,13,0,92.0,8.0,9,13,3,0.0,5,47.0,17.0,0
2,2,1,1,6,0,1,0,12.0,4.0,22,1,0,0.0,1,5.0,4.0,0
7,3,1,6,15,0,4,4,88.0,6.0,43,4,0,0.0,6,32.0,25.0,0
4,2,1,3,6,0,0,0,40.0,4.0,32,0,0,0.0,4,23.0,4.0,0
4,2,2,2,3,0,1,0,31.0,3.0,10,1,1,0.0,2,11.0,3.0,0
44,3,17,28,66,0,2,6,120.0,12.0,57,2,0,0.0,6,61.0,18.0,1
11,1,3,8,15,0,12,0,77.0,6.0,9,10,2,0.0,4,37.0,21.0,0
20,1,19,1,45,7,5,0,60.0,10.0,18,5,0,0.0,10,19.0,21.0,0
1,1,1,0,3,0,1,0,16.0,3.0,0,1,0,0.0,3,6.0,4.0,0
1,1,1,0,1,0,0,0,6.0,2.0,0,0,0,0.0,2,3.0,2.0,0
5,1,2,5,153,0,8,0,166.0,18.0,16,8,6,0.0,12,81.0,40.0,0
2,1,2,0,1,1,0,0,0.0,2.0,9,0,0,0.0,2,2.0,0.0,0
3,1,1,2,1,0,1,0,9.0,2.0,18,0,0,0.0,2,6.0,6.0,0
1,2,0,1,1,0,1,4,26.0,2.0,11,1,0,0.0,2,8.0,3.0,0
7,1,2,5,21,3,2,0,61.0,7.0,0,2,0,0.0,6,26.0,9.0,0
2,2,1,1,6,0,2,0,9.0,4.0,22,2,0,0.0,1,5.0,3.0,0
7,1,1,6,55,0,5,0,149.0,11.0,9,5,2,0.0,9,51.0,21.0,0
4,1,1,4,28,0,6,0,102.0,8.0,9,6,1,0.0,7,30.0,24.0,0
6,2,0,6,6,0,0,4,56.0,4.0,20,0,0,0.0,2,31.0,13.0,1
110,1,110,1,15,0,1,0,18.0,6.0,9,0,0,0.0,6,16.0,6.0,0
22,2,9,13,36,0,5,1,74.0,9.0,11,5,0,0.0,9,36.0,11.0,0
2,2,1,1,6,0,0,0,9.0,4.0,22,0,0,0.0,1,5.0,3.0,0
5,1,1,4,10,0,3,0,68.0,5.0,9,2,2,0.0,3,21.0,25.0,1
7,1,1,6,1,0,2,0,27.0,2.0,0,2,0,0.0,1,12.0,2.0,0
5,2,2,3,28,0,1,8,43.0,8.0,63,0,0,1.0,2,14.0,10.0,0
0,1,0,0,0,0,31,0,3.0,1.0,0,1,0,30.0,1,2.0,1.0,0
2,1,1,1,15,1,2,0,47.0,6.0,0,1,0,0.0,4,14.0,12.0,0
10,1,9,1,66,0,10,0,45.0,12.0,18,5,0,0.0,12,14.0,14.0,0
4,4,3,1,6,0,1,3,14.0,4.0,75,1,0,0.0,4,5.0,4.0,0
3,2,2,1,6,1,2,0,13.0,4.0,22,2,0,0.0,1,5.0,4.0,0
7,1,2,5,66,0,9,0,157.0,12.0,0,9,4,0.0,6,53.0,22.0,0
1,1,1,0,0,0,17,0,0.0,1.0,18,1,0,16.0,1,1.0,0.0,0
2,1,2,0,1,0,1,0,6.0,2.0,0,0,0,0.0,2,3.0,2.0,0
6,1,1,5,1,0,0,0,44.0,2.0,0,0,1,0.0,1,13.0,3.0,0
6,1,6,0,6,0,2,0,13.0,4.0,18,2,0,0.0,3,5.0,4.0,0
8,1,5,3,6,0,14,0,37.0,4.0,9,4,2,0.0,2,19.0,8.0,2
1,2,1,0,10,0,1,0,12.0,5.0,54,0,0,1.0,5,9.0,4.0,0
1,2,0,1,0,0,0,0,5.0,1.0,1,0,0,0.0,0,2.0,2.0,0
1,1,0,1,10,0,6,0,53.0,5.0,0,6,1,0.0,3,11.0,5.0,0
4,1,0,4,10,0,2,0,65.0,5.0,0,2,1,0.0,3,19.0,9.0,0
15,2,4,11,861,1,6,0,407.0,42.0,2,6,0,0.0,18,271.0,106.0,0
1,1,0,1,15,0,6,0,19.0,6.0,18,6,0,0.0,6,7.0,6.0,0
1,2,0,1,171,0,1,1,92.0,19.0,27,1,0,0.0,19,40.0,19.0,0
1,1,0,1,6,0,0,0,15.0,4.0,9,0,1,0.0,3,10.0,4.0,0
6,1,2,4,6,0,2,0,78.0,4.0,9,2,1,0.0,3,22.0,5.0,0
13,1,4,9,28,0,6,0,51.0,8.0,0,3,0,0.0,7,29.0,15.0,0
9,1,5,4,66,0,9,0,112.0,12.0,0,9,3,0.0,9,31.0,14.0,0
3,4,2,1,10,0,2,0,15.0,5.0,51,0,0,0.0,5,6.0,5.0,0
4,2,0,4,15,0,4,0,187.0,6.0,32,4,4,0.0,2,21.0,14.0,1
8,2,1,7,3,5,0,0,29.0,3.0,11,0,0,0.0,2,16.0,6.0,0
4,2,0,4,3,0,2,0,60.0,3.0,2,2,1,0.0,2,21.0,6.0,0
2,1,0,2,6,0,3,0,18.0,4.0,0,2,0,0.0,4,8.0,4.0,0
16,1,1,15,78,0,5,0,144.0,13.0,0,3,9,1.0,4,83.0,20.0,0
2,1,0,2,15,0,0,0,20.0,6.0,9,0,0,0.0,6,9.0,7.0,0
14,2,1,13,66,0,9,0,223.0,12.0,41,8,1,0.0,11,196.0,75.0,1
3,2,2,1,1,0,0,0,9.0,2.0,13,0,0,0.0,1,7.0,2.0,0
35,1,16,20,990,0,15,0,480.0,45.0,0,14,16,0.0,24,191.0,87.0,0
11,1,4,7,15,0,4,0,56.0,6.0,0,3,0,0.0,6,30.0,12.0,1
33,2,3,32,351,0,3,0,400.0,27.0,36,2,6,0.0,21,175.0,66.0,1
7,1,2,5,3,0,3,0,17.0,3.0,0,3,0,0.0,3,13.0,3.0,0
4,2,0,4,10,0,7,8,19.0,5.0,77,7,0,0.0,2,26.0,3.0,0
9,2,0,9,45,0,1,0,188.0,10.0,16,1,1,0.0,9,59.0,34.0,0
12,1,4,8,6,1,5,0,59.0,4.0,9,5,0,0.0,2,37.0,9.0,0
3,1,1,3,15,0,6,0,36.0,6.0,0,5,1,0.0,5,25.0,8.0,0
0,1,0,0,0,0,0,0,0.0,0.0,9,0,0,0.0,0,0.0,0.0,0
2,3,1,1,1,0,0,0,3.0,2.0,14,0,0,0.0,1,3.0,1.0,0
13,2,0,13,66,0,13,1,225.0,12.0,19,12,6,0.0,5,98.0,28.0,1
0,1,0,0,0,0,14,0,3.0,1.0,0,1,0,13.0,1,2.0,1.0,0
0,1,0,0,3,0,1,0,6.0,3.0,9,1,0,0.0,3,3.0,2.0,0
10,3,1,9,15,0,4,4,72.0,6.0,43,3,2,0.0,4,42.0,21.0,0
3,1,0,3,6,0,1,0,26.0,4.0,9,1,0,0.0,4,12.0,6.0,0
3,1,2,1,1,0,2,0,9.0,2.0,9,2,1,0.0,1,3.0,2.0,1
7,2,0,7,15,0,0,0,25.0,6.0,31,0,0,0.0,6,15.0,7.0,0
27,1,17,10,91,0,4,0,81.0,14.0,14,4,1,0.0,13,48.0,23.0,0
6,1,3,3,10,13,4,0,36.0,5.0,9,4,0,0.0,4,15.0,11.0,0
10,2,2,8,66,0,4,8,117.0,12.0,26,4,1,0.0,7,47.0,22.0,1
13,2,1,12,105,0,6,0,160.0,15.0,12,5,2,0.0,13,94.0,27.0,0
0,1,0,0,0,0,2,0,3.0,1.0,0,1,0,1.0,1,2.0,1.0,0
4,1,0,4,6,0,3,0,43.0,4.0,0,3,0,0.0,4,17.0,8.0,0
1,2,1,0,6,0,0,0,9.0,4.0,22,0,0,0.0,1,5.0,3.0,0
8,1,1,7,28,0,2,0,213.0,8.0,10,2,4,0.0,2,71.0,21.0,0
4,2,2,2,36,0,5,0,43.0,9.0,19,5,0,0.0,8,23.0,11.0,0
15,1,10,6,28,0,1,0,41.0,8.0,13,1,1,0.0,6,25.0,11.0,1
14,1,2,12,6,0,4,0,78.0,4.0,9,1,0,0.0,4,45.0,10.0,0
6,1,0,6,21,0,8,0,114.0,7.0,0,8,2,0.0,1,40.0,16.0,0
1,2,1,1,3,0,2,0,17.0,3.0,15,2,0,0.0,3,8.0,5.0,0
10,1,2,8,21,0,3,0,91.0,7.0,22,3,1,0.0,6,46.0,27.0,0
2,2,1,1,6,0,0,0,12.0,4.0,22,0,0,0.0,1,5.0,3.0,0
23,2,2,23,55,0,11,1,214.0,11.0,19,11,5,0.0,5,104.0,36.0,3
0,1,0,0,0,0,2,0,4.0,1.0,10,0,0,2.0,1,1.0,1.0,0
1,2,0,1,21,0,3,0,40.0,7.0,25,3,0,0.0,7,12.0,12.0,0
9,3,1,8,10,0,1,1,51.0,5.0,19,0,1,1.0,4,38.0,15.0,0
11,1,0,11,6,0,2,0,57.0,4.0,0,1,0,0.0,4,25.0,11.0,0
16,1,13,3,21,0,3,0,27.0,7.0,9,3,0,0.0,7,11.0,8.0,0
7,1,3,4,21,0,4,0,34.0,7.0,0,1,0,1.0,7,23.0,9.0,0
0,1,0,0,0,0,4,0,3.0,1.0,0,1,0,3.0,1,2.0,1.0,0
22,2,2,21,28,0,1,0,152.0,8.0,17,1,1,0.0,7,100.0,30.0,1
26,1,23,3,91,2,3,0,87.0,14.0,9,2,0,0.0,14,49.0,33.0,0
6,1,3,3,6,0,0,0,65.0,4.0,9,0,0,0.0,4,27.0,17.0,0
28,1,10,19,325,0,1,0,602.0,26.0,9,1,11,0.0,14,135.0,101.0,0
2,2,0,2,6,0,1,6,20.0,4.0,45,1,0,0.0,3,7.0,9.0,0
9,1,1,8,6,0,8,0,77.0,4.0,51,6,0,0.0,4,24.0,13.0,1
17,1,5,12,55,0,10,0,226.0,11.0,0,10,3,0.0,6,58.0,18.0,0
4,3,0,4,3,0,0,2,19.0,3.0,42,0,0,0.0,3,7.0,7.0,0
4,1,1,3,1,0,1,0,21.0,2.0,9,1,1,0.0,1,14.0,3.0,0
6,2,1,5,3,0,0,0,21.0,3.0,11,0,0,0.0,3,14.0,2.0,0
231,1,220,12,1770,0,34,0,336.0,60.0,19,21,8,0.0,52,190.0,106.0,1
0,2,0,0,0,0,0,0,3.0,1.0,18,0,0,0.0,1,1.0,1.0,0
3,1,1,2,15,0,0,0,30.0,6.0,9,0,0,0.0,6,9.0,9.0,0
3,1,3,0,21,3,3,0,40.0,7.0,9,3,0,0.0,7,10.0,12.0,0
21,1,1,20,66,0,17,0,523.0,12.0,51,17,6,0.0,6,248.0,130.0,1
2,2,1,1,0,0,0,0,3.0,1.0,5,0,0,0.0,1,2.0,1.0,0
2,1,2,0,0,0,3,0,12.0,1.0,9,1,0,0.0,1,4.0,2.0,0
2,1,2,0,21,0,7,0,26.0,7.0,18,7,0,0.0,7,7.0,7.0,0
11,1,10,1,91,0,10,0,51.0,14.0,18,6,0,0.0,14,16.0,16.0,0
10,1,5,5,10,0,1,0,25.0,5.0,9,1,0,0.0,5,16.0,8.0,1
3,1,3,0,15,0,1,0,24.0,6.0,0,1,0,0.0,5,13.0,5.0,0
2,1,2,0,1,0,1,0,24.0,2.0,9,0,0,0.0,2,12.0,8.0,0
1,3,1,0,15,0,2,0,43.0,6.0,12,2,0,0.0,6,9.0,7.0,0
0,1,0,0,15,0,8,0,41.0,6.0,9,8,0,0.0,6,11.0,7.0,0
3,1,1,2,3,0,4,0,24.0,3.0,9,4,0,0.0,3,9.0,4.0,0
22,1,1,21,210,0,9,0,301.0,21.0,0,9,8,0.0,11,122.0,30.0,1
7,1,1,6,21,0,2,0,96.0,7.0,0,2,3,0.0,4,44.0,35.0,0
5,1,4,1,1,0,1,0,8.0,2.0,0,0,0,0.0,2,6.0,2.0,0
7,1,2,5,15,4,1,0,41.0,6.0,0,1,0,0.0,1,19.0,15.0,0
3,1,0,3,3,0,0,0,42.0,3.0,0,0,0,0.0,3,12.0,13.0,0
1,2,0,1,0,0,0,0,14.0,1.0,11,0,0,0.0,1,3.0,5.0,0
15,1,0,15,120,0,2,0,456.0,16.0,9,2,15,0.0,1,142.0,84.0,0
2,1,1,1,15,0,2,0,32.0,6.0,0,2,2,0.0,4,16.0,9.0,0
10,1,5,6,253,0,10,0,130.0,23.0,20,10,2,0.0,19,81.0,32.0,0
2,1,1,2,1,0,2,0,11.0,2.0,0,2,0,0.0,2,7.0,3.0,0
1,1,0,1,3,0,0,0,9.0,3.0,9,0,0,0.0,3,4.0,3.0,0
6,2,6,0,10,0,2,0,12.0,5.0,20,2,0,0.0,5,5.0,4.0,0
10,1,9,1,153,0,9,0,52.0,18.0,18,9,0,0.0,18,20.0,17.0,0
15,2,0,15,36,0,7,4,189.0,9.0,12,6,6,0.0,1,62.0,17.0,0
14,1,0,14,3,0,1,0,64.0,3.0,9,1,0,0.0,3,32.0,13.0,0
7,1,2,5,6,1,0,0,50.0,4.0,9,0,0,0.0,2,25.0,14.0,0
1,1,0,1,3,0,0,0,10.0,3.0,0,0,0,0.0,3,6.0,3.0,0
1,1,0,1,0,0,1,0,14.0,1.0,0,0,0,0.0,1,7.0,4.0,1
2,2,2,0,1,0,1,0,3.0,2.0,19,1,0,0.0,1,3.0,1.0,0
12,2,3,10,36,0,5,0,124.0,9.0,17,5,1,0.0,8,67.0,28.0,2
13,1,6,7,136,0,6,0,153.0,17.0,9,5,4,0.0,13,67.0,49.0,0
2,1,2,0,1,0,1,0,6.0,2.0,9,1,0,0.0,2,2.0,2.0,0
0,1,0,0,0,0,2,0,4.0,1.0,10,0,0,2.0,1,1.0,1.0,0
6,2,1,5,15,1,0,4,25.0,6.0,17,0,0,0.0,6,15.0,9.0,0
2,1,0,2,0,0,0,0,3.0,1.0,9,0,0,0.0,1,3.0,1.0,0
6,1,0,6,28,4,5,0,74.0,8.0,9,1,0,0.0,4,33.0,15.0,0
0,1,0,0,0,0,1,0,0.0,0.0,9,0,0,0.0,0,0.0,0.0,0
4,2,2,2,3,0,1,0,17.0,3.0,10,1,0,0.0,3,6.0,5.0,0
8,3,1,7,6,0,6,4,42.0,4.0,43,5,0,0.0,4,20.0,13.0,0
0,1,0,0,0,0,3,0,3.0,1.0,0,1,0,2.0,1,2.0,1.0,0
1,1,0,1,3,0,2,0,23.0,3.0,9,2,0,0.0,3,8.0,7.0,0
2,1,0,2,36,0,5,0,111.0,9.0,0,5,1,0.0,7,24.0,10.0,0
10,1,1,9,45,0,9,0,152.0,10.0,14,9,0,0.0,10,91.0,21.0,0
12,1,6,7,45,0,5,0,51.0,10.0,0,4,2,0.0,8,26.0,13.0,0
2,1,1,1,1,0,2,0,9.0,2.0,9,2,1,0.0,1,3.0,2.0,0
6,2,0,6,15,0,0,4,26.0,6.0,17,0,0,0.0,6,16.0,9.0,0
0,2,0,0,1,0,0,4,6.0,2.0,17,0,0,0.0,1,2.0,2.0,0
11,1,0,11,45,0,13,0,307.0,10.0,9,0,3,8.0,7,129.0,34.0,0
28,1,26,4,435,0,2,0,194.0,30.0,9,2,1,0.0,27,106.0,39.0,0
3,1,0,3,1,2,1,0,21.0,2.0,0,0,0,0.0,1,9.0,5.0,0
10,1,3,8,21,0,2,0,70.0,7.0,9,2,0,0.0,7,28.0,20.0,0
44,2,42,2,21,37,1,4,15.0,7.0,36,1,0,0.0,6,11.0,5.0,0
2,1,1,1,15,0,2,0,40.0,6.0,9,2,1,0.0,5,12.0,7.0,0
0,1,0,0,0,0,6,0,2.0,1.0,0,1,1,5.0,0,1.0,1.0,0
40,1,5,35,105,0,29,0,461.0,15.0,9,29,11,0.0,4,259.0,108.0,1
20,3,1,19,91,0,7,1,199.0,14.0,21,7,3,0.0,9,97.0,42.0,1
3,2,3,0,0,0,1,0,3.0,1.0,23,1,0,0.0,1,1.0,1.0,0
4,2,0,4,1,0,0,0,9.0,2.0,4,0,0,0.0,1,6.0,4.0,0
10,1,4,6,21,0,1,0,39.0,7.0,9,1,1,0.0,6,21.0,10.0,0
3,2,3,0,3,2,0,0,10.0,3.0,55,0,0,0.0,3,3.0,3.0,0
3,1,0,3,1,0,0,0,32.0,2.0,0,0,0,0.0,0,7.0,6.0,0
0,1,0,0,0,0,4,0,3.0,1.0,0,1,0,3.0,1,2.0,1.0,0
4,3,0,4,1,1,0,1,9.0,2.0,31,0,0,0.0,2,11.0,2.0,0
47,2,17,32,406,0,11,0,417.0,29.0,36,8,3,0.0,26,230.0,85.0,0
0,1,0,0,21,0,2,0,31.0,7.0,0,2,0,0.0,6,14.0,11.0,1
0,2,0,0,0,0,0,4,3.0,1.0,17,0,0,0.0,0,1.0,1.0,0
1,1,1,0,1,0,3,0,17.0,2.0,9,0,0,2.0,2,2.0,8.0,0
3,1,2,1,1,0,2,0,9.0,2.0,9,2,1,0.0,1,3.0,2.0,1
1,1,1,0,3,1,1,0,6.0,3.0,9,1,0,0.0,3,3.0,2.0,0
1,2,0,1,946,0,5,0,1831.0,44.0,46,4,5,1.0,38,398.0,136.0,0
1,2,0,1,0,0,0,1,13.0,1.0,2,0,0,0.0,0,8.0,4.0,1
2,1,2,0,1,0,1,0,7.0,2.0,0,1,0,0.0,2,2.0,2.0,0
5,2,2,4,21,1,5,0,44.0,7.0,22,4,1,0.0,1,18.0,9.0,0
6,1,6,0,10,0,2,0,12.0,5.0,9,2,0,0.0,5,6.0,4.0,0
2,1,2,0,3,0,2,0,10.0,3.0,9,0,0,2.0,3,3.0,3.0,0
15,3,1,14,10,0,8,0,61.0,5.0,10,8,1,0.0,3,33.0,8.0,1
34,3,9,25,1770,2,16,4,611.0,60.0,36,16,11,0.0,42,369.0,175.0,1
10,3,1,9,3,0,2,4,32.0,3.0,43,2,0,0.0,3,20.0,7.0,0
0,1,0,0,0,0,8,0,3.0,1.0,0,1,0,7.0,1,2.0,1.0,0
8,1,1,7,1,0,2,0,16.0,2.0,9,2,0,0.0,2,12.0,2.0,0
10,1,0,10,0,0,1,0,32.0,1.0,9,1,0,0.0,1,25.0,2.0,0
7,1,1,6,3,0,3,0,28.0,3.0,0,2,0,0.0,3,15.0,6.0,1
0,1,0,0,6,0,0,0,9.0,4.0,0,0,0,0.0,4,7.0,4.0,0
13,1,2,11,15,0,3,0,62.0,6.0,12,3,0,0.0,6,35.0,15.0,0
7,1,0,7,15,0,0,0,44.0,6.0,9,0,0,0.0,6,19.0,12.0,0
7,1,6,1,21,1,0,0,6.0,7.0,9,0,0,0.0,7,11.0,2.0,0
1,3,0,1,15,0,3,0,38.0,6.0,52,3,0,0.0,6,10.0,11.0,0
2,1,1,1,1,0,2,0,9.0,2.0,9,2,1,0.0,1,3.0,2.0,0
2,1,0,2,3,0,0,0,22.0,3.0,9,0,1,0.0,2,9.0,6.0,0
2,1,2,0,91,0,6,0,41.0,14.0,9,6,0,0.0,14,14.0,14.0,0
1,3,1,0,0,1,0,1,3.0,1.0,15,0,0,0.0,1,1.0,1.0,0
5,1,2,3,21,0,5,0,42.0,7.0,0,0,1,0.0,6,32.0,8.0,0
1,2,1,0,0,0,1,0,3.0,1.0,26,1,0,0.0,1,1.0,2.0,0
17,1,6,11,66,3,5,0,76.0,12.0,0,5,0,0.0,10,37.0,22.0,0
4,1,0,4,1,0,0,0,55.0,2.0,9,0,1,0.0,1,26.0,12.0,0
17,2,0,17,55,0,8,1,225.0,11.0,19,8,7,0.0,4,99.0,29.0,2
2,1,2,1,120,0,8,0,132.0,16.0,9,8,0,0.0,16,36.0,18.0,0
4,2,0,4,1,0,1,1,23.0,2.0,11,1,0,0.0,2,15.0,6.0,0
2,2,1,1,6,0,1,0,9.0,4.0,22,1,0,0.0,1,5.0,3.0,0
3,1,0,3,15,0,4,1,100.0,6.0,35,4,1,0.0,5,23.0,22.0,0
11,2,0,11,28,0,1,0,98.0,8.0,16,1,0,0.0,8,46.0,22.0,0
2,2,1,1,6,0,1,0,10.0,4.0,22,0,0,0.0,1,5.0,3.0,0
4,2,1,3,1,0,1,0,8.0,2.0,13,1,0,0.0,2,5.0,2.0,0
30,3,11,19,2485,6,56,1,1144.0,71.0,15,32,8,0.0,52,330.0,147.0,0
2,2,1,1,6,0,0,0,9.0,4.0,22,0,0,0.0,1,5.0,3.0,0
4,1,4,0,21,0,4,0,23.0,7.0,0,3,0,0.0,7,8.0,7.0,0
1,1,0,1,0,0,0,0,9.0,1.0,0,0,0,0.0,1,4.0,1.0,0
1,2,0,1,3,0,0,0,9.0,3.0,22,0,0,0.0,0,4.0,3.0,0
9,3,1,8,6,0,1,4,20.0,4.0,43,1,0,0.0,3,17.0,8.0,0
3,2,0,3,3,0,1,0,20.0,3.0,4,1,2,0.0,0,16.0,8.0,0
8,3,3,5,36,0,6,8,74.0,9.0,72,5,1,1.0,3,38.0,20.0,0
1,1,1,0,6,0,0,0,11.0,4.0,0,0,0,0.0,4,5.0,4.0,0
26,2,12,17,703,0,21,4,308.0,38.0,10,21,3,0.0,34,167.0,74.0,0
43,2,5,39,1275,0,20,21,707.0,51.0,68,14,22,0.0,29,344.0,117.0,3
31,1,31,0,55,8,5,0,36.0,11.0,9,5,0,0.0,11,11.0,11.0,0
3,1,3,0,1,0,1,0,6.0,2.0,0,0,0,0.0,2,3.0,2.0,0
6,3,1,6,6,0,4,4,33.0,4.0,43,4,0,0.0,4,20.0,8.0,0
3,1,1,2,28,0,1,0,39.0,8.0,9,1,0,0.0,8,17.0,11.0,0
3,2,2,1,6,0,14,0,14.0,4.0,14,1,1,0.0,2,9.0,4.0,1
0,1,0,0,0,0,12,0,3.0,1.0,0,1,0,11.0,1,2.0,1.0,0
7,1,4,3,435,0,14,0,148.0,30.0,9,9,0,0.0,29,65.0,41.0,0
2,1,2,0,15,2,3,0,37.0,6.0,18,3,0,0.0,6,8.0,11.0,0
18,1,1,17,10,0,0,0,104.0,5.0,10,0,1,0.0,4,42.0,14.0,0
19,2,15,5,105,0,5,1,117.0,15.0,23,5,3,0.0,11,68.0,29.0,0
15,1,4,11,36,0,2,0,129.0,9.0,9,2,1,0.0,8,51.0,21.0,0
2,1,0,2,6,0,5,2,33.0,4.0,57,0,0,5.0,4,8.0,9.0,0
2,1,0,2,231,0,11,0,125.0,22.0,18,11,0,0.0,22,58.0,67.0,0
9,3,1,8,6,0,2,4,31.0,4.0,43,2,0,0.0,3,19.0,10.0,0
1,2,0,1,1,0,1,0,6.0,2.0,19,0,0,0.0,1,3.0,2.0,0
14,2,12,2,28,8,4,0,49.0,8.0,35,4,0,0.0,8,17.0,18.0,0
0,1,0,0,28,5,0,0,15.0,8.0,9,0,0,0.0,4,8.0,4.0,0
1,1,0,1,325,0,13,0,125.0,26.0,18,13,0,0.0,26,49.0,49.0,0
0,1,0,0,0,0,2,0,3.0,1.0,0,1,0,1.0,1,2.0,1.0,0
3,3,1,2,1,0,0,7,3.0,2.0,39,0,0,0.0,2,4.0,1.0,0
28,3,9,21,153,0,5,6,103.0,18.0,57,5,1,0.0,10,56.0,23.0,0
14,1,14,0,66,0,5,0,35.0,12.0,9,5,0,0.0,12,12.0,12.0,0
0,1,0,0,15,1,0,0,6.0,6.0,9,0,0,0.0,6,6.0,2.0,0
9,2,0,9,36,0,0,0,77.0,9.0,16,0,2,0.0,7,42.0,24.0,0
1,1,0,1,0,0,5,0,8.0,1.0,9,2,0,0.0,1,2.0,1.0,0
11,1,11,0,21,9,0,0,0.0,7.0,9,0,0,0.0,7,7.0,0.0,0
1,1,1,1,3,0,2,0,11.0,3.0,0,2,0,0.0,3,4.0,3.0,0
2,1,1,1,3,0,1,0,50.0,3.0,0,1,0,0.0,3,27.0,12.0,0
11,3,5,6,231,0,4,0,131.0,22.0,44,2,0,1.0,17,63.0,34.0,0
74,1,62,12,300,0,11,0,274.0,25.0,17,6,2,0.0,21,147.0,51.0,0
2,1,2,0,1,0,0,0,3.0,2.0,9,0,0,0.0,2,2.0,4.0,0
4,1,0,4,0,0,1,0,33.0,1.0,10,1,0,0.0,1,17.0,4.0,0
4,1,1,3,1,0,1,0,23.0,2.0,0,0,0,0.0,2,13.0,8.0,0
1,1,0,1,10,0,0,0,25.0,5.0,9,0,0,0.0,5,7.0,7.0,0
0,1,0,0,1,0,0,0,40.0,2.0,9,0,0,0.0,2,5.0,21.0,0
0,1,0,0,3,0,1,0,8.0,3.0,0,1,1,0.0,2,5.0,2.0,0
6,1,0,6,91,0,4,0,102.0,14.0,13,4,1,0.0,11,54.0,22.0,0
8,1,3,5,105,1,7,0,144.0,15.0,0,6,1,0.0,5,41.0,16.0,3
7,1,1,6,10,0,8,1,58.0,5.0,65,6,0,0.0,4,31.0,8.0,0
4,1,4,0,45,4,5,0,32.0,10.0,9,5,0,0.0,9,13.0,10.0,0
0,1,0,0,0,0,8,0,3.0,1.0,0,1,0,7.0,1,2.0,1.0,0
4,1,0,4,10,0,2,0,16.0,5.0,9,2,0,0.0,5,12.0,5.0,0
5,1,1,4,6,0,0,0,98.0,4.0,9,0,0,0.0,4,34.0,10.0,0
14,2,0,14,66,0,0,0,63.0,12.0,31,0,0,0.0,12,44.0,18.0,0
20,1,3,17,66,0,9,0,207.0,12.0,0,8,2,0.0,10,93.0,37.0,0
2,1,0,2,1,0,2,0,43.0,2.0,0,2,0,0.0,2,13.0,2.0,0
5,2,2,3,21,0,1,0,26.0,7.0,31,1,0,0.0,7,17.0,7.0,0
4,1,3,1,210,0,3,0,132.0,21.0,0,3,1,0.0,18,48.0,31.0,3
11,2,2,9,1,0,0,0,39.0,2.0,10,0,0,0.0,2,18.0,3.0,0
3,1,1,3,1,0,2,0,15.0,2.0,9,2,0,0.0,2,9.0,3.0,0
8,3,1,7,6,0,4,4,65.0,4.0,43,2,0,0.0,4,32.0,16.0,0
6,2,2,4,10,0,1,0,64.0,5.0,4,1,3,0.0,1,27.0,15.0,0
3,2,1,2,15,0,2,0,35.0,6.0,32,2,0,0.0,6,21.0,7.0,0
4,1,1,3,45,0,3,0,54.0,10.0,0,3,0,0.0,10,24.0,15.0,0
1,2,0,1,861,0,2,0,255.0,42.0,55,2,1,0.0,41,123.0,83.0,0
6,1,1,5,6,0,1,0,55.0,4.0,0,1,1,0.0,3,27.0,15.0,0
5,1,5,0,3,0,2,0,12.0,3.0,18,2,0,0.0,2,4.0,3.0,0
0,2,0,0,0,0,0,4,3.0,1.0,17,0,0,0.0,0,1.0,1.0,2
6,1,1,5,6,1,2,0,22.0,4.0,0,2,0,0.0,3,19.0,4.0,0
0,1,0,0,10,0,3,0,12.0,5.0,18,3,0,0.0,5,5.0,4.0,0
7,1,2,5,21,0,2,0,30.0,7.0,9,2,1,0.0,6,26.0,9.0,0
1,1,0,1,10,0,1,0,19.0,5.0,9,1,0,0.0,5,8.0,5.0,0
7,1,1,6,3,0,1,0,29.0,3.0,0,1,1,0.0,1,14.0,3.0,0
2,1,0,2,0,0,0,0,21.0,1.0,0,0,0,0.0,1,11.0,4.0,0
3,2,1,3,15,1,5,0,22.0,6.0,22,4,0,0.0,1,10.0,6.0,0
28,1,22,7,171,15,6,0,88.0,19.0,0,5,0,0.0,12,41.0,24.0,1
0,1,0,0,0,0,3,0,3.0,1.0,9,1,0,2.0,1,2.0,1.0,0
5,1,1,4,6,0,3,0,20.0,4.0,0,3,0,0.0,4,11.0,6.0,0
12,1,1,11,171,0,4,0,154.0,19.0,14,3,2,0.0,17,78.0,41.0,0
16,3,2,14,780,0,9,4,452.0,40.0,36,9,11,0.0,28,203.0,123.0,1
1,1,1,0,6,0,21,0,56.0,4.0,9,1,0,0.0,4,5.0,12.0,0
15,1,9,6,136,0,19,0,419.0,17.0,0,19,8,0.0,9,75.0,42.0,0
0,2,0,0,0,1,1,0,3.0,1.0,26,1,0,0.0,1,1.0,1.0,0
3,1,0,3,1,0,0,0,36.0,2.0,0,0,1,0.0,1,16.0,7.0,0
6,2,1,5,153,0,10,1,179.0,18.0,21,10,8,0.0,9,69.0,27.0,1
1,1,0,1,6,0,0,0,38.0,4.0,0,0,0,0.0,4,16.0,12.0,0
5,1,4,1,1,0,2,0,9.0,2.0,9,2,1,0.0,1,3.0,2.0,0
2,2,0,2,6,0,0,0,18.0,4.0,17,0,0,0.0,0,8.0,6.0,0
3,1,2,1,6,49,0,0,7.0,4.0,18,0,0,0.0,1,6.0,1.0,0
2,1,0,2,6,0,3,0,20.0,4.0,0,3,1,0.0,2,12.0,5.0,1
9,2,0,9,3,0,2,1,120.0,3.0,19,2,1,0.0,2,66.0,13.0,0
0,1,0,0,0,0,24,0,3.0,1.0,0,1,0,23.0,1,2.0,1.0,0
4,1,1,3,10,0,0,0,27.0,5.0,0,0,0,0.0,5,15.0,7.0,0
8,2,0,8,10,0,3,1,83.0,5.0,19,3,1,0.0,4,39.0,18.0,2
1,1,1,0,0,0,1,0,3.0,1.0,26,1,0,0.0,1,1.0,1.0,0
2,1,1,1,66,0,2,0,114.0,12.0,9,2,6,0.0,6,56.0,31.0,0
2,2,1,1,36,0,8,0,51.0,9.0,12,8,0,0.0,8,15.0,18.0,0
6,2,6,0,3,0,2,1,12.0,3.0,28,2,0,0.0,3,3.0,3.0,0
5,2,5,0,21,0,6,0,24.0,7.0,13,6,0,0.0,7,7.0,7.0,0
26,2,7,21,153,0,2,0,350.0,18.0,17,2,2,0.0,14,169.0,44.0,2
9,3,1,8,15,0,5,4,74.0,6.0,43,4,0,0.0,6,26.0,19.0,0
0,1,0,0,0,0,13,0,3.0,1.0,0,1,0,12.0,1,2.0,1.0,0
2,2,1,1,6,0,1,0,23.0,4.0,22,1,0,0.0,1,10.0,5.0,0
32,1,1,31,276,0,54,0,569.0,24.0,9,6,10,0.0,14,368.0,94.0,1
3,2,3,0,3,0,1,0,6.0,3.0,20,1,0,0.0,3,3.0,2.0,0
2,1,2,0,66,0,6,0,46.0,12.0,9,5,0,1.0,12,12.0,17.0,0
2,2,2,1,1,0,2,0,27.0,2.0,2,2,0,0.0,2,8.0,4.0,0
12,1,10,2,300,0,11,0,118.0,25.0,9,0,2,4.0,23,46.0,39.0,0
5,1,0,5,45,0,5,0,65.0,10.0,18,5,0,0.0,10,27.0,28.0,0
6,2,5,1,253,0,7,0,73.0,23.0,36,5,0,0.0,23,25.0,23.0,2
5,2,0,5,21,0,6,3,43.0,7.0,16,6,0,0.0,7,24.0,12.0,0
2,1,0,2,6,0,3,0,44.0,4.0,0,3,0,0.0,4,11.0,4.0,0
9,2,5,4,253,0,6,0,101.0,23.0,29,6,1,0.0,21,60.0,31.0,0
1,1,1,0,1,0,5,0,81.0,2.0,0,5,0,0.0,2,5.0,4.0,0
4,2,2,3,15,1,5,0,23.0,6.0,22,4,0,0.0,1,10.0,6.0,0
13,1,2,11,561,0,13,0,206.0,34.0,9,8,2,0.0,27,135.0,52.0,0
20,2,3,19,171,0,8,0,295.0,19.0,4,8,7,0.0,12,93.0,34.0,0
6,1,1,5,21,0,5,0,64.0,7.0,0,4,0,0.0,4,20.0,8.0,0
5,1,5,0,21,0,4,0,40.0,7.0,18,4,0,0.0,6,12.0,13.0,0
3,1,3,0,66,0,5,0,36.0,12.0,9,4,0,1.0,12,12.0,12.0,0
31,1,18,14,45,0,9,0,213.0,10.0,0,9,0,0.0,10,128.0,45.0,1
2,2,0,2,0,0,0,0,7.0,1.0,10,0,0,0.0,1,5.0,3.0,0
9,1,2,7,0,0,0,0,34.0,1.0,9,0,0,0.0,1,25.0,6.0,0
0,1,0,0,0,0,8,0,3.0,1.0,0,1,0,7.0,1,2.0,1.0,0
6,2,2,4,15,0,1,0,79.0,6.0,11,1,1,0.0,5,22.0,24.0,0
2,1,2,0,15,0,5,0,19.0,6.0,0,1,0,0.0,6,10.0,6.0,0
4,2,1,3,3,0,0,8,16.0,3.0,22,0,0,0.0,3,10.0,4.0,0
15,1,12,3,10,0,1,0,27.0,5.0,9,0,0,1.0,5,20.0,10.0,0
0,1,0,0,0,0,4,0,3.0,1.0,0,1,0,3.0,1,2.0,1.0,0
13,2,4,9,153,2,10,0,224.0,18.0,2,9,7,1.0,7,91.0,33.0,1
0,1,0,0,0,0,12,0,3.0,1.0,0,1,0,11.0,1,2.0,1.0,0
10,2,3,7,66,0,1,1,147.0,12.0,23,0,0,0.0,12,49.0,32.0,0
4,1,1,3,1,0,1,0,31.0,2.0,9,1,0,0.0,2,12.0,5.0,1
0,1,0,0,1,0,2,0,29.0,2.0,18,2,0,0.0,2,4.0,2.0,0
12,2,0,12,10,0,1,0,70.0,5.0,13,1,0,0.0,5,45.0,14.0,0
5,1,4,1,21,0,6,0,26.0,7.0,15,6,0,0.0,7,13.0,7.0,0
4,1,1,3,6,5,0,0,40.0,4.0,9,0,2,0.0,2,13.0,16.0,0
1,1,1,0,21,3,4,0,24.0,7.0,9,4,0,0.0,7,9.0,6.0,0
2,2,1,1,6,0,0,0,9.0,4.0,22,0,0,0.0,1,5.0,3.0,0
2,1,1,1,1,0,2,0,9.0,2.0,9,2,1,0.0,1,3.0,2.0,0
0,1,0,0,0,0,13,0,3.0,1.0,0,1,0,12.0,1,2.0,1.0,0
0,1,0,0,1,4,0,0,13.0,2.0,0,0,0,0.0,0,6.0,2.0,0
1,1,0,1,0,0,1,0,10.0,1.0,0,1,0,0.0,1,5.0,3.0,0
50,1,39,15,1225,1,14,0,197.0,50.0,9,8,0,0.0,50,133.0,61.0,0
8,1,8,0,21,0,6,0,27.0,7.0,18,6,0,0.0,6,8.0,7.0,0
17,1,2,16,10,1,1,0,132.0,5.0,0,0,0,0.0,4,44.0,13.0,0
1,2,0,1,21,0,3,0,40.0,7.0,25,3,0,0.0,7,12.0,12.0,0
6,1,3,3,6,0,63,0,47.0,4.0,9,6,1,0.0,3,15.0,13.0,0
33,1,28,6,435,1,14,0,209.0,30.0,9,14,2,0.0,27,84.0,54.0,1
2,1,0,2,15,0,2,0,78.0,6.0,9,1,3,0.0,3,29.0,15.0,0
13,1,6,8,21,0,4,0,61.0,7.0,0,1,1,1.0,5,36.0,10.0,2
2,1,2,0,1,3,0,0,0.0,2.0,9,0,0,0.0,2,2.0,0.0,0
7,2,1,6,10,0,2,0,33.0,5.0,32,2,0,0.0,4,25.0,5.0,0
4,1,3,1,1,0,2,0,9.0,2.0,9,2,1,0.0,1,3.0,2.0,1
9,2,0,9,28,0,0,8,54.0,8.0,63,0,0,0.0,2,27.0,11.0,0
21,3,5,16,496,2,8,4,412.0,32.0,36,8,9,0.0,22,169.0,98.0,1
3,1,2,1,1,0,2,0,9.0,2.0,9,2,1,0.0,1,3.0,2.0,0
1,1,1,0,1,0,0,0,18.0,2.0,9,0,0,0.0,2,8.0,7.0,0
5,1,1,4,6,0,0,0,9.0,4.0,12,0,0,0.0,4,9.0,3.0,0
0,1,0,0,0,0,0,0,8.0,1.0,0,0,0,0.0,1,2.0,1.0,0
5,1,2,3,1,0,2,0,37.0,2.0,9,2,0,0.0,2,22.0,19.0,0
10,1,5,7,91,0,5,0,134.0,14.0,0,5,10,0.0,4,51.0,16.0,1
5,1,4,1,1,0,2,0,9.0,2.0,9,2,1,0.0,1,3.0,2.0,1
1,1,1,0,6,0,2,0,15.0,4.0,0,1,0,0.0,4,6.0,4.0,0
12,1,0,12,10,0,2,0,90.0,5.0,9,2,0,0.0,4,38.0,29.0,0
6,1,6,0,351,0,14,0,99.0,27.0,16,11,0,0.0,27,31.0,30.0,0
5,1,1,4,15,0,2,0,24.0,6.0,0,1,0,0.0,5,20.0,6.0,0
1,2,0,1,0,0,0,0,5.0,1.0,1,0,0,0.0,0,2.0,3.0,0
2,1,2,0,6,1,0,0,0.0,4.0,9,0,0,0.0,4,4.0,0.0,0
16,1,5,11,45,0,20,0,127.0,10.0,0,2,1,0.0,9,60.0,30.0,0
4,1,0,4,66,1,17,0,555.0,12.0,0,0,0,0.0,10,182.0,81.0,0
11,4,1,10,91,0,15,25,265.0,14.0,78,15,5,0.0,5,86.0,24.0,0
2,2,1,1,6,0,0,0,9.0,4.0,22,0,0,0.0,1,5.0,3.0,0
2,2,1,1,21,0,1,0,27.0,7.0,15,1,0,0.0,7,10.0,9.0,0
8,2,0,8,66,0,1,1,258.0,12.0,23,0,0,0.0,12,105.0,56.0,0
0,1,0,0,0,0,120,0,3.0,1.0,0,1,0,119.0,1,2.0,1.0,1
1,1,0,1,6,0,1,0,54.0,4.0,0,0,0,0.0,4,24.0,14.0,0
3,1,1,2,6,0,2,0,19.0,4.0,9,2,1,0.0,3,7.0,6.0,1
5,2,1,4,1,0,2,0,49.0,2.0,32,2,0,0.0,2,17.0,4.0,0
11,1,0,11,15,0,0,0,67.0,6.0,9,0,1,0.0,5,37.0,22.0,1
7,1,7,0,6,4,0,0,0.0,4.0,9,0,0,0.0,4,4.0,0.0,0
6,1,1,5,15,0,6,0,55.0,6.0,51,6,0,0.0,5,20.0,13.0,0
3,1,1,2,45,0,5,0,59.0,10.0,18,5,0,0.0,10,22.0,25.0,0
5,2,2,3,6,0,3,0,18.0,4.0,22,3,0,0.0,2,9.0,6.0,0
6,1,1,5,21,0,4,1,105.0,7.0,26,4,1,0.0,5,28.0,27.0,0
3,1,0,3,6,0,4,0,34.0,4.0,9,3,2,0.0,2,19.0,7.0,0
97,1,53,58,2211,0,82,0,1115.0,67.0,0,68,23,2.0,43,470.0,199.0,4
10,1,2,8,36,0,4,0,91.0,9.0,9,4,3,0.0,5,53.0,26.0,0
4,2,1,3,78,0,4,1,47.0,13.0,28,4,1,0.0,12,23.0,13.0,0
4,1,1,3,1,0,0,0,16.0,2.0,9,0,0,0.0,2,10.0,6.0,0
4,1,0,4,6,0,0,0,73.0,4.0,0,0,0,0.0,4,32.0,7.0,2
2,1,1,1,1,0,2,0,9.0,2.0,9,2,1,0.0,1,3.0,2.0,1
7,2,1,6,21,2,3,2,64.0,7.0,25,0,0,0.0,7,22.0,21.0,0
1,2,0,1,1,0,1,0,40.0,2.0,2,1,0,0.0,2,16.0,7.0,0
2,2,1,1,6,0,0,0,9.0,4.0,22,0,0,0.0,1,5.0,3.0,0
10,3,2,8,6,0,8,0,46.0,4.0,10,8,0,0.0,4,21.0,5.0,1
1,1,1,0,0,4,0,0,0.0,1.0,18,0,0,0.0,0,1.0,0.0,0
2,2,1,1,6,0,0,0,9.0,4.0,22,0,0,0.0,1,5.0,3.0,0
6,1,2,4,55,0,1,0,35.0,11.0,9,1,0,0.0,11,18.0,11.0,0
3,1,0,3,6,0,16,0,35.0,4.0,9,2,3,0.0,1,19.0,8.0,0
1,1,0,1,0,0,0,0,36.0,1.0,9,0,0,0.0,1,8.0,4.0,0
0,1,0,0,0,0,6,0,0.0,0.0,0,1,0,5.0,0,0.0,0.0,0
8,1,6,6,91,4,10,0,63.0,14.0,18,1,2,0.0,11,31.0,19.0,0
1,2,0,1,1,0,1,0,6.0,2.0,19,0,0,0.0,2,3.0,2.0,0
3,2,2,1,3,0,1,0,9.0,3.0,10,1,0,0.0,3,4.0,3.0,0
8,1,3,6,21,0,9,0,87.0,7.0,12,5,0,0.0,7,25.0,9.0,0
1,1,1,0,3,1,0,0,5.0,3.0,9,0,0,0.0,3,3.0,2.0,0
2,2,1,1,6,0,0,0,9.0,4.0,22,0,0,0.0,1,5.0,3.0,0
3,1,2,1,15,0,5,0,19.0,6.0,9,4,0,0.0,6,7.0,6.0,0
1,1,1,0,1,0,6,0,11.0,2.0,10,0,0,6.0,2,3.0,2.0,0
12,1,2,10,36,0,6,0,134.0,9.0,0,6,3,0.0,4,68.0,10.0,1
19,1,2,17,28,0,4,0,117.0,8.0,0,3,5,0.0,1,59.0,28.0,1
5,3,4,1,21,3,2,0,23.0,7.0,14,2,0,0.0,6,12.0,7.0,0
0,2,0,0,0,0,1,0,3.0,1.0,26,1,0,0.0,1,1.0,2.0,0
0,2,0,0,0,0,0,1,3.0,1.0,17,0,0,0.0,0,2.0,1.0,0
1,1,0,1,0,0,0,0,20.0,1.0,9,0,0,0.0,1,8.0,3.0,0
4,5,1,3,15,0,2,5,36.0,6.0,53,2,0,0.0,1,17.0,9.0,0
3,1,3,0,1,0,1,0,6.0,2.0,0,0,0,0.0,2,3.0,2.0,0
0,1,0,0,0,0,19,0,3.0,1.0,0,1,0,18.0,1,2.0,1.0,0
2,2,0,2,0,0,0,0,3.0,1.0,2,0,0,0.0,0,4.0,1.0,0
5,1,4,1,45,0,8,0,39.0,10.0,18,7,1,0.0,9,14.0,10.0,0
14,1,3,11,171,3,4,0,154.0,19.0,14,3,2,0.0,17,78.0,41.0,1
29,1,13,16,91,0,9,0,108.0,14.0,0,6,1,0.0,11,60.0,26.0,0
1,1,0,1,6,0,2,0,18.0,4.0,9,2,0,0.0,4,8.0,4.0,1
5,2,0,5,78,0,2,1,66.0,13.0,23,0,0,1.0,13,31.0,22.0,0
6,1,6,0,0,5,1,0,3.0,1.0,25,1,0,0.0,1,1.0,1.0,0
4,3,3,1,6,0,2,0,34.0,4.0,27,2,1,0.0,3,9.0,9.0,0
2,4,2,0,6,0,2,8,23.0,4.0,47,0,0,0.0,2,5.0,7.0,0
7,1,3,4,6,0,4,0,75.0,4.0,0,4,0,0.0,4,27.0,9.0,0
2,1,1,1,1,0,2,0,9.0,2.0,9,2,1,0.0,1,3.0,2.0,1
0,1,0,0,0,0,1,0,3.0,1.0,26,1,0,0.0,1,1.0,1.0,0
0,3,0,0,0,3,0,0,3.0,1.0,50,0,0,0.0,1,1.0,1.0,0
0,2,0,0,0,0,0,1,0.0,0.0,2,0,0,0.0,0,0.0,0.0,0
7,2,2,5,21,0,1,0,50.0,7.0,14,1,0,0.0,7,29.0,12.0,1
4,2,0,4,21,0,5,0,67.0,7.0,26,5,0,0.0,7,27.0,14.0,1
12,4,1,11,1891,0,12,6,303.0,62.0,82,11,0,0.0,62,144.0,86.0,0
1,1,0,1,6,0,1,0,13.0,4.0,9,1,0,0.0,4,6.0,4.0,1
2,1,2,0,6,0,3,0,14.0,4.0,9,3,0,0.0,4,4.0,4.0,0
8,1,3,5,0,0,1,0,12.0,1.0,9,0,0,0.0,1,8.0,3.0,0
6,1,0,6,3,0,1,0,37.0,3.0,9,1,0,0.0,3,21.0,8.0,0
3,1,0,3,36,0,8,0,104.0,9.0,1,5,5,0.0,4,39.0,22.0,0
10,1,1,9,15,0,2,0,89.0,6.0,9,1,0,0.0,6,41.0,14.0,1
4,2,4,0,3,0,2,0,9.0,3.0,19,2,0,0.0,2,4.0,3.0,0
0,1,0,0,0,0,1,0,3.0,1.0,10,0,0,1.0,1,1.0,1.0,0
0,1,0,0,0,0,3,0,3.0,1.0,0,1,0,2.0,1,2.0,1.0,0
2,1,1,1,21,0,4,1,22.0,7.0,14,4,0,0.0,6,9.0,7.0,0
11,2,1,10,0,1,0,1,71.0,1.0,4,0,0,0.0,0,34.0,2.0,1
4,1,2,2,6,0,3,0,21.0,4.0,11,3,0,0.0,4,14.0,9.0,0
8,2,2,6,55,0,3,1,55.0,11.0,26,3,0,0.0,11,24.0,17.0,0
1,1,0,1,0,0,0,0,4.0,1.0,10,0,0,0.0,1,2.0,1.0,0
3,1,0,3,1,0,1,0,18.0,2.0,0,0,1,0.0,1,8.0,5.0,0
11,3,0,11,136,0,4,6,110.0,17.0,38,1,1,0.0,11,45.0,22.0,0
11,1,1,10,45,0,13,0,263.0,10.0,0,12,5,0.0,5,66.0,21.0,0
6,2,2,5,36,0,5,0,46.0,9.0,22,3,1,0.0,1,22.0,11.0,1
0,1,0,0,0,0,7,0,3.0,1.0,0,1,0,6.0,1,2.0,1.0,0
1,1,1,0,15,0,2,0,51.0,6.0,9,2,3,0.0,3,16.0,16.0,0
8,3,1,7,21,0,2,9,77.0,7.0,42,2,1,0.0,5,52.0,16.0,0
4,1,1,3,21,0,1,0,61.0,7.0,9,1,0,0.0,7,17.0,19.0,0
1,1,1,0,1,0,1,0,8.0,2.0,0,1,0,0.0,2,4.0,2.0,0
1,1,1,0,0,0,5,0,6.0,1.0,9,0,0,0.0,1,2.0,1.0,0
1,2,1,0,6,0,0,0,9.0,4.0,22,0,0,0.0,1,5.0,3.0,0
7,1,4,4,78,0,11,0,101.0,13.0,17,10,1,0.0,12,54.0,25.0,2
6,2,1,6,21,0,4,9,120.0,7.0,30,4,0,0.0,7,75.0,40.0,0
3,1,1,2,28,0,6,0,90.0,8.0,0,6,2,0.0,4,29.0,15.0,0
2,1,1,1,21,0,2,0,54.0,7.0,9,2,4,0.0,3,18.0,29.0,0
17,2,5,12,190,1,12,1,172.0,20.0,5,12,1,0.0,16,71.0,36.0,0
1,1,1,0,6,0,1,0,15.0,4.0,0,0,0,0.0,4,6.0,4.0,0
0,1,0,0,0,0,1,0,0.0,0.0,18,1,0,0.0,0,0.0,0.0,0
1,1,1,0,0,0,1,0,0.0,1.0,25,0,0,0.0,1,1.0,0.0,0
9,3,1,8,6,0,2,4,57.0,4.0,43,2,0,0.0,4,27.0,13.0,1
11,1,0,11,0,0,2,0,42.0,1.0,9,2,0,0.0,1,22.0,2.0,0
56,1,37,19,1540,0,15,0,560.0,56.0,22,15,5,0.0,51,302.0,111.0,0
1,1,1,0,0,2,0,0,0.0,1.0,18,0,0,0.0,0,1.0,0.0,0
4,1,1,4,1,0,2,0,18.0,2.0,0,1,0,0.0,2,8.0,4.0,0
0,1,0,0,0,0,29,0,3.0,1.0,0,1,0,28.0,1,2.0,1.0,0
2,1,1,1,1,0,2,0,21.0,2.0,0,1,0,0.0,2,8.0,4.0,0
4,1,2,2,15,0,3,0,36.0,6.0,0,1,1,0.0,5,16.0,7.0,0
2,2,1,1,6,0,0,0,9.0,4.0,22,0,0,0.0,1,5.0,3.0,1
3,2,3,0,0,0,1,0,3.0,1.0,23,1,0,0.0,1,1.0,1.0,0
1,1,0,1,55,0,0,0,105.0,11.0,9,0,0,0.0,11,29.0,29.0,0
3,1,0,3,6,0,8,0,37.0,4.0,9,2,2,0.0,2,19.0,8.0,0
11,2,7,4,55,0,6,0,47.0,11.0,15,5,0,0.0,11,23.0,14.0,0
3,1,1,2,3,0,0,0,31.0,3.0,0,0,0,0.0,3,10.0,4.0,0
6,1,2,4,0,0,0,0,20.0,1.0,9,0,0,0.0,1,10.0,5.0,0
16,1,4,12,45,2,4,0,123.0,10.0,0,3,0,0.0,8,44.0,18.0,0
22,2,3,19,10,0,2,1,106.0,5.0,13,2,2,0.0,2,71.0,17.0,0
10,2,5,5,6,1,3,0,19.0,4.0,17,2,0,0.0,2,18.0,5.0,1
0,1,0,0,3,10,1,0,12.0,3.0,0,0,1,0.0,1,5.0,7.0,1
8,3,1,7,741,0,34,12,427.0,39.0,70,22,7,1.0,20,116.0,90.0,0
15,2,13,2,666,0,14,2,146.0,37.0,18,2,0,12.0,37,51.0,38.0,0
5,1,2,3,6,0,1,0,17.0,4.0,9,1,0,0.0,4,8.0,5.0,0
1,4,1,0,6,0,2,8,12.0,4.0,47,0,0,0.0,2,4.0,4.0,0
4,2,4,0,136,0,8,0,48.0,17.0,20,8,0,0.0,17,17.0,16.0,0
0,1,0,0,0,0,10,0,3.0,1.0,0,1,0,9.0,1,2.0,1.0,0
4,1,2,2,3,0,0,0,30.0,3.0,0,0,0,0.0,2,11.0,7.0,0
7,1,1,6,6,0,2,0,40.0,4.0,0,2,0,0.0,4,22.0,11.0,0
4,2,1,3,1,0,1,1,8.0,2.0,10,1,0,0.0,1,5.0,2.0,0
9,2,1,8,10,0,4,0,92.0,5.0,6,4,0,0.0,5,35.0,24.0,0
6,1,1,5,55,0,5,0,79.0,11.0,9,5,0,0.0,11,43.0,24.0,0
17,1,12,6,55,0,10,0,84.0,11.0,9,9,2,0.0,9,40.0,17.0,0
0,1,0,0,0,0,43,0,3.0,1.0,0,1,0,42.0,1,2.0,1.0,0
3,1,1,2,1,0,0,0,9.0,2.0,9,0,0,0.0,2,5.0,3.0,0
5,1,0,5,36,0,11,0,92.0,9.0,20,3,1,0.0,7,45.0,21.0,0
8,1,0,8,10,0,2,0,49.0,5.0,0,2,2,0.0,3,24.0,11.0,1
3,1,0,3,21,0,7,0,55.0,7.0,9,3,1,4.0,6,25.0,9.0,0
3,2,2,1,1,0,1,1,8.0,2.0,5,1,0,0.0,2,5.0,2.0,0
8,1,5,3,91,0,4,0,64.0,14.0,9,4,0,0.0,14,22.0,20.0,0
0,1,0,0,0,0,25,0,3.0,1.0,0,1,0,24.0,1,2.0,1.0,0
3,1,2,1,45,1,3,0,39.0,10.0,14,2,0,0.0,10,22.0,9.0,0
3,3,1,2,1,0,1,7,6.0,2.0,39,1,0,0.0,2,4.0,2.0,0
1,1,1,0,3,0,1,0,16.0,3.0,0,1,0,0.0,3,6.0,4.0,0
9,3,1,8,6,0,2,1,39.0,4.0,19,1,1,0.0,3,20.0,11.0,0
1,1,0,1,15,0,0,0,79.0,6.0,9,0,0,0.0,6,11.0,6.0,0
1,3,0,1,0,0,0,0,3.0,1.0,14,0,0,0.0,0,2.0,1.0,0
7,1,2,5,66,0,4,0,106.0,12.0,9,4,4,0.0,8,36.0,22.0,0
1,4,0,1,1,0,0,8,13.0,2.0,36,0,0,0.0,1,6.0,3.0,0
21,1,20,1,210,1,10,0,75.0,21.0,15,10,0,0.0,16,26.0,24.0,0
0,1,0,0,0,0,13,0,3.0,1.0,0,1,0,12.0,1,2.0,1.0,0
7,1,3,4,28,0,2,0,41.0,8.0,4,1,1,0.0,7,28.0,10.0,0
6,1,0,6,55,0,9,0,326.0,11.0,0,9,0,0.0,11,68.0,16.0,0
1,1,1,0,55,0,10,0,33.0,11.0,9,1,0,0.0,11,12.0,38.0,0
9,2,0,9,10,0,1,0,37.0,5.0,15,1,0,0.0,5,17.0,10.0,0
1,1,0,1,0,0,0,0,13.0,1.0,0,0,0,0.0,1,5.0,4.0,0
15,1,4,12,66,0,10,0,164.0,12.0,9,9,5,0.0,2,77.0,31.0,1
1,1,0,1,0,0,0,0,33.0,1.0,9,0,0,0.0,1,11.0,4.0,0
3,2,3,0,0,0,1,0,3.0,1.0,23,1,0,0.0,1,1.0,1.0,0
3,1,1,2,36,0,1,0,32.0,9.0,11,0,0,1.0,9,20.0,10.0,0
0,1,0,0,10,0,5,0,32.0,5.0,0,4,1,0.0,2,11.0,9.0,0
2,1,1,1,1,0,1,0,11.0,2.0,0,0,0,0.0,2,6.0,2.0,0
5,1,5,0,10,1,0,0,0.0,5.0,9,0,0,0.0,5,5.0,0.0,0
2,1,1,1,1,0,2,0,8.0,2.0,0,1,0,0.0,2,4.0,2.0,0
7,1,1,6,78,0,3,0,114.0,13.0,9,3,4,0.0,9,37.0,27.0,1
11,1,2,9,21,0,7,0,105.0,7.0,9,7,3,0.0,4,55.0,25.0,0
12,1,12,0,15,0,3,0,17.0,6.0,18,3,0,0.0,6,6.0,6.0,0
2,2,1,1,6,0,0,0,9.0,4.0,22,0,0,0.0,1,5.0,3.0,0
3,1,2,1,1,0,2,0,7.0,2.0,0,1,0,0.0,2,3.0,2.0,0
2,1,0,2,15,0,0,0,18.0,6.0,9,0,0,0.0,6,14.0,6.0,0
20,1,2,18,15,0,2,0,173.0,6.0,0,2,2,0.0,4,75.0,40.0,0
18,1,3,16,21,0,4,0,164.0,7.0,0,4,2,0.0,5,59.0,53.0,0
1,1,0,1,21,0,6,1,53.0,7.0,26,6,1,0.0,5,17.0,10.0,0
18,2,7,13,210,0,7,0,152.0,21.0,17,7,2,0.0,18,74.0,37.0,2
32,2,20,12,78,11,3,0,87.0,13.0,2,3,1,0.0,12,51.0,22.0,0
7,2,0,7,45,0,1,0,80.0,10.0,16,0,0,0.0,9,34.0,17.0,0
7,1,1,6,36,0,10,1,192.0,9.0,35,10,5,0.0,4,42.0,37.0,0
2,1,0,2,1,0,0,0,11.0,2.0,0,0,0,0.0,2,9.0,3.0,0
1,1,0,1,6,0,0,0,19.0,4.0,0,0,1,0.0,3,11.0,8.0,0
7,2,1,6,10,0,4,0,66.0,5.0,15,4,0,0.0,4,29.0,9.0,0
3,1,3,0,6,1,0,0,0.0,4.0,9,0,0,0.0,4,4.0,0.0,0
4,1,3,1,66,0,4,0,116.0,12.0,0,3,1,1.0,4,35.0,22.0,0
2,2,0,2,66,0,6,0,70.0,12.0,33,6,0,0.0,12,29.0,32.0,0
9,2,5,4,630,0,18,0,186.0,36.0,37,18,0,0.0,36,84.0,76.0,0
6,1,1,5,6,0,3,0,98.0,4.0,0,3,0,0.0,3,26.0,7.0,0
3,1,0,3,1,0,2,0,15.0,2.0,9,2,0,0.0,2,10.0,2.0,0
40,1,32,8,253,15,7,0,84.0,23.0,9,7,0,0.0,18,53.0,28.0,0
3,1,0,3,36,0,3,0,81.0,9.0,0,2,3,0.0,5,32.0,10.0,0
2,1,2,0,1,0,1,0,6.0,2.0,0,1,0,0.0,2,2.0,2.0,0
4,2,1,3,3,0,0,0,14.0,3.0,11,0,0,0.0,3,7.0,2.0,0
13,1,9,4,78,0,11,0,149.0,13.0,0,9,3,0.0,9,30.0,20.0,0
14,1,3,11,66,2,4,0,190.0,12.0,0,0,0,0.0,7,65.0,14.0,0
4,1,1,3,55,0,6,0,115.0,11.0,0,6,3,0.0,8,39.0,13.0,0
79,2,36,50,1711,4,40,0,829.0,59.0,2,24,13,0.0,40,381.0,127.0,12
3,1,3,0,0,1,0,0,0.0,1.0,9,0,0,0.0,1,1.0,0.0,0
2,1,2,0,10,19,2,0,16.0,5.0,9,0,0,0.0,5,6.0,6.0,0
7,1,2,5,6,0,2,0,99.0,4.0,0,1,0,0.0,4,25.0,5.0,0
3,1,2,1,1,0,2,0,9.0,2.0,9,2,1,0.0,1,3.0,2.0,1
2,1,1,1,3,0,0,0,21.0,3.0,0,0,0,0.0,3,9.0,2.0,0
2,1,2,0,28,7,5,0,12.0,8.0,9,1,0,0.0,8,8.0,4.0,0
0,1,0,0,6,0,0,0,38.0,4.0,9,0,0,0.0,4,11.0,4.0,0
15,1,11,5,28,0,5,0,55.0,8.0,0,2,0,0.0,6,26.0,16.0,0
9,3,1,8,3,0,3,4,31.0,3.0,43,3,0,0.0,3,17.0,5.0,0
2,2,1,1,6,0,0,0,9.0,4.0,22,0,0,0.0,1,5.0,3.0,0
2,1,1,1,10,0,2,0,26.0,5.0,0,1,0,0.0,5,11.0,10.0,0
5,2,0,5,28,0,3,0,129.0,8.0,32,3,1,0.0,7,86.0,18.0,0
7,1,4,3,21,1,7,0,169.0,7.0,0,7,0,0.0,1,43.0,13.0,0
2,1,2,0,0,0,1,0,3.0,1.0,26,1,0,0.0,1,1.0,1.0,0
15,2,1,14,210,0,9,0,227.0,21.0,12,8,2,0.0,19,129.0,46.0,0
0,3,0,0,0,0,0,8,3.0,1.0,29,0,0,0.0,1,1.0,1.0,0
0,2,0,0,0,1,1,0,3.0,1.0,26,1,0,0.0,1,1.0,1.0,0
2,1,0,2,3,0,3,0,43.0,3.0,9,2,0,0.0,3,12.0,5.0,0
1,3,1,0,0,0,0,1,3.0,1.0,28,0,0,0.0,1,1.0,1.0,0
3,2,0,3,6,0,1,0,13.0,4.0,17,0,0,0.0,0,8.0,4.0,0
6,1,1,5,28,1,8,0,54.0,8.0,0,1,0,0.0,2,26.0,17.0,0
1,3,0,1,0,0,0,1,3.0,1.0,21,0,0,0.0,1,3.0,1.0,0
1,1,0,1,10,0,3,0,34.0,5.0,0,3,1,0.0,2,13.0,8.0,0
4,2,1,3,1,0,0,0,12.0,2.0,16,0,1,0.0,1,7.0,3.0,0
2,1,2,0,3,0,0,0,4.0,3.0,11,0,0,0.0,3,3.0,2.0,0
9,3,0,9,78,0,7,0,164.0,13.0,14,7,7,0.0,6,64.0,23.0,0
229,1,223,7,10,0,1,0,39.0,5.0,9,1,3,0.0,2,28.0,11.0,0
3,2,0,3,21,0,5,0,57.0,7.0,32,5,0,0.0,6,23.0,7.0,0
1,1,1,0,6,0,2,0,13.0,4.0,0,1,0,0.0,4,6.0,4.0,0
13,4,1,12,45,0,16,25,292.0,10.0,78,16,1,0.0,4,93.0,23.0,0
3,1,1,2,325,1,9,0,109.0,26.0,19,3,0,0.0,24,41.0,32.0,0
5,2,0,5,10,0,4,8,71.0,5.0,25,4,1,0.0,4,33.0,13.0,0
5,3,1,4,6,0,3,4,40.0,4.0,43,3,0,0.0,3,20.0,8.0,0
2,2,0,2,28,0,4,0,49.0,8.0,39,4,0,0.0,8,17.0,18.0,0
4,1,1,3,6,0,1,0,68.0,4.0,9,0,0,1.0,4,21.0,9.0,0
7,2,1,6,10,0,1,0,96.0,5.0,45,0,1,1.0,3,53.0,27.0,0
1,1,1,0,6,0,6,0,29.0,4.0,0,3,1,0.0,1,11.0,8.0,0
5,1,0,5,91,0,11,1,205.0,14.0,26,11,8,0.0,6,49.0,43.0,0
9,1,8,1,21,0,1,0,20.0,7.0,9,0,1,0.0,6,19.0,7.0,0
0,2,0,0,0,0,0,0,3.0,1.0,5,0,0,0.0,1,1.0,1.0,1
17,1,15,2,78,0,6,0,77.0,13.0,9,5,0,0.0,13,28.0,24.0,0
6,2,1,5,28,0,4,0,55.0,8.0,41,4,0,0.0,8,22.0,21.0,0
2,1,0,2,6,0,1,0,21.0,4.0,9,1,0,0.0,4,10.0,5.0,1
0,1,0,0,15,0,5,0,18.0,6.0,0,1,0,0.0,4,10.0,4.0,0
15,1,5,11,21,0,5,0,71.0,7.0,9,5,0,0.0,6,59.0,21.0,0
5,1,1,4,6,0,2,0,34.0,4.0,0,2,0,0.0,4,18.0,8.0,0
0,1,0,0,0,0,7,0,3.0,1.0,0,1,0,6.0,1,2.0,1.0,0
12,2,8,4,36,4,4,1,51.0,9.0,27,1,0,0.0,6,21.0,20.0,0
9,1,2,7,21,0,1,0,64.0,7.0,0,1,2,0.0,5,33.0,12.0,0
5,1,1,4,3,0,0,0,18.0,3.0,18,0,0,0.0,3,7.0,10.0,0
3,1,0,3,21,0,2,0,71.0,7.0,0,2,2,0.0,4,27.0,9.0,0
1,1,1,0,21,0,1,0,47.0,7.0,0,1,0,0.0,7,12.0,15.0,0
3,3,1,2,1,0,1,7,6.0,2.0,39,1,0,0.0,2,4.0,2.0,0
16,1,2,14,105,0,3,0,173.0,15.0,9,3,3,0.0,10,103.0,30.0,0
1,3,0,1,0,0,0,0,3.0,1.0,14,0,0,0.0,0,2.0,1.0,0
0,1,0,0,0,0,0,0,3.0,1.0,10,0,0,0.0,1,1.0,1.0,0
3,2,3,0,0,0,1,0,3.0,1.0,23,1,0,0.0,1,1.0,1.0,0
7,2,5,2,6,0,2,0,15.0,4.0,15,2,0,0.0,4,8.0,5.0,0
4,1,1,3,10,0,13,0,34.0,5.0,9,3,4,0.0,1,18.0,8.0,1
7,2,1,6,10,0,2,0,42.0,5.0,32,2,0,0.0,4,27.0,6.0,0
3,1,2,1,1,0,1,0,20.0,2.0,0,1,0,0.0,1,8.0,4.0,0
0,1,0,0,0,0,3,0,0.0,0.0,9,0,0,3.0,0,0.0,0.0,0
1,1,1,0,0,2,0,0,0.0,1.0,9,0,0,0.0,1,1.0,0.0,0
18,2,7,11,78,3,0,1,140.0,13.0,10,0,4,0.0,7,66.0,35.0,1
0,1,0,0,0,0,116,0,3.0,1.0,0,1,0,115.0,1,2.0,1.0,1
53,1,46,7,36,0,81,0,121.0,9.0,9,9,3,0.0,6,54.0,26.0,2
0,1,0,0,1,0,5,0,95.0,2.0,9,5,1,0.0,1,8.0,7.0,0
25,1,7,18,1176,6,23,0,569.0,49.0,27,15,13,0.0,19,293.0,116.0,0
53,1,29,26,105,0,1,0,253.0,15.0,9,0,4,0.0,11,132.0,57.0,0
13,1,0,13,210,0,19,0,316.0,21.0,0,16,12,0.0,9,94.0,37.0,0
8,1,1,8,105,0,6,0,164.0,15.0,9,5,2,0.0,13,85.0,32.0,0
1,1,0,1,3,0,2,0,18.0,3.0,0,0,1,0.0,2,11.0,4.0,0
6,1,0,6,21,0,1,0,184.0,7.0,9,1,0,0.0,7,97.0,32.0,0
80,2,75,5,153,6,3,0,87.0,18.0,33,3,1,0.0,17,47.0,26.0,0
1,1,0,1,21,0,3,0,46.0,7.0,0,2,1,0.0,6,19.0,14.0,0
1,1,1,0,28,17,0,0,16.0,8.0,9,0,0,0.0,8,8.0,8.0,0
2,1,1,1,1,0,2,0,15.0,2.0,0,1,0,0.0,2,6.0,3.0,0
0,1,0,0,1,0,2,0,7.0,2.0,9,0,0,2.0,2,2.0,2.0,0
4,1,3,1,10,1,1,0,24.0,5.0,9,0,0,0.0,3,14.0,5.0,0
6,1,2,4,21,3,6,0,47.0,7.0,0,3,0,0.0,6,25.0,11.0,0
1,2,0,1,21,0,3,0,40.0,7.0,25,3,0,0.0,7,12.0,12.0,0
2,1,0,2,0,0,2,0,85.0,1.0,9,0,0,0.0,1,11.0,3.0,0
1,3,0,1,0,0,0,1,3.0,1.0,21,0,0,0.0,1,3.0,1.0,0
6,3,2,5,6,0,14,13,12.0,4.0,75,13,0,1.0,4,25.0,3.0,0
8,1,0,8,10,0,2,0,77.0,5.0,0,2,0,0.0,3,42.0,9.0,2
4,1,0,4,6,0,8,0,106.0,4.0,0,4,1,0.0,2,34.0,29.0,0
2,1,0,2,6,0,0,0,105.0,4.0,0,0,3,0.0,1,32.0,18.0,0
7,1,2,5,3,0,1,0,22.0,3.0,0,0,0,0.0,3,13.0,5.0,0
11,1,6,5,153,0,7,0,77.0,18.0,18,7,0,0.0,17,39.0,18.0,0
7,1,2,5,3,0,3,0,16.0,3.0,0,3,0,0.0,3,13.0,3.0,0
1,1,1,0,6,0,3,0,28.0,4.0,0,2,1,0.0,1,11.0,8.0,0
1,1,1,0,1,0,0,0,3.0,2.0,0,0,0,0.0,2,2.0,2.0,0
17,1,2,16,55,0,41,0,293.0,11.0,9,2,9,0.0,2,146.0,41.0,1
11,1,2,9,10,0,3,0,55.0,5.0,0,3,0,0.0,5,27.0,11.0,0
30,1,19,12,861,0,17,0,462.0,42.0,18,17,2,0.0,40,292.0,120.0,2
4,3,0,4,3,0,0,4,10.0,3.0,23,0,0,0.0,3,7.0,4.0,0
152,1,114,42,903,0,1,0,672.0,43.0,9,0,4,0.0,39,299.0,140.0,1
1,1,1,0,1,0,1,0,11.0,2.0,0,0,0,0.0,2,4.0,2.0,0
9,1,0,9,28,0,3,0,96.0,8.0,0,3,1,0.0,7,51.0,21.0,0
12,1,4,8,78,0,38,0,448.0,13.0,9,26,9,5.0,4,73.0,31.0,0
0,1,0,0,0,0,11,0,3.0,1.0,0,1,0,10.0,1,2.0,1.0,0
3,2,2,1,6,0,2,0,13.0,4.0,22,2,0,0.0,1,5.0,4.0,0
3,1,1,2,3,0,3,0,16.0,3.0,0,1,1,0.0,2,10.0,5.0,0
0,1,0,0,0,0,62,0,3.0,1.0,0,1,0,61.0,1,2.0,1.0,2
3,1,1,2,21,0,1,0,22.0,7.0,19,1,0,0.0,7,10.0,7.0,0
6,1,2,5,15,0,5,0,72.0,6.0,9,5,2,0.0,4,32.0,14.0,1
7,1,1,6,6,0,4,0,116.0,4.0,0,4,0,0.0,3,25.0,13.0,0
7,1,1,6,45,0,1,0,54.0,10.0,9,1,0,0.0,10,28.0,15.0,0
3,1,2,1,6,0,3,0,13.0,4.0,18,3,0,0.0,4,5.0,5.0,0
64,1,35,31,1830,0,40,0,989.0,61.0,27,18,7,0.0,50,530.0,173.0,2
3,2,1,2,45,1,3,0,53.0,10.0,2,3,0,0.0,10,26.0,13.0,0
9,3,1,8,3,0,3,4,35.0,3.0,43,3,0,0.0,3,18.0,5.0,0
3,1,1,3,1,0,4,0,32.0,2.0,9,1,1,0.0,1,14.0,4.0,1
0,1,0,0,0,0,2,0,3.0,1.0,0,1,0,1.0,1,2.0,1.0,0
7,1,7,0,45,2,4,0,14.0,10.0,0,0,0,0.0,8,13.0,4.0,0
8,1,1,7,21,0,1,0,46.0,7.0,9,0,0,0.0,7,24.0,10.0,0
3,1,2,1,36,0,1,0,27.0,9.0,0,1,0,0.0,7,15.0,10.0,0
16,2,0,16,55,0,3,0,101.0,11.0,31,3,1,0.0,10,44.0,23.0,2
28,3,6,24,21,0,1,6,74.0,7.0,57,1,0,0.0,2,35.0,7.0,1
1,2,1,0,0,0,1,0,3.0,1.0,26,1,0,0.0,1,1.0,1.0,0
14,2,10,4,561,0,17,0,171.0,34.0,37,17,0,0.0,34,76.0,66.0,0
2,1,1,1,21,0,2,0,54.0,7.0,9,2,4,0.0,3,18.0,28.0,0
4,2,1,3,45,1,8,0,78.0,10.0,35,6,0,0.0,4,28.0,24.0,0
2,1,0,2,0,0,0,0,5.0,1.0,0,0,0,0.0,1,5.0,1.0,0
5,1,0,5,45,0,5,0,65.0,10.0,18,5,0,0.0,10,27.0,28.0,0
4,1,2,2,36,0,2,0,52.0,9.0,0,2,0,0.0,9,21.0,13.0,0
13,1,5,8,55,0,7,0,89.0,11.0,9,7,0,0.0,11,39.0,26.0,0
4,1,2,2,1,5,0,0,26.0,2.0,9,0,0,0.0,2,10.0,6.0,0
10,1,0,10,36,0,7,0,104.0,9.0,9,2,2,1.0,7,48.0,19.0,0
44,2,18,29,946,0,11,0,452.0,44.0,36,9,1,0.0,41,219.0,124.0,1
0,1,0,0,0,0,0,0,6.0,1.0,9,0,0,0.0,1,1.0,2.0,0
11,1,2,9,45,0,4,0,65.0,10.0,9,4,1,0.0,9,32.0,15.0,0
1,1,1,0,1,0,1,0,6.0,2.0,9,1,0,0.0,2,2.0,2.0,0
13,1,6,7,6,0,2,0,45.0,4.0,0,1,0,0.0,4,28.0,10.0,0
1,2,0,1,3,0,1,1,9.0,3.0,15,1,0,0.0,0,4.0,3.0,0
0,1,0,0,0,0,0,0,0.0,0.0,9,0,0,0.0,0,0.0,0.0,0
3,1,0,3,0,0,0,0,60.0,1.0,9,0,0,0.0,1,14.0,3.0,0
0,1,0,0,1,1,0,0,4.0,2.0,0,0,0,0.0,1,2.0,2.0,0
10,2,3,7,990,0,1,6,164.0,45.0,59,1,0,0.0,45,67.0,45.0,0
3,1,3,0,21,0,3,0,20.0,7.0,9,3,0,0.0,7,7.0,7.0,0
7,1,1,6,10,0,2,0,45.0,5.0,0,2,1,0.0,4,25.0,7.0,0
13,2,0,13,15,0,8,1,201.0,6.0,19,8,3,0.0,2,53.0,24.0,1
13,1,12,1,325,0,11,0,114.0,26.0,9,10,0,0.0,25,51.0,39.0,0
3,1,1,2,21,0,1,0,30.0,7.0,9,1,0,0.0,7,18.0,8.0,0
15,1,1,14,66,0,6,0,252.0,12.0,9,6,7,0.0,5,158.0,61.0,1
13,1,4,10,10,0,3,0,49.0,5.0,0,2,0,0.0,5,26.0,13.0,0
7,1,7,0,10,0,4,0,14.0,5.0,18,3,0,0.0,5,5.0,5.0,0
8,1,1,7,10,0,3,0,83.0,5.0,9,3,3,0.0,2,62.0,9.0,0
2,1,1,1,21,1,0,0,33.0,7.0,9,0,0,0.0,6,14.0,7.0,0
15,1,3,12,10,1,4,0,85.0,5.0,9,4,1,0.0,4,47.0,13.0,1
5,1,1,4,6,0,2,0,41.0,4.0,0,2,0,0.0,4,12.0,4.0,4
0,1,0,0,0,1,1,0,3.0,1.0,9,0,0,0.0,1,1.0,1.0,0
3,1,0,3,3,0,5,0,47.0,3.0,9,0,2,5.0,1,21.0,10.0,0
3,1,0,3,28,0,8,0,149.0,8.0,0,8,5,0.0,2,38.0,13.0,0
11,1,3,9,28,0,2,0,50.0,8.0,9,2,0,0.0,8,32.0,10.0,0
8,1,1,7,15,0,4,0,111.0,6.0,0,3,2,0.0,3,47.0,13.0,0
2,2,2,0,0,0,1,0,2.0,1.0,26,1,0,0.0,1,1.0,1.0,0
19,2,1,18,91,0,11,0,167.0,14.0,3,11,9,0.0,5,103.0,28.0,0
1,2,1,0,1,0,0,0,3.0,2.0,18,0,0,0.0,1,3.0,1.0,0
5,1,5,0,6,0,2,0,14.0,4.0,18,2,0,0.0,3,5.0,4.0,0
15,1,0,15,300,0,51,0,510.0,25.0,16,51,9,0.0,16,211.0,106.0,0
6,2,1,5,1,0,1,0,16.0,2.0,11,1,0,0.0,2,11.0,5.0,0
0,1,0,0,0,0,0,0,0.0,0.0,0,0,0,0.0,0,0.0,0.0,0
5,2,2,3,36,0,0,0,55.0,9.0,17,0,2,0.0,7,30.0,15.0,0
23,1,15,8,105,0,5,0,110.0,15.0,9,4,6,1.0,4,64.0,31.0,0
4,2,4,0,55,0,5,0,30.0,11.0,20,5,0,0.0,11,11.0,10.0,0
8,1,3,5,3,0,1,0,28.0,3.0,9,1,0,0.0,3,18.0,8.0,0
4,1,4,0,1,0,0,0,19.0,2.0,9,0,0,0.0,2,7.0,4.0,2
12,2,4,8,28,0,2,3,40.0,8.0,8,2,2,0.0,6,33.0,8.0,0
2,1,0,2,3,0,0,0,14.0,3.0,0,0,0,0.0,2,11.0,4.0,0
9,2,1,8,3,0,3,1,112.0,3.0,14,3,1,0.0,1,40.0,27.0,1
10,1,1,9,3,0,3,0,45.0,3.0,9,1,0,0.0,3,31.0,10.0,0
14,1,1,14,10,0,1,0,125.0,5.0,9,1,0,0.0,5,49.0,10.0,0
12,1,6,6,3,0,9,0,75.0,3.0,9,5,1,0.0,2,28.0,19.0,0
4,2,0,4,78,2,12,8,147.0,13.0,63,1,0,10.0,3,37.0,42.0,0
4,2,2,3,3,0,1,0,17.0,3.0,75,1,0,0.0,3,9.0,5.0,0
43,1,23,24,1128,0,26,1,551.0,48.0,19,12,5,11.0,25,284.0,115.0,0
11,3,1,10,6,0,4,4,40.0,4.0,43,3,0,0.0,4,24.0,11.0,0
4,1,2,2,55,0,6,0,69.0,11.0,18,6,1,0.0,10,27.0,15.0,0
6,1,3,3,55,0,3,0,161.0,11.0,10,3,2,0.0,6,43.0,26.0,0
2,1,0,2,0,0,0,0,14.0,1.0,0,0,0,0.0,0,8.0,1.0,0
3,1,1,2,3,0,3,0,39.0,3.0,0,3,0,0.0,2,9.0,3.0,0
4,1,0,4,3,0,0,0,38.0,3.0,9,0,0,0.0,3,10.0,4.0,0
10,1,7,3,36,0,3,0,47.0,9.0,9,3,1,0.0,8,19.0,14.0,0
13,2,4,9,3,0,1,0,50.0,3.0,6,1,0,0.0,3,22.0,3.0,0
36,2,1,35,231,0,2,21,553.0,22.0,55,2,8,0.0,14,347.0,126.0,0
5,1,2,3,3,0,1,0,28.0,3.0,0,0,1,0.0,2,14.0,9.0,0
8,2,2,6,28,0,2,0,105.0,8.0,32,2,1,0.0,6,42.0,12.0,2
0,1,0,0,0,0,2,0,2.0,1.0,0,1,1,1.0,0,1.0,1.0,0
1,1,1,0,3,2,0,0,0.0,3.0,9,0,0,0.0,3,3.0,0.0,0
3,1,0,3,1,0,0,0,53.0,2.0,9,0,0,0.0,2,14.0,4.0,0
17,2,0,17,136,0,3,0,131.0,17.0,31,3,2,0.0,15,73.0,38.0,0
6,1,1,5,66,0,6,0,76.0,12.0,18,6,0,0.0,12,33.0,35.0,0
3,1,1,3,15,0,2,0,98.0,6.0,9,2,1,0.0,5,17.0,14.0,0
6,2,2,4,3,1,1,0,25.0,3.0,15,0,0,0.0,3,14.0,7.0,0
13,2,8,5,496,0,16,0,168.0,32.0,37,16,0,0.0,32,77.0,71.0,0
7,1,3,4,55,1,3,0,103.0,11.0,14,0,1,0.0,10,54.0,21.0,0
1,1,1,0,6,0,0,0,9.0,4.0,27,0,0,0.0,4,4.0,3.0,0
4,1,1,3,21,0,1,0,61.0,7.0,9,1,1,0.0,6,17.0,13.0,0
1,1,0,1,1,0,0,0,9.0,2.0,0,0,0,0.0,2,6.0,2.0,0
43,1,21,23,351,0,11,0,415.0,27.0,14,11,9,0.0,17,167.0,66.0,0
21,1,3,18,36,0,2,0,263.0,9.0,0,2,5,0.0,4,71.0,29.0,2
2,1,0,2,36,0,2,0,41.0,9.0,0,2,1,0.0,8,18.0,11.0,0
10,1,5,5,78,0,2,0,116.0,13.0,9,1,2,0.0,11,48.0,21.0,0
11,1,10,2,153,0,5,0,193.0,18.0,9,4,8,1.0,10,111.0,53.0,0
5,1,5,0,66,0,6,0,33.0,12.0,18,6,0,0.0,12,12.0,11.0,0
1,1,1,0,0,0,2,0,8.0,1.0,0,0,0,0.0,1,5.0,1.0,0
2,2,1,1,6,0,1,0,9.0,4.0,22,1,0,0.0,1,5.0,3.0,0
0,1,0,0,0,0,11,0,3.0,1.0,0,1,0,10.0,1,2.0,1.0,1
10,2,4,7,105,0,5,0,65.0,15.0,17,5,0,0.0,14,32.0,20.0,0
8,1,1,8,1,0,1,0,32.0,2.0,0,1,0,0.0,2,19.0,7.0,0
3,1,0,3,15,0,3,0,81.0,6.0,0,2,0,0.0,6,22.0,9.0,0
29,1,28,2,231,7,2,0,57.0,22.0,9,2,0,0.0,22,26.0,19.0,0
9,3,2,7,78,0,7,2,221.0,13.0,45,7,5,0.0,2,91.0,70.0,0
8,1,7,1,1,1,0,0,3.0,2.0,9,0,0,0.0,2,3.0,1.0,0
6,2,0,6,66,0,25,0,193.0,12.0,2,25,2,0.0,10,39.0,23.0,0
7,1,5,2,45,0,3,0,39.0,10.0,9,3,0,0.0,10,13.0,12.0,0
1,2,1,0,0,0,1,0,2.0,1.0,26,1,0,0.0,1,1.0,1.0,0
5,1,1,4,21,0,2,0,23.0,7.0,14,2,0,0.0,7,15.0,7.0,0
7,1,0,7,1,0,5,0,64.0,2.0,45,4,1,0.0,0,28.0,4.0,0
2,1,2,0,1,0,0,0,6.0,2.0,0,0,0,0.0,2,3.0,2.0,0
17,4,16,1,6,0,1,0,20.0,4.0,51,1,0,0.0,4,5.0,6.0,0
10,1,4,7,45,0,8,0,70.0,10.0,9,8,1,0.0,9,39.0,16.0,0
2,2,1,1,6,0,1,0,9.0,4.0,22,1,0,0.0,1,5.0,3.0,0
4,1,0,4,6,2,1,0,59.0,4.0,0,0,0,0.0,3,18.0,11.0,2
0,1,0,0,15,0,7,0,64.0,6.0,0,7,0,0.0,4,12.0,9.0,0
32,3,2,30,253,0,55,0,1346.0,23.0,14,30,12,25.0,8,475.0,159.0,1
14,1,5,9,10,0,2,0,53.0,5.0,9,1,2,0.0,3,27.0,11.0,0
42,1,8,37,946,0,4,0,681.0,44.0,9,3,2,0.0,40,309.0,106.0,2
7,1,0,7,15,0,2,0,54.0,6.0,0,2,1,0.0,5,28.0,14.0,1
5,2,2,3,36,0,2,8,87.0,9.0,63,2,1,0.0,2,39.0,13.0,0
3,2,1,2,1,0,1,0,4.0,2.0,16,0,0,0.0,1,5.0,1.0,0
2,1,2,0,15,1,1,0,16.0,6.0,9,1,0,0.0,6,6.0,4.0,0
0,1,0,0,0,0,1,0,0.0,0.0,9,0,0,0.0,0,0.0,0.0,0
8,1,1,7,3,0,0,0,24.0,3.0,0,0,0,0.0,3,18.0,5.0,0
0,2,0,0,0,0,1,0,3.0,1.0,26,1,0,0.0,1,1.0,1.0,0
5,2,2,3,1,0,1,0,10.0,2.0,7,1,0,0.0,1,7.0,3.0,0
7,2,1,6,10,0,1,0,102.0,5.0,45,0,1,1.0,3,68.0,26.0,0
14,2,1,13,10,0,2,0,60.0,5.0,4,2,1,0.0,4,32.0,12.0,0
7,3,1,6,780,0,4,0,139.0,40.0,58,3,0,1.0,40,98.0,40.0,0
2,2,2,0,3,0,1,0,6.0,3.0,20,1,0,0.0,3,3.0,2.0,0
2,1,1,1,1,0,0,0,62.0,2.0,9,0,0,0.0,2,10.0,9.0,0
2,2,0,2,0,0,0,0,20.0,1.0,11,0,0,0.0,1,4.0,5.0,0
7,1,2,5,3,0,0,0,132.0,3.0,0,0,1,0.0,2,22.0,31.0,0
0,1,0,0,0,0,10,0,3.0,1.0,0,1,0,9.0,1,2.0,1.0,0
9,1,5,4,190,0,10,0,246.0,20.0,0,10,9,0.0,11,59.0,25.0,0
7,1,4,3,6,0,6,0,57.0,4.0,9,1,0,0.0,4,28.0,10.0,1
9,1,8,1,91,0,11,0,51.0,14.0,18,6,0,0.0,14,16.0,16.0,0
6,2,1,5,10,0,1,0,29.0,5.0,19,1,0,0.0,4,21.0,9.0,0
12,1,0,12,55,0,4,0,126.0,11.0,9,4,4,0.0,7,67.0,29.0,0
1,1,1,0,0,0,0,0,0.0,1.0,9,0,0,0.0,1,1.0,0.0,0
2,1,2,0,10,5,3,0,16.0,5.0,18,3,0,0.0,5,5.0,5.0,0
88,1,86,2,153,8,1,0,12.0,18.0,9,0,0,0.0,18,23.0,4.0,1
7,1,3,5,15,0,2,0,39.0,6.0,9,2,1,0.0,5,25.0,10.0,0
11,3,1,10,28,0,5,4,110.0,8.0,43,4,4,0.0,4,63.0,29.0,0
2,3,1,1,3,0,0,0,15.0,3.0,9,0,0,0.0,2,7.0,4.0,0
12,3,2,11,36,1,4,16,166.0,9.0,48,2,3,0.0,2,74.0,22.0,1
2,2,1,2,6,0,2,9,14.0,4.0,30,2,0,0.0,4,11.0,5.0,0
14,1,4,10,1,4,3,0,85.0,2.0,9,2,0,0.0,1,20.0,3.0,1
6,1,6,0,210,0,10,0,68.0,21.0,22,10,0,0.0,21,24.0,23.0,0
13,2,0,13,28,0,0,0,90.0,8.0,16,0,0,0.0,8,50.0,22.0,0
9,1,0,9,1,0,0,0,47.0,2.0,0,0,0,0.0,2,30.0,6.0,0
16,1,1,15,3,0,4,0,96.0,3.0,0,4,0,0.0,2,37.0,4.0,0
12,1,1,11,120,0,8,0,136.0,16.0,12,6,5,0.0,10,60.0,29.0,0
26,1,5,23,231,0,7,0,212.0,22.0,0,6,10,0.0,11,117.0,36.0,0
4,1,2,4,45,0,6,0,91.0,10.0,0,5,2,1.0,3,29.0,12.0,0
3,2,2,1,6,0,2,0,27.0,4.0,10,2,0,0.0,4,6.0,7.0,0
5,1,3,2,15,0,4,0,56.0,6.0,9,4,0,0.0,6,24.0,16.0,0
10,4,3,7,45,0,4,25,96.0,10.0,78,4,0,0.0,5,48.0,19.0,1
5,1,4,1,105,0,6,0,55.0,15.0,9,6,0,0.0,15,23.0,17.0,0
5,2,2,3,28,0,4,0,97.0,8.0,32,4,1,0.0,6,54.0,20.0,1
11,3,1,10,36,0,6,4,190.0,9.0,43,4,5,0.0,4,82.0,50.0,0
5,1,1,4,1,0,4,0,39.0,2.0,9,4,0,0.0,2,23.0,3.0,1
4,1,1,4,1,0,2,0,15.0,2.0,9,2,0,0.0,2,11.0,3.0,0
10,2,1,9,3,0,1,0,84.0,3.0,7,1,0,0.0,2,36.0,3.0,1
12,1,1,11,10,0,2,0,162.0,5.0,9,2,3,0.0,2,82.0,44.0,0
4,1,1,3,378,0,14,0,156.0,28.0,18,14,0,0.0,28,76.0,84.0,0
4,1,3,1,3,0,0,0,12.0,3.0,0,0,0,0.0,3,6.0,4.0,0
20,1,0,20,105,0,14,0,405.0,15.0,0,13,9,0.0,6,151.0,72.0,1
7,1,1,6,45,0,1,0,104.0,10.0,0,1,0,0.0,10,31.0,14.0,0
6,1,2,4,36,0,8,0,173.0,9.0,0,8,3,0.0,5,58.0,13.0,0
6,1,0,6,10,0,2,0,111.0,5.0,0,2,1,0.0,4,32.0,13.0,0
9,1,8,1,66,0,5,0,45.0,12.0,18,5,0,0.0,12,14.0,14.0,0
6,1,3,3,6,0,1,0,15.0,4.0,9,1,0,0.0,3,10.0,4.0,0
12,4,1,11,10,0,7,4,72.0,5.0,45,7,0,0.0,4,34.0,17.0,0
27,3,5,23,595,0,75,0,1448.0,35.0,14,50,15,1.0,16,415.0,165.0,2
0,1,0,0,6,0,0,0,12.0,4.0,9,0,0,0.0,4,4.0,4.0,0
8,1,2,6,3,0,1,0,54.0,3.0,0,0,1,0.0,2,17.0,8.0,1
2,1,0,2,0,0,0,0,14.0,1.0,0,0,0,0.0,0,8.0,1.0,0
22,1,0,22,105,0,45,0,328.0,15.0,9,32,10,7.0,3,109.0,31.0,0
4,1,1,3,10,0,3,0,39.0,5.0,11,3,0,0.0,4,18.0,8.0,0
3,1,0,3,0,0,0,0,8.0,1.0,9,0,0,0.0,1,7.0,1.0,0
2,4,1,1,6,0,2,8,27.0,4.0,47,0,0,0.0,2,7.0,8.0,0
21,1,11,10,28,2,1,0,83.0,8.0,0,1,1,0.0,5,31.0,25.0,0
9,1,2,7,6,0,2,0,78.0,4.0,9,0,1,0.0,3,47.0,20.0,0
3,1,2,1,1,0,2,0,9.0,2.0,9,2,1,0.0,1,3.0,2.0,0
12,1,7,5,66,0,9,0,114.0,12.0,0,5,1,0.0,11,44.0,19.0,0
4,1,0,4,6,0,4,0,50.0,4.0,0,4,0,0.0,2,18.0,10.0,0
16,3,1,15,66,5,4,6,226.0,12.0,38,2,3,0.0,4,96.0,57.0,0
3,2,0,3,5886,0,5,0,7509.0,109.0,106,4,10,1.0,98,1266.0,727.0,0
49,1,44,5,171,1,10,0,140.0,19.0,9,9,0,0.0,19,54.0,59.0,0
3,1,2,2,10,0,3,0,44.0,5.0,0,3,0,0.0,3,22.0,11.0,0
11,1,0,11,36,0,12,0,220.0,9.0,0,10,4,2.0,4,64.0,23.0,1
6,1,3,3,28,0,5,0,38.0,8.0,9,3,0,0.0,8,18.0,11.0,0
9,1,1,8,28,0,6,0,58.0,8.0,0,6,1,0.0,7,36.0,18.0,1
10,1,1,9,36,0,1,0,135.0,9.0,0,1,7,0.0,2,35.0,55.0,0
6,2,4,2,45,0,5,0,63.0,10.0,37,5,0,0.0,10,23.0,25.0,0
4,2,3,1,1,0,0,0,3.0,2.0,11,0,0,0.0,2,3.0,1.0,0
0,1,0,0,3,0,3,0,9.0,3.0,9,3,0,0.0,3,3.0,3.0,0
30,3,3,27,28,0,3,6,96.0,8.0,57,3,1,0.0,3,58.0,20.0,0
1,1,1,0,1,0,1,0,6.0,2.0,10,1,0,0.0,2,2.0,2.0,0
3,1,3,0,3,0,2,0,10.0,3.0,9,2,0,0.0,2,3.0,3.0,0
2,1,1,1,10,0,3,0,26.0,5.0,0,3,1,0.0,4,11.0,6.0,0
1,1,0,1,0,0,0,0,38.0,1.0,9,0,0,0.0,1,10.0,3.0,0
2,1,1,1,3,0,1,0,25.0,3.0,0,1,0,0.0,3,8.0,5.0,0
2,1,2,0,0,0,11,0,0.0,1.0,18,1,0,10.0,1,1.0,0.0,0
2,2,0,2,10,0,0,4,15.0,5.0,17,0,0,0.0,5,7.0,5.0,0
10,2,1,9,15,0,7,1,124.0,6.0,19,7,3,0.0,3,43.0,10.0,2
0,1,0,0,1,0,2,0,10.0,2.0,25,2,0,0.0,2,5.0,3.0,0
14,4,14,0,6,0,1,2,14.0,4.0,170,1,0,0.0,4,4.0,4.0,0
16,3,2,14,78,0,5,6,230.0,13.0,38,0,2,0.0,6,74.0,35.0,0
2,1,2,0,15,0,1,0,24.0,6.0,0,1,0,0.0,5,11.0,6.0,0
1,1,0,1,6,0,3,0,22.0,4.0,0,3,0,0.0,4,9.0,8.0,0
45,1,33,16,378,0,17,0,226.0,28.0,0,16,8,0.0,20,125.0,46.0,0
9,1,2,7,55,0,2,0,90.0,11.0,9,2,1,0.0,9,34.0,20.0,0
1,4,0,1,15,0,3,0,38.0,6.0,71,3,0,0.0,6,10.0,11.0,0
2,3,0,2,15,0,0,8,61.0,6.0,28,0,0,0.0,2,23.0,15.0,0
3,1,3,0,55,0,6,0,105.0,11.0,0,6,5,0.0,6,34.0,17.0,0
1,1,0,1,6,0,1,0,12.0,4.0,12,1,0,0.0,4,7.0,4.0,0
42,1,41,2,120,0,1,0,75.0,16.0,9,1,0,0.0,15,40.0,20.0,0
20,2,13,9,210,3,10,0,67.0,21.0,17,4,0,0.0,16,45.0,18.0,0
1,2,1,0,6,0,0,0,8.0,4.0,12,0,0,0.0,4,4.0,3.0,0
11,2,8,3,120,5,4,2,60.0,16.0,41,0,0,0.0,2,34.0,16.0,0
5,1,1,4,0,0,0,0,8.0,1.0,0,0,0,0.0,1,16.0,1.0,0
7,4,1,6,36,0,3,18,172.0,9.0,54,3,3,0.0,5,52.0,23.0,0
2,2,0,2,1,0,0,8,12.0,2.0,25,0,0,0.0,2,7.0,3.0,0
9,1,8,1,28,3,4,0,47.0,8.0,18,4,0,0.0,8,15.0,18.0,0
1,1,0,1,1,1,0,0,13.0,2.0,0,0,0,0.0,0,7.0,2.0,0
2,1,1,1,10,0,4,0,48.0,5.0,0,4,1,0.0,4,14.0,5.0,0
29,1,24,6,153,0,4,0,88.0,18.0,9,4,1,0.0,17,36.0,29.0,0
5,1,3,2,28,0,5,0,37.0,8.0,9,5,0,0.0,8,14.0,10.0,0
3,1,3,0,3,0,2,0,12.0,3.0,18,2,0,0.0,2,4.0,3.0,0
42,1,19,25,496,0,14,0,389.0,32.0,9,14,10,0.0,21,196.0,88.0,0
6,2,4,2,120,0,8,0,96.0,16.0,37,8,0,0.0,16,41.0,46.0,0
16,1,5,11,105,0,8,0,260.0,15.0,0,8,3,0.0,12,140.0,51.0,0
15,2,1,14,561,0,8,1,309.0,34.0,27,8,4,0.0,30,159.0,66.0,0
2,1,1,2,3,0,3,0,17.0,3.0,0,1,0,0.0,3,11.0,3.0,0
0,2,0,0,28,4,0,0,20.0,8.0,16,0,0,0.0,5,11.0,8.0,0
8,3,1,7,6,0,6,4,44.0,4.0,43,5,0,0.0,4,20.0,13.0,0
2,1,0,2,10,0,0,0,21.0,5.0,9,0,0,0.0,5,8.0,7.0,0
7,1,3,4,3,0,1,0,32.0,3.0,9,1,1,0.0,2,14.0,5.0,1
2,1,0,2,28,0,2,0,46.0,8.0,14,0,0,2.0,8,26.0,12.0,0
14,1,8,6,15,0,5,0,50.0,6.0,0,2,0,0.0,6,24.0,11.0,0
2,4,1,1,1,0,1,3,7.0,2.0,75,0,0,1.0,2,3.0,2.0,0
0,1,0,0,0,0,10,0,0.0,0.0,9,0,0,0.0,0,0.0,0.0,0
1,2,0,1,1,0,0,1,9.0,2.0,11,0,0,0.0,2,5.0,2.0,0
29,1,28,2,28,0,2,0,47.0,8.0,9,2,1,0.0,7,21.0,12.0,0
1,4,1,0,6,0,2,8,12.0,4.0,47,0,0,0.0,2,4.0,4.0,0
10,4,1,9,36,0,14,25,198.0,9.0,78,11,2,0.0,3,73.0,28.0,0
3,1,0,3,10,0,7,0,103.0,5.0,0,6,0,0.0,5,89.0,38.0,0
10,2,7,3,561,0,20,2,162.0,34.0,18,15,0,0.0,34,54.0,45.0,0
6,1,5,1,66,0,7,0,41.0,12.0,9,7,0,0.0,12,14.0,13.0,0
3,3,3,0,3,0,2,0,11.0,3.0,50,2,0,0.0,3,3.0,3.0,0
4,1,1,3,15,0,3,0,24.0,6.0,0,2,2,0.0,4,14.0,7.0,0
3,1,3,0,3,0,2,0,10.0,3.0,11,2,0,0.0,3,3.0,3.0,0
1,1,0,1,3,0,0,0,8.0,3.0,9,0,0,0.0,3,4.0,3.0,0
4,2,1,3,6,0,1,0,18.0,4.0,7,1,0,0.0,3,9.0,4.0,0
22,1,10,12,561,0,17,0,191.0,34.0,18,17,0,0.0,34,51.0,49.0,0
1,2,1,0,15,0,2,1,23.0,6.0,28,2,0,0.0,5,7.0,7.0,0
2,1,1,1,15,0,2,0,15.0,6.0,9,2,0,0.0,6,11.0,5.0,0
5,2,0,5,10,0,1,4,18.0,5.0,17,1,0,0.0,5,10.0,6.0,0
6,2,2,4,1,2,0,0,13.0,2.0,7,0,0,0.0,0,9.0,3.0,0
1,3,0,1,0,0,0,1,3.0,1.0,21,0,0,0.0,1,3.0,1.0,0
0,1,0,0,0,0,7,0,2.0,1.0,0,1,1,6.0,0,1.0,1.0,0
7,1,6,1,10,0,1,0,25.0,5.0,9,1,0,0.0,5,15.0,7.0,0
0,1,0,0,0,0,22,0,3.0,1.0,0,1,0,21.0,1,2.0,1.0,0
0,1,0,0,1,1,0,0,5.0,2.0,9,0,0,0.0,2,2.0,2.0,0
1,1,0,1,6,0,2,0,22.0,4.0,9,2,0,0.0,4,7.0,7.0,0
5,1,4,1,120,1,6,0,54.0,16.0,9,4,0,0.0,11,22.0,15.0,0
9,2,7,3,15,0,0,1,59.0,6.0,23,0,0,0.0,5,25.0,18.0,0
9,1,0,9,105,0,15,0,265.0,15.0,0,14,6,0.0,8,70.0,21.0,1
5,1,1,4,15,0,4,0,116.0,6.0,0,4,2,0.0,2,32.0,11.0,0
0,1,0,0,0,0,14,0,3.0,1.0,0,1,0,13.0,1,2.0,1.0,0
3,1,0,3,3,0,1,0,44.0,3.0,9,1,0,0.0,3,12.0,7.0,0
1,1,1,0,21,0,1,0,21.0,7.0,9,1,0,0.0,7,7.0,7.0,0
15,1,7,8,28,0,10,0,294.0,8.0,9,10,3,0.0,5,116.0,96.0,0
1,1,0,1,0,0,0,0,66.0,1.0,9,0,0,0.0,1,8.0,3.0,0
0,1,0,0,0,0,2,0,3.0,1.0,9,1,0,1.0,1,2.0,1.0,0
9,1,8,1,45,0,4,0,55.0,10.0,9,4,0,0.0,9,14.0,21.0,0
1,1,1,0,36,0,3,0,69.0,9.0,9,3,1,0.0,8,19.0,15.0,0
1,1,0,1,10,2,1,0,19.0,5.0,0,1,0,0.0,5,9.0,5.0,0
4,1,0,4,3,0,0,0,37.0,3.0,0,0,0,0.0,3,13.0,13.0,0
2,2,0,2,3,0,0,0,12.0,3.0,12,0,0,0.0,2,7.0,2.0,0
0,1,0,0,0,6,1,0,3.0,1.0,25,1,0,0.0,1,1.0,1.0,0
0,1,0,0,0,0,15,0,3.0,1.0,0,1,0,14.0,1,2.0,1.0,0
8,3,1,7,6,0,3,4,39.0,4.0,43,2,0,0.0,4,20.0,10.0,0
1,1,1,1,1,0,1,0,11.0,2.0,0,0,0,0.0,2,6.0,3.0,0
4,1,4,0,10,0,4,0,23.0,5.0,18,4,0,0.0,4,7.0,6.0,0
4,2,4,0,0,0,1,0,3.0,1.0,23,1,0,0.0,1,1.0,1.0,0
3,1,0,3,1,0,1,0,25.0,2.0,0,1,0,0.0,2,13.0,6.0,0
4,1,2,2,253,0,25,0,671.0,23.0,1,25,15,0.0,8,104.0,64.0,3
3,1,2,1,1,0,0,0,7.0,2.0,0,0,0,0.0,2,5.0,3.0,0
16,1,0,16,6,0,1,0,59.0,4.0,11,1,0,0.0,4,36.0,5.0,1
0,1,0,0,15,0,4,0,38.0,6.0,0,3,0,1.0,2,13.0,8.0,0
3,1,2,1,6,0,2,0,42.0,4.0,0,2,1,0.0,3,10.0,10.0,0
2,2,1,1,6,0,0,0,9.0,4.0,22,0,0,0.0,1,5.0,3.0,0
4,1,1,3,10,0,3,0,20.0,5.0,0,2,1,0.0,4,12.0,6.0,0
7,1,3,4,6,2,1,0,33.0,4.0,9,0,0,1.0,2,9.0,4.0,0
12,2,1,11,276,1,11,13,346.0,24.0,95,6,0,0.0,8,84.0,34.0,0
13,4,1,13,36,0,5,4,69.0,9.0,45,4,1,0.0,7,39.0,15.0,0
2,2,2,0,1,0,2,0,7.0,2.0,26,2,0,0.0,2,2.0,2.0,0
3,3,2,1,21,0,1,0,31.0,7.0,24,0,0,0.0,6,15.0,10.0,0
18,2,5,15,78,2,7,1,191.0,13.0,19,7,1,0.0,8,88.0,34.0,4
1,1,0,1,36,0,1,0,32.0,9.0,0,1,0,0.0,9,10.0,10.0,0
8,2,1,7,10,0,0,0,86.0,5.0,12,0,1,0.0,4,49.0,17.0,1
0,3,0,0,0,0,0,8,3.0,1.0,29,0,0,0.0,1,1.0,1.0,0
4,2,0,4,120,0,8,0,93.0,16.0,35,8,0,0.0,16,43.0,46.0,0
10,1,5,5,28,0,6,0,43.0,8.0,0,5,0,0.0,8,21.0,14.0,0
6,1,6,0,3,0,2,0,9.0,3.0,18,2,0,0.0,2,4.0,3.0,0
1,1,0,1,21,0,5,0,25.0,7.0,9,4,0,0.0,7,14.0,7.0,0
0,1,0,0,3,0,1,0,29.0,3.0,0,0,0,0.0,2,4.0,3.0,0
15,1,12,4,66,0,10,0,69.0,12.0,0,6,1,0.0,11,29.0,16.0,2
5,1,1,4,1,0,4,0,64.0,2.0,9,0,0,0.0,2,20.0,13.0,0
12,1,3,9,36,0,2,0,77.0,9.0,9,2,2,0.0,7,52.0,12.0,0
2,1,2,0,1,0,2,0,13.0,2.0,0,1,0,0.0,2,5.0,3.0,0
5,1,4,1,3,0,2,0,26.0,3.0,0,1,0,0.0,3,11.0,8.0,0
10,1,1,9,6,0,0,0,69.0,4.0,10,0,1,0.0,3,30.0,8.0,0
5,1,2,3,45,2,4,0,79.0,10.0,9,4,1,0.0,6,36.0,23.0,0
8,3,0,8,36,1,7,8,165.0,9.0,28,7,1,0.0,1,64.0,34.0,0
7,2,5,2,15,0,3,0,55.0,6.0,37,3,0,0.0,6,24.0,11.0,0
27,1,5,22,190,0,23,0,527.0,20.0,0,17,6,0.0,14,182.0,41.0,0
3,2,1,2,1,0,2,0,31.0,2.0,6,2,0,0.0,2,8.0,7.0,1
2,3,0,2,6,0,0,5,20.0,4.0,32,0,0,0.0,4,11.0,5.0,0
2,2,1,1,6,0,0,0,9.0,4.0,22,0,0,0.0,1,5.0,3.0,1
0,1,0,0,231,0,10,0,75.0,22.0,9,10,0,0.0,22,22.0,22.0,0
10,3,1,9,36,0,1,18,180.0,9.0,119,0,1,0.0,3,72.0,21.0,0
1,1,0,1,0,0,0,0,32.0,1.0,9,0,0,0.0,1,9.0,3.0,0
44,2,6,40,496,0,11,0,374.0,32.0,36,7,2,0.0,29,227.0,81.0,0
1,1,0,1,1,0,2,0,8.0,2.0,9,2,0,0.0,2,4.0,2.0,0
7,1,4,3,21,0,3,0,58.0,7.0,0,3,0,0.0,7,29.0,11.0,0
5,1,2,3,6,0,2,0,18.0,4.0,9,2,0,0.0,4,9.0,4.0,0
3,2,1,2,21,0,0,0,45.0,7.0,45,0,3,0.0,3,29.0,13.0,0
2,1,1,1,1,0,2,0,9.0,2.0,9,2,1,0.0,1,3.0,2.0,0
1,2,1,1,3,0,2,9,11.0,3.0,30,2,0,0.0,3,8.0,3.0,0
12,1,7,6,78,0,6,0,82.0,13.0,9,6,0,0.0,13,39.0,20.0,0
14,1,8,6,210,0,11,0,186.0,21.0,9,11,3,0.0,18,69.0,41.0,0
0,1,0,0,0,0,115,0,3.0,1.0,0,1,0,114.0,1,2.0,1.0,0
10,1,4,6,36,0,5,0,75.0,9.0,0,3,0,0.0,9,31.0,15.0,1
9,2,0,9,28,0,0,0,115.0,8.0,16,0,1,0.0,7,43.0,18.0,0
2,1,1,1,0,0,0,0,4.0,1.0,0,0,0,0.0,1,2.0,1.0,0
5,4,1,4,1,0,0,1,6.0,2.0,33,0,0,0.0,2,9.0,4.0,0
5,1,0,5,3,0,3,0,48.0,3.0,0,3,1,0.0,0,26.0,10.0,0
3,1,1,2,10,0,2,0,24.0,5.0,9,2,0,0.0,5,15.0,7.0,0
2,1,0,2,1,0,0,0,53.0,2.0,0,0,0,0.0,2,12.0,8.0,0
2,1,0,2,15,0,4,0,97.0,6.0,0,0,1,0.0,2,28.0,17.0,0
1,2,1,0,136,0,0,1,64.0,17.0,27,0,0,0.0,17,17.0,16.0,0
6,3,0,6,10,0,1,1,36.0,5.0,22,1,0,0.0,2,20.0,9.0,0
6,2,4,2,10,2,3,0,34.0,5.0,1,1,1,0.0,4,14.0,6.0,0
26,1,4,22,78,0,104,0,512.0,13.0,51,103,4,1.0,9,285.0,156.0,1
14,1,6,8,91,0,15,0,195.0,14.0,9,6,6,0.0,8,77.0,48.0,0
6,1,3,3,15,0,2,0,35.0,6.0,9,2,0,0.0,6,15.0,5.0,0
9,1,8,1,6,0,2,0,30.0,4.0,9,1,0,0.0,4,12.0,8.0,0
2,1,0,2,136,0,4,0,71.0,17.0,9,4,2,0.0,15,38.0,19.0,0
0,1,0,0,0,0,11,0,3.0,1.0,0,1,0,10.0,1,2.0,1.0,0
2,1,0,2,0,0,0,0,18.0,1.0,0,0,0,0.0,1,8.0,4.0,0
74,1,70,4,351,7,1,0,72.0,27.0,9,1,0,0.0,27,41.0,19.0,0
6,3,1,5,6,0,1,4,41.0,4.0,43,1,0,0.0,4,18.0,10.0,0
8,2,1,7,6,0,1,1,65.0,4.0,19,1,2,0.0,2,44.0,15.0,0
3,1,2,1,1,0,0,0,11.0,2.0,9,0,0,0.0,2,6.0,3.0,0
5,1,3,3,45,0,1,0,53.0,10.0,0,1,3,0.0,5,25.0,13.0,0
19,1,4,15,6,1,3,0,99.0,4.0,9,2,0,0.0,3,54.0,17.0,0
6,2,1,5,120,0,3,1,71.0,16.0,17,2,1,0.0,14,37.0,25.0,1
10,1,0,10,55,0,2,1,166.0,11.0,226,2,0,0.0,9,64.0,32.0,0
5,3,1,4,15,0,0,8,106.0,6.0,28,0,0,0.0,2,36.0,23.0,0
3,3,1,2,21,0,2,5,25.0,7.0,32,2,0,0.0,6,9.0,7.0,0
2,1,2,0,28,0,4,0,21.0,8.0,18,4,0,0.0,8,8.0,7.0,0
0,3,0,0,0,0,0,1,3.0,1.0,28,0,0,0.0,1,1.0,1.0,0
259,1,217,47,2080,0,43,0,685.0,65.0,0,41,6,1.0,59,260.0,112.0,1
1,1,1,0,6,0,5,0,23.0,4.0,0,3,1,1.0,1,10.0,6.0,0
2,1,1,1,1,0,2,0,9.0,2.0,9,2,1,0.0,1,3.0,2.0,1
6,3,6,0,105,1,6,0,0.0,15.0,58,0,0,0.0,15,15.0,0.0,0
1,1,1,0,1,0,0,0,15.0,2.0,0,0,0,0.0,2,5.0,2.0,0
2,1,1,1,21,0,3,7,23.0,7.0,34,3,0,0.0,7,8.0,7.0,0
7,3,0,7,3,0,1,0,46.0,3.0,9,1,0,0.0,2,24.0,13.0,0
5,1,1,5,10,0,3,0,79.0,5.0,0,2,1,0.0,4,42.0,14.0,0
1,2,1,0,6,0,0,0,9.0,4.0,22,0,0,0.0,1,5.0,3.0,0
8,1,5,3,21,0,2,0,45.0,7.0,9,2,0,0.0,7,19.0,10.0,0
3,1,0,3,6,0,9,0,34.0,4.0,9,3,2,0.0,2,19.0,7.0,0
4,1,0,4,6,2,2,0,67.0,4.0,0,2,0,0.0,4,17.0,8.0,0
2,4,1,1,1,0,0,1,6.0,2.0,29,0,0,0.0,1,3.0,2.0,0
3,1,0,3,3,0,0,0,12.0,3.0,0,0,1,0.0,1,11.0,3.0,0
6,1,1,5,15,2,3,0,66.0,6.0,0,2,1,0.0,4,32.0,18.0,0
4,1,3,1,3,0,2,0,12.0,3.0,9,2,1,0.0,2,4.0,3.0,1
0,1,0,0,6,0,1,0,30.0,4.0,0,1,0,0.0,4,13.0,8.0,0
6,1,0,6,15,0,1,0,89.0,6.0,18,1,4,0.0,2,28.0,24.0,0
4,1,1,3,1,0,1,0,9.0,2.0,9,1,0,0.0,2,8.0,2.0,0
3,1,3,0,3,0,3,0,10.0,3.0,18,3,0,0.0,3,3.0,3.0,0
7,1,1,7,1,0,2,0,24.0,2.0,9,0,0,0.0,2,20.0,5.0,0
2,2,0,2,6,0,0,0,12.0,4.0,17,0,0,0.0,0,6.0,4.0,0
1,1,0,1,1,0,1,0,11.0,2.0,18,1,0,0.0,2,4.0,4.0,0
1,2,1,0,6,0,0,0,10.0,4.0,22,0,0,0.0,1,5.0,3.0,0
0,1,0,0,0,0,4,0,3.0,1.0,0,1,0,3.0,1,2.0,1.0,0
10,2,3,7,15,0,1,8,60.0,6.0,25,0,1,0.0,5,32.0,15.0,0
6,2,1,5,3,0,2,1,22.0,3.0,2,1,0,0.0,3,10.0,4.0,0
9,1,3,6,276,3,4,0,219.0,24.0,22,4,1,0.0,17,112.0,51.0,0
4,1,4,0,1,2,0,0,3.0,2.0,0,0,0,0.0,2,2.0,1.0,0
0,1,0,0,10,0,59,0,18.0,5.0,9,4,0,0.0,4,5.0,5.0,0
11,1,9,2,28,0,3,0,32.0,8.0,9,3,0,0.0,8,12.0,12.0,0
0,2,0,0,1,0,0,1,16.0,2.0,17,0,0,0.0,1,4.0,6.0,0
6,3,1,5,6,0,4,4,30.0,4.0,43,4,0,0.0,4,18.0,9.0,0
2,1,1,2,3,0,2,0,25.0,3.0,0,1,0,0.0,2,11.0,6.0,0
3,1,0,3,6,0,2,7,54.0,4.0,31,2,0,0.0,4,25.0,17.0,0
15,1,3,12,36,0,5,0,110.0,9.0,0,4,2,0.0,7,59.0,14.0,0
3,1,0,3,0,0,0,1,8.0,1.0,56,0,0,0.0,1,8.0,1.0,0
0,1,0,0,1,0,2,0,6.0,2.0,0,2,0,0.0,2,2.0,1.0,0
0,1,0,0,0,6,0,0,2.0,1.0,0,0,0,0.0,0,1.0,1.0,0
9,2,0,9,0,0,0,1,62.0,1.0,4,0,0,0.0,0,31.0,2.0,1
2,1,0,2,1,0,0,0,13.0,2.0,0,0,0,0.0,2,8.0,4.0,0
25,1,18,7,28,11,1,0,78.0,8.0,9,0,0,0.0,4,52.0,25.0,0
1,1,1,0,15,1,2,0,32.0,6.0,9,0,0,2.0,6,9.0,12.0,0
5,2,2,3,10,0,0,1,142.0,5.0,17,0,1,0.0,3,54.0,29.0,0
0,1,0,0,171,0,7,0,57.0,19.0,9,1,0,0.0,19,21.0,19.0,0
3,1,2,1,1,0,0,0,6.0,2.0,9,0,0,0.0,2,3.0,4.0,0
3,1,3,0,1,0,1,0,3.0,2.0,0,0,0,0.0,2,3.0,1.0,0
147,1,145,2,21,0,0,0,21.0,7.0,9,0,0,0.0,7,15.0,7.0,0
8,2,2,7,15,0,0,0,33.0,6.0,75,0,0,0.0,6,28.0,11.0,0
0,1,0,0,0,0,0,0,3.0,1.0,0,0,0,0.0,1,1.0,1.0,0
12,3,1,12,28,0,5,4,75.0,8.0,43,4,1,0.0,7,42.0,17.0,0
2,1,1,1,1,0,2,0,9.0,2.0,9,2,1,0.0,1,3.0,2.0,0
0,1,0,0,0,0,11,0,0.0,0.0,9,0,0,0.0,0,0.0,0.0,1
2,1,2,0,6,0,3,0,13.0,4.0,18,3,0,0.0,3,5.0,4.0,0
5,4,0,5,28,0,3,0,49.0,8.0,21,3,0,0.0,7,21.0,11.0,0
13,1,3,10,10,0,6,0,41.0,5.0,9,5,1,1.0,4,27.0,8.0,0
4,1,0,4,21,0,0,0,34.0,7.0,10,0,0,0.0,7,18.0,10.0,0
5,2,2,3,1,0,1,1,34.0,2.0,17,1,0,0.0,1,15.0,10.0,0
1,2,0,1,0,0,0,1,13.0,1.0,2,0,0,0.0,0,8.0,4.0,1
22,2,1,21,120,0,1,0,120.0,16.0,31,1,0,0.0,16,80.0,37.0,0
14,1,6,9,105,1,7,0,164.0,15.0,0,7,1,0.0,12,60.0,26.0,0
1,1,0,1,1,0,0,0,10.0,2.0,0,0,0,0.0,2,4.0,3.0,0
3,1,1,2,3,0,3,0,57.0,3.0,0,3,0,0.0,3,8.0,6.0,0
4,2,0,4,10,0,4,3,23.0,5.0,14,4,0,0.0,5,16.0,6.0,0
9,2,1,8,6,0,0,4,98.0,4.0,20,0,1,0.0,1,58.0,14.0,1
3,1,1,3,3,0,6,0,40.0,3.0,9,3,2,0.0,1,21.0,5.0,1
1,1,0,1,0,0,0,0,3.0,1.0,10,0,0,0.0,1,3.0,1.0,0
7,1,5,2,21,0,12,0,47.0,7.0,9,2,0,0.0,7,17.0,15.0,0
2,2,2,1,3,0,2,9,12.0,3.0,30,2,0,0.0,3,8.0,3.0,0
11,1,1,10,15,0,8,0,56.0,6.0,9,8,4,0.0,2,42.0,17.0,0
0,1,0,0,0,0,4,0,3.0,1.0,0,1,0,3.0,1,2.0,1.0,0
24,1,20,4,465,0,12,0,136.0,31.0,18,12,0,0.0,31,52.0,38.0,0
14,1,0,14,28,0,11,0,194.0,8.0,9,11,0,0.0,8,90.0,32.0,0
0,3,0,0,0,0,1,0,3.0,1.0,27,1,0,0.0,1,1.0,1.0,0
34,1,3,31,300,0,13,0,359.0,25.0,10,13,19,0.0,6,249.0,59.0,0
6,1,1,5,66,0,2,0,84.0,12.0,17,1,0,0.0,12,32.0,17.0,0
40,1,38,2,10,0,2,0,51.0,5.0,9,2,0,0.0,5,12.0,18.0,0
9,2,2,7,3,0,1,0,32.0,3.0,11,1,0,0.0,3,22.0,7.0,0
9,1,1,8,153,0,11,0,205.0,18.0,0,10,4,0.0,12,55.0,27.0,0
9,1,4,5,210,2,6,16,106.0,21.0,35,1,1,0.0,16,59.0,37.0,1
1,1,0,1,1,0,1,0,9.0,2.0,18,1,0,0.0,2,3.0,3.0,0
16,1,7,10,136,0,32,0,141.0,17.0,18,9,3,0.0,14,70.0,34.0,0
9,1,2,7,15,0,6,0,70.0,6.0,9,6,0,0.0,6,25.0,13.0,0
16,1,1,16,66,0,6,0,132.0,12.0,0,6,3,0.0,9,63.0,22.0,1
16,1,6,11,465,0,20,0,166.0,31.0,9,20,3,0.0,28,67.0,49.0,2
1,1,0,1,0,0,2,0,23.0,1.0,0,2,0,0.0,1,4.0,4.0,0
0,3,0,0,3,0,0,19,22.0,3.0,76,0,0,0.0,1,3.0,11.0,0
24,1,15,9,36,0,7,0,79.0,9.0,9,7,1,0.0,8,34.0,11.0,0
0,1,0,0,1,0,10,0,26.0,2.0,0,9,0,0.0,2,8.0,9.0,0
1,1,0,1,0,0,0,0,25.0,1.0,9,0,0,0.0,1,8.0,3.0,0
26,2,2,24,28,1,8,0,189.0,8.0,3,7,5,0.0,3,112.0,27.0,0
4,2,1,3,3,0,0,1,80.0,3.0,17,0,1,0.0,1,19.0,15.0,0
0,3,0,0,0,0,0,8,3.0,1.0,29,0,0,0.0,1,1.0,1.0,0
1,1,0,1,6,0,1,0,16.0,4.0,9,1,0,0.0,4,7.0,4.0,0
9,1,6,3,28,0,2,0,263.0,8.0,9,2,6,0.0,2,112.0,85.0,0
0,2,0,0,0,0,0,0,4.0,1.0,4,0,0,0.0,1,1.0,1.0,0
20,1,2,19,136,0,7,0,170.0,17.0,0,7,2,0.0,15,94.0,25.0,0
19,1,4,17,66,0,7,0,143.0,12.0,9,7,2,0.0,10,71.0,31.0,0
2,1,1,2,91,0,3,0,190.0,14.0,0,3,4,0.0,7,49.0,22.0,0
8,1,0,8,91,0,18,0,140.0,14.0,9,2,0,0.0,14,59.0,19.0,0
1,1,0,1,15,0,5,0,33.0,6.0,0,1,1,0.0,3,14.0,11.0,0
10,1,4,6,91,1,4,0,99.0,14.0,9,4,2,0.0,10,52.0,20.0,0
6,1,0,6,120,0,8,0,98.0,16.0,18,8,0,0.0,16,46.0,49.0,0
16,1,6,11,66,0,5,0,161.0,12.0,9,5,5,0.0,7,66.0,24.0,0
3,1,0,3,3,0,2,0,37.0,3.0,9,1,2,1.0,1,21.0,5.0,0
5,2,1,4,231,0,11,0,121.0,22.0,37,11,0,0.0,22,54.0,51.0,0
6,1,1,5,66,1,6,0,82.0,12.0,18,6,0,0.0,12,38.0,38.0,0
1,1,1,0,0,0,6,0,8.0,1.0,9,0,0,6.0,1,1.0,1.0,0
1,2,1,0,6,0,0,1,32.0,4.0,17,0,0,0.0,1,8.0,5.0,0
1,1,1,0,6,0,2,0,13.0,4.0,9,2,0,0.0,4,6.0,4.0,1
13,3,1,12,6,0,5,4,103.0,4.0,43,2,0,0.0,4,48.0,25.0,0
10,1,4,7,36,0,4,0,63.0,9.0,9,3,1,0.0,8,37.0,19.0,0
4,1,1,3,15,0,7,0,48.0,6.0,14,0,0,0.0,6,24.0,11.0,0
3,1,3,0,1,0,1,0,6.0,2.0,0,0,0,0.0,2,3.0,2.0,0
5,1,1,4,55,3,1,0,57.0,11.0,13,0,0,0.0,9,38.0,13.0,0
22,1,15,7,45,0,3,0,100.0,10.0,9,3,0,0.0,10,62.0,24.0,0
7,1,2,6,3,0,0,0,33.0,3.0,9,0,1,0.0,2,17.0,9.0,0
0,1,0,0,0,0,52,0,3.0,1.0,0,1,0,51.0,1,2.0,1.0,0
3,1,2,1,6,0,1,0,17.0,4.0,9,1,0,0.0,4,10.0,5.0,0
3,2,1,2,15,0,1,0,25.0,6.0,15,1,0,0.0,6,10.0,8.0,0
6,1,2,4,3,0,0,0,30.0,3.0,0,0,0,0.0,3,9.0,9.0,0
1,1,0,1,15,0,1,0,18.0,6.0,9,1,0,0.0,6,10.0,7.0,0
11,1,1,10,91,0,5,0,122.0,14.0,0,5,0,0.0,14,51.0,33.0,0
1,2,0,1,3,0,1,0,9.0,3.0,19,1,0,0.0,2,4.0,3.0,0
60,1,54,10,120,0,11,0,115.0,16.0,0,10,3,0.0,13,58.0,27.0,1
0,1,0,0,1,0,0,0,10.0,2.0,18,0,0,0.0,2,3.0,4.0,0
13,2,1,12,6,0,0,0,70.0,4.0,15,0,1,0.0,3,34.0,15.0,0
44,1,24,21,703,0,41,0,385.0,38.0,0,25,3,2.0,34,168.0,69.0,1
15,1,5,10,45,0,7,0,251.0,10.0,0,7,3,0.0,5,67.0,38.0,2
2,2,1,1,15,0,1,0,14.0,6.0,13,1,0,0.0,6,7.0,5.0,0
6,1,4,2,105,0,6,0,58.0,15.0,16,5,0,1.0,15,21.0,17.0,0
19,2,7,12,496,0,16,0,347.0,32.0,32,16,12,0.0,20,155.0,61.0,1
2,3,1,1,15,0,0,1,26.0,6.0,13,0,0,0.0,3,9.0,8.0,0
6,2,1,5,3,0,6,8,37.0,3.0,22,6,0,0.0,3,22.0,11.0,0
4,1,1,3,10,0,1,0,34.0,5.0,0,1,2,0.0,3,18.0,5.0,0
4,1,1,3,45,0,13,0,78.0,10.0,0,12,0,0.0,10,22.0,25.0,0
6,2,1,5,21,0,8,3,197.0,7.0,24,2,0,6.0,7,75.0,26.0,0
4,1,4,0,1,0,11,0,38.0,2.0,9,0,0,0.0,2,2.0,3.0,0
11,1,0,11,1,0,0,0,51.0,2.0,0,0,1,0.0,1,29.0,10.0,1
23,2,15,11,1830,2,29,4,505.0,61.0,10,20,1,1.0,43,223.0,108.0,0
1,1,1,0,1,0,1,0,6.0,2.0,0,0,0,0.0,2,3.0,2.0,0
0,1,0,0,0,0,8,0,3.0,1.0,0,1,0,7.0,1,2.0,1.0,0
0,1,0,0,1,0,0,0,7.0,2.0,0,0,0,0.0,2,3.0,2.0,0
6,1,0,6,3,0,2,0,108.0,3.0,9,2,0,0.0,3,42.0,16.0,0
1,2,1,0,6,0,1,0,12.0,4.0,22,1,0,0.0,1,5.0,4.0,0
1,1,1,0,1,0,0,0,6.0,2.0,0,0,0,0.0,2,3.0,2.0,0
2,1,0,2,0,0,0,0,24.0,1.0,9,0,0,0.0,1,8.0,3.0,0
9,1,1,9,21,0,10,0,217.0,7.0,9,10,4,0.0,2,49.0,63.0,0
26,1,5,26,120,0,20,0,258.0,16.0,10,14,2,0.0,7,98.0,26.0,1
8,1,6,2,1,0,0,0,31.0,2.0,0,0,0,0.0,2,15.0,14.0,0
14,3,0,14,36,0,0,1,126.0,9.0,31,0,2,0.0,4,71.0,16.0,0
3,2,0,3,3,0,3,0,45.0,3.0,16,3,0,0.0,3,19.0,11.0,0
4,1,1,3,15,0,4,0,29.0,6.0,0,3,0,0.0,6,14.0,7.0,0
3,1,2,1,1,1,0,0,6.0,2.0,9,0,0,0.0,2,4.0,2.0,0
3,1,0,3,105,0,0,0,51.0,15.0,9,0,0,0.0,15,27.0,17.0,0
5,1,1,4,28,0,9,0,228.0,8.0,51,9,1,0.0,7,65.0,48.0,0
38,1,26,12,3160,0,38,0,345.0,80.0,18,38,0,0.0,80,137.0,115.0,0
15,1,3,12,10,0,0,0,137.0,5.0,9,0,1,0.0,4,74.0,24.0,1
2,1,1,1,3,0,1,0,23.0,3.0,0,1,0,0.0,3,19.0,7.0,0
1,2,1,0,1,0,0,0,3.0,2.0,10,0,0,0.0,2,2.0,1.0,0
6,1,1,5,21,0,3,3,186.0,7.0,125,3,0,0.0,4,41.0,32.0,0
13,1,9,4,36,0,14,0,54.0,9.0,0,1,1,0.0,8,28.0,15.0,2
9,1,3,6,231,2,20,0,404.0,22.0,0,19,5,0.0,9,86.0,54.0,1
3,5,1,2,10,0,0,5,21.0,5.0,53,0,0,0.0,1,11.0,7.0,0
0,1,0,0,0,0,1,0,3.0,1.0,25,1,0,0.0,1,1.0,1.0,0
2,1,1,1,6,0,3,0,14.0,4.0,18,3,0,0.0,4,6.0,5.0,0
1,1,0,1,0,0,3,0,31.0,1.0,9,3,0,0.0,1,3.0,4.0,0
23,2,8,15,136,0,10,13,672.0,17.0,95,1,3,0.0,1,197.0,53.0,0
3,1,2,1,1,0,0,0,4.0,2.0,9,0,0,0.0,2,4.0,1.0,0
3,2,1,2,171,0,7,0,97.0,19.0,2,7,0,0.0,19,40.0,26.0,0
3,1,0,3,10,0,1,0,25.0,5.0,0,1,0,0.0,5,14.0,8.0,0
2,2,0,2,10,0,1,0,95.0,5.0,12,1,3,0.0,2,17.0,26.0,0
2,3,0,2,91,0,7,0,82.0,14.0,52,7,0,0.0,14,35.0,39.0,0
27,1,16,11,136,0,5,0,159.0,17.0,12,5,3,0.0,14,79.0,29.0,1
39,1,16,23,36,3,4,0,238.0,9.0,0,4,3,0.0,6,106.0,83.0,1
37,1,24,14,325,0,2,0,211.0,26.0,9,2,6,0.0,20,112.0,33.0,1
18,1,6,12,120,0,8,0,147.0,16.0,0,7,8,0.0,8,62.0,23.0,1
11,1,2,9,15,0,9,0,32.0,6.0,19,9,0,0.0,6,21.0,7.0,0
11,3,1,10,15,0,5,4,115.0,6.0,43,4,2,0.0,4,57.0,32.0,0
14,2,2,12,15,0,0,0,61.0,6.0,13,0,1,0.0,5,44.0,10.0,0
0,1,0,0,0,0,2,0,3.0,1.0,0,1,0,1.0,1,2.0,1.0,0
0,2,0,0,21,0,0,0,21.0,7.0,16,0,0,0.0,7,8.0,7.0,0
0,1,0,0,1,0,2,0,22.0,2.0,9,0,0,0.0,2,5.0,7.0,0
38,1,4,35,351,0,9,0,488.0,27.0,0,9,13,0.0,8,218.0,103.0,2
10,1,2,8,21,0,4,0,100.0,7.0,15,4,0,0.0,7,31.0,7.0,0
1,1,0,1,0,0,0,0,4.0,1.0,0,0,0,0.0,1,3.0,1.0,0
6,1,6,0,190,2,0,0,0.0,20.0,9,0,0,0.0,20,20.0,0.0,0
0,1,0,0,6,2,0,0,8.0,4.0,13,0,0,0.0,4,4.0,4.0,0
3,1,0,3,10,1,0,0,57.0,5.0,9,0,0,0.0,0,17.0,6.0,0
2,1,0,2,0,0,2,0,8.0,1.0,0,2,0,0.0,1,4.0,1.0,0
2,1,2,0,6,1,2,0,17.0,4.0,9,1,0,1.0,3,8.0,5.0,0
12,1,2,10,21,0,6,0,123.0,7.0,9,6,5,0.0,2,54.0,22.0,2
3,1,1,2,15,0,5,0,47.0,6.0,0,5,0,0.0,3,16.0,10.0,0
8,3,1,7,6,0,4,4,62.0,4.0,43,2,0,0.0,4,32.0,13.0,0
5,1,0,5,0,0,1,0,27.0,1.0,0,1,0,0.0,1,11.0,4.0,0
1,1,1,1,1,0,2,0,12.0,2.0,0,1,0,0.0,2,6.0,3.0,0
1,1,1,0,21,0,2,1,22.0,7.0,14,2,0,0.0,7,10.0,7.0,0
3,2,1,2,1,1,4,1,14.0,2.0,24,0,0,0.0,2,11.0,4.0,0
10,1,0,10,6,0,1,0,55.0,4.0,0,0,0,0.0,3,36.0,9.0,0
2,1,0,2,1,0,0,0,6.0,2.0,0,0,0,0.0,2,4.0,2.0,0
2,1,1,2,1,0,3,0,13.0,2.0,0,3,0,0.0,2,5.0,3.0,0
4,2,0,4,10,0,7,3,21.0,5.0,14,7,0,0.0,5,13.0,5.0,0
5,2,0,5,0,0,0,1,12.0,1.0,2,0,0,0.0,0,7.0,2.0,0
1,4,0,1,15,0,3,0,38.0,6.0,71,3,0,0.0,6,10.0,11.0,0
1,1,1,0,15,0,3,1,15.0,6.0,14,0,0,3.0,6,7.0,5.0,0
32,1,24,9,325,0,18,0,209.0,26.0,0,10,4,0.0,22,92.0,36.0,1
4,1,2,2,15,0,1,0,55.0,6.0,9,0,0,1.0,6,33.0,10.0,0
31,1,19,14,153,0,11,0,257.0,18.0,0,9,0,0.0,16,107.0,62.0,3
3,2,1,2,10,0,1,0,27.0,5.0,7,1,0,0.0,4,11.0,6.0,1
4,1,1,3,15,0,3,0,36.0,6.0,0,2,1,0.0,5,18.0,12.0,0
6,1,6,0,28,0,2,0,50.0,8.0,9,1,0,1.0,8,28.0,11.0,0
2,4,1,1,28,0,1,0,28.0,8.0,21,1,0,0.0,8,12.0,8.0,0
3,1,0,3,6,0,1,0,24.0,4.0,0,0,0,0.0,2,10.0,9.0,0
20,1,2,18,36,0,7,0,291.0,9.0,0,6,4,0.0,4,73.0,26.0,0
12,1,6,6,630,0,7,0,326.0,36.0,0,6,11,0.0,20,108.0,61.0,0
6,2,1,5,3,0,9,8,49.0,3.0,22,9,0,0.0,3,30.0,17.0,0
1,2,1,0,1,0,0,1,18.0,2.0,17,0,0,0.0,0,7.0,6.0,0
5,2,1,4,3,0,1,0,18.0,3.0,18,1,0,0.0,2,9.0,5.0,0
4,1,0,4,0,0,1,0,41.0,1.0,9,0,0,1.0,1,13.0,5.0,0
3,2,1,2,10,1,1,0,34.0,5.0,32,1,0,0.0,4,23.0,5.0,0
4,1,1,3,28,0,2,0,35.0,8.0,0,1,0,0.0,8,25.0,10.0,0
2,1,2,0,15,0,3,0,65.0,6.0,9,3,1,0.0,4,23.0,15.0,0
8,2,5,3,28,0,3,0,31.0,8.0,36,3,1,0.0,6,18.0,10.0,0
14,1,1,13,78,1,3,0,565.0,13.0,0,0,5,1.0,3,172.0,124.0,0
2,1,2,0,1,3,0,0,0.0,2.0,9,0,0,0.0,2,2.0,0.0,0
2,1,1,1,1,0,0,0,12.0,2.0,9,0,0,0.0,2,10.0,7.0,0
5,1,2,3,1,0,2,0,51.0,2.0,9,1,0,0.0,2,22.0,10.0,0
2,2,2,0,15,0,1,2,19.0,6.0,18,1,0,0.0,6,6.0,6.0,0
5,1,4,1,6,3,2,0,14.0,4.0,18,2,0,0.0,4,5.0,5.0,0
0,1,0,0,1,0,1,0,28.0,2.0,18,1,0,0.0,2,3.0,7.0,0
1,3,0,1,0,0,0,0,3.0,1.0,14,0,0,0.0,0,2.0,1.0,0
3,1,1,2,21,0,1,0,71.0,7.0,9,1,0,0.0,7,30.0,10.0,0
0,1,0,0,0,0,0,0,0.0,0.0,9,0,0,0.0,0,0.0,0.0,0
1,1,1,0,10,2,0,0,12.0,5.0,13,0,0,0.0,5,5.0,4.0,0
2,1,0,2,10,0,1,0,41.0,5.0,0,0,1,0.0,4,14.0,9.0,0
3,2,0,3,55,0,1,1,41.0,11.0,23,0,0,0.0,11,18.0,13.0,0
6,1,0,6,3,0,2,0,82.0,3.0,9,2,0,0.0,3,42.0,16.0,0
2,1,1,1,1,0,2,0,9.0,2.0,9,2,1,0.0,1,3.0,2.0,1
2,2,1,1,6,0,1,0,9.0,4.0,22,1,0,0.0,1,5.0,3.0,1
10,2,0,10,15,0,1,0,48.0,6.0,13,1,1,0.0,5,29.0,6.0,0
13,2,2,11,45,0,0,0,142.0,10.0,11,0,4,0.0,5,57.0,50.0,0
2,1,1,1,171,1,17,0,212.0,19.0,0,17,0,0.0,3,83.0,34.0,0
3,1,2,1,3,1,0,0,25.0,3.0,32,0,0,0.0,3,8.0,7.0,0
13,1,2,11,36,0,2,0,127.0,9.0,9,2,1,0.0,8,51.0,21.0,0
3,1,1,2,28,0,4,0,134.0,8.0,9,4,3,0.0,5,29.0,25.0,0
2,1,0,2,0,0,0,0,9.0,1.0,0,0,1,0.0,0,5.0,2.0,0
3,2,0,3,6,0,1,0,13.0,4.0,17,0,0,0.0,0,8.0,4.0,0
3,1,0,3,78,1,4,4,127.0,13.0,66,0,2,4.0,8,83.0,33.0,0
2,1,2,0,3,0,2,0,11.0,3.0,0,1,0,0.0,3,5.0,3.0,0
8,2,0,8,15,0,0,4,33.0,6.0,17,0,0,0.0,6,23.0,11.0,0
6,2,5,1,6,0,0,0,11.0,4.0,22,0,0,0.0,1,5.0,3.0,0
9,1,0,9,15,0,0,0,55.0,6.0,9,0,0,0.0,6,26.0,20.0,0
7,3,1,6,6,1,2,4,37.0,4.0,43,1,0,0.0,4,20.0,8.0,0
1,1,0,1,0,0,0,0,20.0,1.0,0,0,0,0.0,1,7.0,5.0,0
9,1,5,4,136,0,4,0,106.0,17.0,21,1,0,1.0,17,68.0,23.0,0
3,2,1,2,15,0,2,0,64.0,6.0,32,2,1,0.0,5,42.0,11.0,0
0,1,0,0,0,0,128,0,3.0,1.0,0,1,0,127.0,1,2.0,1.0,1
47,1,15,35,903,0,29,0,822.0,43.0,1,25,15,0.0,20,354.0,133.0,4
1,2,1,0,6,0,0,0,9.0,4.0,22,0,0,0.0,1,5.0,3.0,0
10,1,1,9,153,0,25,0,345.0,18.0,9,19,8,1.0,10,119.0,100.0,0
1,3,0,1,15,0,3,0,38.0,6.0,52,3,0,0.0,6,10.0,11.0,0
3,1,3,0,210,0,11,0,62.0,21.0,18,11,0,0.0,21,21.0,21.0,1
0,1,0,0,0,0,51,0,3.0,1.0,0,1,0,50.0,1,2.0,1.0,2
1,2,1,0,6,0,0,0,9.0,4.0,22,0,0,0.0,1,5.0,3.0,0
24,3,3,21,231,0,20,0,322.0,22.0,14,17,6,0.0,11,136.0,39.0,1
11,1,4,7,91,0,6,0,107.0,14.0,0,6,2,0.0,11,43.0,28.0,0
8,1,7,1,6,1,3,0,13.0,4.0,18,3,0,0.0,4,6.0,4.0,0
43,1,34,9,120,0,5,0,96.0,16.0,9,5,0,0.0,16,56.0,21.0,1
1,1,1,0,6,0,7,0,22.0,4.0,0,7,0,0.0,4,9.0,5.0,0
10,3,1,9,28,0,5,4,106.0,8.0,43,4,4,0.0,4,60.0,24.0,0
6,3,1,5,3,0,1,1,41.0,3.0,18,1,1,0.0,2,18.0,10.0,0
3,2,1,2,6,0,3,0,12.0,4.0,22,0,0,0.0,1,6.0,3.0,0
3,2,1,3,15,1,5,0,22.0,6.0,22,4,0,0.0,1,10.0,6.0,0
29,1,18,12,325,0,7,0,273.0,26.0,9,0,4,0.0,17,135.0,77.0,3
6,2,1,5,3,0,1,0,33.0,3.0,11,1,1,0.0,2,22.0,13.0,0
0,1,0,0,21,0,3,0,43.0,7.0,9,3,0,0.0,7,10.0,12.0,0
0,2,0,0,0,0,1,0,3.0,1.0,26,1,0,0.0,1,1.0,1.0,0
5,1,3,2,15,0,4,0,38.0,6.0,9,3,0,1.0,6,11.0,7.0,0
8,1,3,5,28,0,2,0,130.0,8.0,9,2,1,0.0,7,48.0,31.0,1
2,1,1,1,1,0,1,0,45.0,2.0,9,1,0,0.0,2,8.0,8.0,0
3,2,3,0,21,0,4,0,21.0,7.0,31,4,0,0.0,7,7.0,7.0,0
1,1,0,1,3,0,0,0,28.0,3.0,9,0,0,0.0,3,10.0,6.0,0
5,1,2,3,45,0,4,0,130.0,10.0,9,4,4,0.0,6,45.0,33.0,0
6,1,1,5,6,0,2,0,19.0,4.0,0,1,0,0.0,4,18.0,4.0,0
101,1,81,20,990,0,12,0,519.0,45.0,30,12,8,0.0,37,321.0,105.0,0
5,1,1,4,10,0,3,0,74.0,5.0,0,2,0,0.0,5,16.0,6.0,2
4,1,1,3,3,0,1,0,22.0,3.0,0,1,0,0.0,3,11.0,7.0,1
1,1,1,0,3,1,1,0,0.0,3.0,9,0,0,0.0,3,3.0,0.0,0
0,1,0,0,0,0,11,0,0.0,0.0,9,0,0,0.0,0,0.0,0.0,0
3,1,2,1,1,0,2,0,9.0,2.0,9,2,1,0.0,1,3.0,2.0,1
17,2,3,14,153,0,13,3,132.0,18.0,14,10,0,0.0,18,84.0,45.0,1
9,1,1,8,6,0,7,0,95.0,4.0,9,7,2,0.0,2,40.0,22.0,0
0,1,0,0,0,0,6,0,3.0,1.0,0,1,0,5.0,1,2.0,1.0,0
6,2,2,4,10,0,3,0,27.0,5.0,41,0,0,0.0,5,17.0,13.0,0
2,1,1,1,1,0,2,0,9.0,2.0,9,2,1,0.0,1,3.0,2.0,1
1,3,0,1,0,0,0,0,3.0,1.0,14,0,0,0.0,0,2.0,1.0,0
3,2,1,2,21,0,1,1,31.0,7.0,17,1,0,0.0,6,10.0,9.0,0
38,1,31,10,300,0,10,0,218.0,25.0,21,5,3,1.0,21,124.0,64.0,0
10,1,1,9,1,0,1,0,21.0,2.0,9,1,0,0.0,2,14.0,3.0,0
0,1,0,0,0,0,2,0,3.0,1.0,0,1,0,1.0,1,2.0,1.0,0
6,3,1,5,6,0,1,0,47.0,4.0,24,1,0,0.0,3,22.0,13.0,1
1,1,1,0,10,5,3,0,0.0,5.0,9,0,0,0.0,5,5.0,0.0,0
4,3,1,3,15,0,7,0,57.0,6.0,14,7,0,0.0,6,20.0,9.0,0
7,5,1,7,15,0,3,5,79.0,6.0,53,3,0,0.0,1,36.0,23.0,0
52,1,52,0,91,12,1,0,9.0,14.0,9,0,0,0.0,14,14.0,3.0,0
10,2,1,9,6,0,4,0,126.0,4.0,6,4,1,0.0,3,53.0,8.0,0
2,2,0,2,3,0,0,0,12.0,3.0,12,0,0,0.0,2,7.0,2.0,0
0,3,0,0,3,0,0,19,17.0,3.0,76,0,0,0.0,1,3.0,11.0,0
17,1,1,16,28,0,5,0,108.0,8.0,11,5,3,0.0,5,71.0,12.0,0
1,1,1,0,10,1,2,0,11.0,5.0,9,0,0,0.0,4,6.0,4.0,0
1,1,1,0,1,1,0,0,3.0,2.0,0,0,0,0.0,2,2.0,1.0,0
11,3,1,10,28,0,10,4,199.0,8.0,43,10,4,0.0,4,124.0,57.0,1
5,2,0,5,3,0,1,1,31.0,3.0,19,1,1,0.0,2,21.0,4.0,1
6,4,1,5,3,0,2,5,29.0,3.0,47,1,0,0.0,3,13.0,8.0,0
6,1,1,5,1081,0,18,1,206.0,47.0,10,15,2,2.0,42,145.0,59.0,0
2,1,0,2,45,0,8,0,67.0,10.0,0,8,1,0.0,9,20.0,14.0,0
2,2,1,1,6,0,0,0,9.0,4.0,22,0,0,0.0,1,5.0,3.0,0
2,1,0,2,0,0,0,0,27.0,1.0,9,0,0,0.0,1,15.0,6.0,0
14,1,11,3,91,0,13,7,74.0,14.0,31,1,0,0.0,12,33.0,20.0,0
2,1,1,2,1,0,2,0,19.0,2.0,0,1,0,0.0,2,12.0,3.0,0
6,2,0,6,55,0,3,1,75.0,11.0,23,2,0,0.0,11,27.0,22.0,0
1,1,1,0,0,0,1,0,3.0,1.0,26,1,0,0.0,1,1.0,1.0,0
2,1,0,2,120,0,8,0,92.0,16.0,18,8,0,0.0,16,40.0,46.0,0
12,3,1,11,21,0,1,0,114.0,7.0,24,0,3,0.0,3,63.0,30.0,0
107,1,101,9,561,0,80,0,202.0,34.0,9,7,2,0.0,26,99.0,60.0,0
1,2,0,1,28,1,4,8,53.0,8.0,63,0,1,4.0,4,22.0,12.0,0
5,1,1,4,28,0,0,0,50.0,8.0,9,0,0,0.0,8,36.0,22.0,0
14,1,14,0,78,0,13,0,43.0,13.0,14,13,0,0.0,13,17.0,14.0,0
5,1,0,5,0,0,1,0,46.0,1.0,9,0,0,0.0,1,22.0,5.0,0
5,1,1,4,120,0,4,0,89.0,16.0,9,4,1,0.0,15,47.0,20.0,0
14,2,1,13,3,0,1,0,101.0,3.0,6,1,0,0.0,3,41.0,3.0,0
4,1,2,2,3,0,2,0,34.0,3.0,9,1,0,0.0,3,13.0,10.0,0
8,3,1,7,55,0,7,0,192.0,11.0,14,7,2,0.0,8,51.0,29.0,0
0,1,0,0,1,0,1,0,6.0,2.0,0,1,0,0.0,2,3.0,1.0,0
0,1,0,0,0,0,23,0,0.0,0.0,9,0,0,0.0,0,0.0,0.0,0
2,1,1,1,1,0,6,0,14.0,2.0,9,0,0,6.0,2,8.0,2.0,0
3,1,1,2,253,1,3,0,107.0,23.0,9,2,0,0.0,22,59.0,35.0,0
12,1,7,9,210,0,15,0,272.0,21.0,0,9,7,6.0,13,91.0,39.0,0
2,1,1,1,1,0,2,0,9.0,2.0,9,2,1,0.0,1,3.0,2.0,1
2,2,1,1,6,0,0,0,9.0,4.0,22,0,0,0.0,1,5.0,3.0,0
3,2,3,0,10,0,3,0,15.0,5.0,22,3,0,0.0,5,5.0,5.0,0
1,1,1,1,1,0,2,0,13.0,2.0,0,1,0,0.0,2,6.0,3.0,0
4,1,2,2,91,1,7,0,81.0,14.0,18,7,0,0.0,14,34.0,39.0,0
4,1,2,2,0,0,0,0,3.0,1.0,9,0,0,0.0,1,3.0,1.0,0
0,1,0,0,0,0,29,0,3.0,1.0,0,1,0,28.0,1,2.0,1.0,0
21,1,12,9,66,0,4,0,107.0,12.0,13,4,1,0.0,11,54.0,22.0,0
4,1,4,0,15,0,4,0,20.0,6.0,9,4,0,0.0,6,6.0,6.0,0
8,1,8,0,28,0,7,0,29.0,8.0,18,7,0,0.0,8,9.0,8.0,0
6,1,0,6,45,0,0,0,49.0,10.0,9,0,1,0.0,9,20.0,16.0,0
18,1,13,6,325,0,11,0,169.0,26.0,9,11,0,0.0,26,82.0,64.0,0
1,1,1,0,3,0,2,1,17.0,3.0,56,2,0,0.0,3,12.0,3.0,0
2,1,1,1,1,0,0,0,11.0,2.0,9,0,0,0.0,1,6.0,3.0,0
9,1,1,8,28,0,6,0,103.0,8.0,0,5,2,0.0,3,47.0,25.0,1
8,1,0,8,153,0,18,0,335.0,18.0,9,18,5,0.0,13,135.0,90.0,0
7,2,1,6,21,0,2,0,107.0,7.0,17,2,1,0.0,6,41.0,12.0,0
40,2,28,14,496,0,11,0,365.0,32.0,14,11,0,0.0,26,126.0,62.0,0
5,3,1,4,231,0,11,0,126.0,22.0,52,11,0,0.0,22,61.0,67.0,0
7,3,1,6,3,0,0,16,35.0,3.0,48,0,0,0.0,1,15.0,7.0,1
8,1,3,5,15,0,3,0,77.0,6.0,0,2,1,0.0,5,13.0,27.0,0
12,1,9,3,21,0,12,0,59.0,7.0,9,4,3,0.0,4,27.0,23.0,0
0,1,0,0,0,0,4,0,3.0,1.0,0,1,0,3.0,1,2.0,1.0,0
18,1,4,14,15,0,2,0,100.0,6.0,0,1,1,0.0,5,44.0,13.0,1
8,2,1,7,3,0,1,1,50.0,3.0,2,1,0,0.0,3,21.0,8.0,0
8,2,3,5,3,1,0,0,30.0,3.0,4,0,0,0.0,1,12.0,5.0,0
2,1,1,1,3,0,5,0,27.0,3.0,9,2,2,0.0,1,11.0,6.0,0
4,1,1,3,3,0,2,0,27.0,3.0,31,2,1,0.0,2,16.0,7.0,0
1,2,0,1,120,0,2,1,51.0,16.0,27,2,0,0.0,16,32.0,16.0,0
3,3,0,3,1,0,2,7,11.0,2.0,39,2,0,0.0,2,8.0,3.0,0
8,4,2,6,28,3,4,4,60.0,8.0,45,3,0,0.0,4,31.0,15.0,0
4,1,2,2,36,0,4,0,35.0,9.0,9,4,0,0.0,9,21.0,12.0,0
30,2,2,28,378,0,22,0,728.0,28.0,2,22,10,0.0,15,233.0,79.0,3
2,2,0,2,15,0,0,0,18.0,6.0,31,0,0,0.0,6,9.0,6.0,0
24,2,1,23,136,0,14,1,431.0,17.0,14,13,3,0.0,7,109.0,34.0,3
1,1,0,1,0,0,7,0,8.0,1.0,9,2,0,0.0,1,2.0,1.0,0
5,1,1,4,3,0,2,0,23.0,3.0,51,1,0,0.0,3,15.0,9.0,0
2,1,1,1,1,0,0,0,4.0,2.0,10,0,0,0.0,2,5.0,1.0,0
6,1,4,2,45,0,9,0,62.0,10.0,18,9,0,0.0,10,23.0,20.0,0
7,1,4,6,105,0,6,0,61.0,15.0,9,6,1,0.0,14,30.0,16.0,0
0,1,0,0,0,0,2,0,3.0,1.0,0,1,0,1.0,1,2.0,1.0,0
11,2,0,11,10,0,8,1,98.0,5.0,17,4,1,0.0,3,37.0,27.0,0
5,1,0,5,0,0,2,0,37.0,1.0,9,0,0,0.0,1,12.0,7.0,0
12,1,11,1,120,0,7,0,57.0,16.0,18,7,0,0.0,16,18.0,18.0,0
20,1,5,15,136,0,12,0,377.0,17.0,0,11,10,0.0,4,87.0,31.0,3
2,1,2,0,1,0,4,0,22.0,2.0,26,1,0,0.0,1,3.0,6.0,0
7,1,3,4,3,0,1,0,22.0,3.0,0,1,0,0.0,3,12.0,5.0,0
10,1,2,8,10,0,2,0,42.0,5.0,9,1,0,0.0,5,27.0,10.0,0
11,1,1,10,6,0,4,0,63.0,4.0,0,4,0,0.0,3,39.0,12.0,0
3,1,1,2,3,0,1,0,10.0,3.0,0,1,0,0.0,3,7.0,3.0,0
4,1,2,2,28,0,4,0,33.0,8.0,9,4,0,0.0,8,12.0,11.0,0
1,1,1,0,1,0,0,0,10.0,2.0,0,0,0,0.0,2,3.0,2.0,0
6,2,6,0,21,0,5,0,23.0,7.0,22,5,0,0.0,7,8.0,7.0,0
9,1,6,3,36,0,2,0,65.0,9.0,9,2,0,0.0,9,42.0,22.0,0
5,1,0,5,6,0,3,0,60.0,4.0,0,2,2,0.0,2,27.0,14.0,0
5,1,2,3,10,0,2,0,27.0,5.0,0,2,0,0.0,4,11.0,5.0,0
4,1,0,4,6,0,1,0,95.0,4.0,9,1,1,0.0,3,42.0,39.0,0
14,1,13,1,28,4,0,0,14.0,8.0,9,0,0,0.0,8,9.0,5.0,0
3,2,0,3,3,0,7,7,35.0,3.0,8,1,1,0.0,2,13.0,12.0,0
4,1,0,4,66,0,7,0,197.0,12.0,0,7,0,0.0,5,38.0,20.0,0
1,1,0,1,0,0,0,0,10.0,1.0,0,0,0,0.0,1,4.0,3.0,0
12,1,3,9,55,1,11,0,214.0,11.0,0,11,5,0.0,6,70.0,24.0,0
3,2,3,0,21,0,3,0,18.0,7.0,20,3,0,0.0,7,7.0,6.0,0
6,1,2,4,36,0,3,0,43.0,9.0,17,3,0,0.0,9,22.0,12.0,0
15,1,6,10,21,0,3,0,55.0,7.0,51,3,2,0.0,5,26.0,15.0,0
15,1,2,13,91,0,8,0,101.0,14.0,9,5,2,0.0,12,62.0,25.0,0
0,2,0,0,0,0,0,0,3.0,1.0,4,0,0,0.0,1,1.0,1.0,0
12,1,9,3,21,0,0,0,102.0,7.0,9,0,3,0.0,4,44.0,41.0,0
2,2,2,0,1,0,1,0,3.0,2.0,19,1,0,0.0,1,3.0,1.0,0
2,1,2,0,1,0,1,0,14.0,2.0,0,1,0,0.0,2,7.0,3.0,0
15,3,2,14,36,0,4,1,119.0,9.0,21,4,1,0.0,8,67.0,17.0,0
23,1,11,13,36,0,11,0,117.0,9.0,0,9,3,0.0,6,49.0,16.0,0
4,1,1,3,3,0,0,0,22.0,3.0,9,0,0,0.0,3,12.0,7.0,0
2,1,1,1,3,0,2,0,22.0,3.0,9,0,0,2.0,3,5.0,5.0,0
0,1,0,0,21,1,3,0,15.0,7.0,9,0,0,0.0,7,8.0,5.0,0
6,3,1,5,6,0,4,4,31.0,4.0,43,4,0,0.0,4,18.0,9.0,0
13,1,0,13,3,0,8,0,64.0,3.0,45,8,2,0.0,0,42.0,7.0,0
6,1,4,2,36,0,1,0,59.0,9.0,9,1,0,0.0,9,27.0,12.0,0
2,5,2,0,3,0,2,1,9.0,3.0,60,2,0,0.0,2,3.0,3.0,0
0,1,0,0,0,0,30,0,2.0,1.0,0,1,1,29.0,0,1.0,1.0,0
13,2,2,11,105,0,7,1,104.0,15.0,33,7,1,0.0,13,39.0,19.0,0
5,1,1,4,6,0,2,0,27.0,4.0,0,2,1,0.0,3,18.0,5.0,0
7,2,3,5,78,0,2,1,76.0,13.0,23,1,0,0.0,13,29.0,26.0,0
2,2,1,1,6,0,0,0,9.0,4.0,22,0,0,0.0,1,5.0,3.0,0
23,2,3,20,465,1,13,0,263.0,31.0,12,4,1,0.0,26,164.0,61.0,0
7,1,4,3,10,5,0,0,44.0,5.0,0,0,1,0.0,1,20.0,13.0,0
6,1,5,1,10,0,2,0,15.0,5.0,9,2,1,0.0,4,7.0,5.0,0
7,1,1,6,1,0,1,0,58.0,2.0,0,1,0,0.0,1,40.0,14.0,1
6,1,1,5,66,0,8,0,199.0,12.0,0,7,8,0.0,4,54.0,18.0,3
2,1,1,1,1,0,1,0,19.0,2.0,9,1,0,0.0,2,9.0,5.0,0
1,1,0,1,1,0,2,0,9.0,2.0,9,2,1,0.0,1,3.0,2.0,1
1,3,1,0,0,1,0,1,3.0,1.0,28,0,0,0.0,1,1.0,1.0,0
1,2,0,1,6,0,1,0,16.0,4.0,19,1,0,0.0,3,6.0,4.0,0
0,1,0,0,1,0,1,0,18.0,2.0,0,1,0,0.0,2,6.0,2.0,0
7,2,2,5,351,2,16,8,388.0,27.0,63,16,18,0.0,3,174.0,80.0,0
21,1,7,14,6,2,4,0,80.0,4.0,9,4,0,0.0,4,42.0,5.0,0
3,1,3,0,0,6,0,0,0.0,1.0,9,0,0,0.0,1,1.0,0.0,0
3,1,1,2,3,0,1,0,28.0,3.0,0,1,0,0.0,3,9.0,2.0,0
20,4,3,17,561,0,15,0,568.0,34.0,22,15,16,0.0,13,226.0,86.0,0
2,1,0,2,0,0,1,0,19.0,1.0,9,0,0,1.0,1,12.0,3.0,0
4,1,1,3,15,0,4,0,23.0,6.0,9,0,0,0.0,5,20.0,6.0,0
4,1,2,2,3,0,0,0,12.0,3.0,9,0,1,0.0,2,10.0,4.0,0
4,1,1,3,15,0,2,0,77.0,6.0,0,1,2,0.0,4,32.0,14.0,0
3,1,1,2,15,0,4,0,120.0,6.0,9,4,2,0.0,4,15.0,10.0,2
0,1,0,0,0,0,1,0,0.0,0.0,9,0,0,0.0,0,0.0,0.0,0
3,1,1,3,1,0,1,0,19.0,2.0,0,1,0,0.0,2,12.0,4.0,0
3,2,0,3,153,0,9,0,101.0,18.0,37,9,0,0.0,18,42.0,41.0,0
0,1,0,0,0,0,31,0,3.0,1.0,0,1,0,30.0,1,2.0,1.0,1
12,1,5,7,6,0,3,0,63.0,4.0,29,3,1,0.0,3,52.0,21.0,0
4,1,2,2,15,0,2,0,35.0,6.0,9,2,0,0.0,6,15.0,10.0,0
72,1,61,12,276,1,8,0,191.0,24.0,18,6,1,0.0,19,102.0,45.0,0
0,1,0,0,0,0,5,0,3.0,1.0,0,1,0,4.0,1,2.0,1.0,0
2,1,1,1,21,0,2,0,54.0,7.0,9,2,4,0.0,3,18.0,25.0,0
13,2,0,13,28,0,3,1,128.0,8.0,19,3,3,0.0,4,74.0,23.0,2
7,2,2,5,190,0,1,1,57.0,20.0,27,1,1,0.0,19,42.0,19.0,0
9,1,7,2,21,5,2,0,31.0,7.0,9,2,0,0.0,7,11.0,8.0,0
2,1,1,1,45,0,1,0,36.0,10.0,9,1,0,0.0,10,17.0,12.0,0
3,2,2,1,3,0,1,0,9.0,3.0,10,1,0,0.0,3,4.0,3.0,0
5,2,0,5,561,0,7,0,217.0,34.0,29,7,5,0.0,25,108.0,72.0,0
2,1,1,1,36,0,5,0,68.0,9.0,0,4,2,0.0,7,21.0,9.0,0
20,1,8,12,45,0,3,0,76.0,10.0,12,3,2,0.0,8,50.0,14.0,0
11,2,0,11,15,0,3,4,133.0,6.0,12,3,3,0.0,1,44.0,8.0,0
8,1,3,5,78,3,9,0,115.0,13.0,9,1,0,0.0,11,55.0,29.0,0
2,2,0,2,3,0,2,1,13.0,3.0,15,2,0,0.0,1,6.0,4.0,0
3,1,1,2,36,0,6,0,42.0,9.0,9,6,0,0.0,9,20.0,10.0,1
37,3,11,26,153,0,2,6,134.0,18.0,57,2,0,0.0,14,53.0,27.0,0
28,1,18,10,1378,3,2,0,299.0,53.0,31,2,9,0.0,44,249.0,91.0,2
12,3,2,10,136,0,5,0,184.0,17.0,14,5,4,0.0,8,75.0,30.0,0
2,1,1,1,1,0,2,0,9.0,2.0,9,2,1,0.0,1,3.0,2.0,1
1,1,1,0,3,0,4,0,15.0,3.0,9,0,0,4.0,3,3.0,6.0,0
0,1,0,0,6,0,1,0,12.0,4.0,9,1,0,0.0,4,7.0,4.0,0
8,2,8,0,55,0,5,0,30.0,11.0,20,5,0,0.0,11,11.0,10.0,0
13,1,0,13,10,0,0,0,92.0,5.0,9,0,4,0.0,1,55.0,18.0,0
5,1,3,2,15,0,1,0,38.0,6.0,9,1,0,0.0,6,20.0,16.0,3
18,2,1,18,28,0,1,0,110.0,8.0,42,1,0,0.0,8,106.0,29.0,1
3,1,0,3,6,0,9,0,34.0,4.0,9,4,3,0.0,1,19.0,7.0,0
6,1,0,6,10,0,1,0,62.0,5.0,18,1,3,0.0,2,22.0,17.0,0
10,2,3,7,66,1,3,1,68.0,12.0,5,3,2,0.0,8,34.0,18.0,0
3,1,2,1,1,0,2,0,9.0,2.0,9,2,1,0.0,1,3.0,2.0,1
9,1,9,0,253,13,0,0,87.0,23.0,31,0,0,0.0,23,23.0,22.0,0
60,1,18,42,666,0,39,0,1550.0,37.0,9,34,12,0.0,20,902.0,353.0,2
6,1,6,0,28,1,0,0,3.0,8.0,19,0,0,0.0,8,8.0,1.0,0
11,1,3,8,78,0,6,0,58.0,13.0,9,6,0,0.0,13,32.0,15.0,0
4,2,2,3,3,0,2,0,19.0,3.0,11,2,0,0.0,3,9.0,7.0,0
5,1,3,2,36,0,5,0,124.0,9.0,0,4,5,0.0,2,38.0,14.0,0
20,1,16,4,105,15,5,0,73.0,15.0,51,4,0,0.0,8,35.0,24.0,0
1,1,1,0,1,2,4,0,0.0,2.0,9,0,0,4.0,2,2.0,0.0,0
6,1,3,3,10,0,1,0,115.0,5.0,0,1,0,0.0,5,30.0,7.0,0
32,3,28,4,120,2,7,0,71.0,16.0,59,4,0,0.0,16,34.0,24.0,0
35,2,35,0,36,40,3,4,39.0,9.0,30,0,0,0.0,9,15.0,15.0,0
15,1,0,15,10,0,0,0,87.0,5.0,9,0,2,0.0,3,63.0,15.0,0
0,1,0,0,0,0,24,0,3.0,1.0,0,1,0,23.0,1,2.0,1.0,0
0,1,0,0,0,0,1,0,3.0,1.0,26,1,0,0.0,1,1.0,1.0,0
13,1,13,0,15,2,1,0,12.0,6.0,9,1,0,0.0,6,7.0,4.0,0
0,1,0,0,0,0,2,0,3.0,1.0,0,1,0,1.0,1,2.0,1.0,0
6,2,1,5,10,0,3,1,105.0,5.0,17,3,0,0.0,3,27.0,7.0,1
19,1,3,16,210,0,19,0,484.0,21.0,0,19,14,0.0,7,166.0,39.0,0
1,1,0,1,10,0,1,0,15.0,5.0,9,1,0,0.0,5,9.0,5.0,0
10,1,1,9,28,0,5,0,196.0,8.0,0,5,2,0.0,6,44.0,21.0,1
6,1,6,0,3,0,2,0,9.0,3.0,9,2,0,0.0,3,3.0,3.0,0
33,2,14,20,91,0,9,3,248.0,14.0,17,9,6,0.0,8,164.0,38.0,0
9,1,2,7,55,0,5,0,119.0,11.0,9,3,1,0.0,8,70.0,20.0,0
0,1,0,0,6,0,1,0,13.0,4.0,0,1,0,0.0,4,6.0,4.0,0
2,2,2,0,3,0,1,0,6.0,3.0,20,1,0,0.0,3,3.0,2.0,0
8,1,8,0,6,0,1,0,14.0,4.0,0,0,0,0.0,4,6.0,4.0,0
0,3,0,0,0,0,0,8,3.0,1.0,29,0,0,0.0,1,1.0,1.0,0
17,1,4,13,253,0,8,0,121.0,23.0,9,8,0,0.0,23,52.0,25.0,0
16,1,2,14,6,0,1,0,50.0,4.0,9,1,1,0.0,3,27.0,5.0,0
3,2,1,2,1,0,0,1,9.0,2.0,11,0,0,0.0,2,5.0,2.0,0
10,1,1,9,3,0,5,0,115.0,3.0,9,2,0,0.0,3,28.0,8.0,0
9,1,9,0,171,0,13,0,62.0,19.0,9,8,0,0.0,19,31.0,19.0,0
13,1,12,1,66,0,0,0,36.0,12.0,9,0,0,0.0,12,36.0,12.0,0
11,3,1,10,36,0,4,16,122.0,9.0,49,4,0,0.0,7,36.0,11.0,2
2,1,1,1,1,0,0,0,100.0,2.0,9,0,0,0.0,2,8.0,15.0,0
3,2,1,2,45,0,4,1,34.0,10.0,28,3,0,0.0,9,21.0,10.0,0
8,1,7,1,6,0,0,0,109.0,4.0,9,0,0,0.0,4,7.0,26.0,0
2,2,1,1,6,0,1,0,23.0,4.0,22,1,0,0.0,1,10.0,5.0,0
5,1,0,5,3,0,1,0,78.0,3.0,9,0,0,1.0,3,46.0,5.0,0
2,1,1,1,1,0,1,0,44.0,2.0,9,1,0,0.0,2,7.0,5.0,0
4,1,4,0,6,0,11,0,21.0,4.0,9,0,0,11.0,4,6.0,4.0,0
3,1,3,0,3,0,2,1,11.0,3.0,12,2,0,0.0,3,3.0,3.0,0
5,1,4,1,36,0,5,0,95.0,9.0,0,5,1,0.0,6,31.0,14.0,0
4,2,2,2,3,0,1,0,9.0,3.0,10,1,0,0.0,3,5.0,3.0,0
18,2,3,17,55,5,3,1,134.0,11.0,12,3,2,0.0,5,67.0,18.0,1
4,3,3,1,1,3,0,4,16.0,2.0,43,0,0,0.0,1,7.0,4.0,0
19,3,2,17,325,0,26,5,398.0,26.0,26,25,4,0.0,22,180.0,75.0,0
39,1,20,19,496,0,18,0,233.0,32.0,9,17,1,0.0,31,160.0,62.0,0
14,1,9,5,21,0,1,0,54.0,7.0,9,0,0,1.0,7,24.0,19.0,0
19,3,12,7,78,1,3,0,93.0,13.0,50,3,0,0.0,13,54.0,33.0,0
1,1,1,0,45,0,6,0,33.0,10.0,9,6,1,0.0,9,15.0,11.0,0
6,1,2,4,6,0,4,0,106.0,4.0,0,4,0,0.0,4,16.0,6.0,1
13,1,1,12,325,0,20,0,461.0,26.0,0,13,10,0.0,11,134.0,86.0,0
0,1,0,0,0,0,3,0,3.0,1.0,0,1,0,2.0,1,2.0,1.0,0
7,2,1,6,1,0,1,0,29.0,2.0,11,1,0,0.0,2,14.0,9.0,0
10,1,3,7,10,0,16,0,208.0,5.0,9,0,3,16.0,2,128.0,48.0,0
8,2,2,6,45,0,4,2,80.0,10.0,14,4,0,0.0,10,39.0,23.0,0
49,1,13,40,7021,2,93,0,3026.0,119.0,0,80,24,0.0,41,727.0,354.0,0
3,1,2,1,253,0,12,0,81.0,23.0,18,11,0,0.0,23,29.0,28.0,0
4,1,2,2,21,0,3,0,88.0,7.0,0,3,2,0.0,3,32.0,23.0,0
7,1,3,4,1,0,1,0,15.0,2.0,9,1,1,0.0,1,13.0,3.0,0
6,1,2,4,1,0,0,0,9.0,2.0,9,0,0,0.0,2,10.0,3.0,0
4,3,4,0,6,0,2,0,14.0,4.0,50,2,0,0.0,4,4.0,4.0,0
11,3,1,10,6,0,5,4,45.0,4.0,43,4,0,0.0,4,28.0,12.0,0
10,1,7,3,78,0,7,0,151.0,13.0,9,7,0,0.0,13,92.0,49.0,0
2,1,0,2,0,0,1,0,35.0,1.0,9,0,0,1.0,1,13.0,3.0,0
3,1,0,3,45,0,3,0,99.0,10.0,0,0,0,0.0,5,34.0,13.0,0
0,1,0,0,0,0,4,0,3.0,1.0,0,1,0,3.0,1,2.0,1.0,0
28,1,5,23,28,0,10,0,213.0,8.0,9,8,4,0.0,4,125.0,33.0,0
2,1,0,2,3,0,3,0,38.0,3.0,9,2,0,0.0,3,9.0,7.0,0
2,3,0,2,6,0,0,8,24.0,4.0,72,0,0,0.0,1,12.0,13.0,0
2,1,0,2,1,0,1,0,20.0,2.0,18,1,0,0.0,2,6.0,8.0,0
2,2,1,1,6,0,0,0,9.0,4.0,22,0,0,0.0,1,5.0,3.0,0
3,1,0,3,0,0,4,0,40.0,1.0,0,4,0,0.0,1,5.0,3.0,0
3,2,1,2,3,0,4,1,109.0,3.0,17,0,0,0.0,2,29.0,40.0,0
15,2,4,11,91,0,8,1,241.0,14.0,19,8,9,0.0,2,71.0,24.0,1
5,1,1,4,3,1,1,0,29.0,3.0,9,1,0,0.0,2,19.0,5.0,0
15,1,9,6,1,0,0,0,31.0,2.0,9,0,1,0.0,1,13.0,6.0,0
30,2,3,28,120,0,6,0,399.0,16.0,17,4,2,0.0,14,304.0,77.0,2
9,1,5,5,21,0,3,0,72.0,7.0,9,0,0,0.0,7,30.0,10.0,0
1,1,1,0,10,0,2,0,54.0,5.0,9,2,1,0.0,4,20.0,10.0,0
6,2,0,6,10,0,1,0,21.0,5.0,6,1,1,0.0,4,15.0,6.0,0
0,1,0,0,0,0,2,0,3.0,1.0,0,1,0,1.0,1,2.0,1.0,0
4,1,1,3,1,0,0,0,16.0,2.0,31,0,0,0.0,2,7.0,3.0,0
6,2,0,6,1,0,0,1,31.0,2.0,13,0,0,0.0,2,18.0,6.0,0
3,1,3,0,36,0,2,0,121.0,9.0,9,2,1,0.0,5,23.0,18.0,0
7,1,1,7,120,0,11,0,452.0,16.0,9,10,8,0.0,6,159.0,84.0,0
16,1,4,12,21,0,2,0,61.0,7.0,0,2,0,0.0,7,38.0,16.0,0
1,1,1,0,10,0,0,0,27.0,5.0,0,0,0,0.0,5,7.0,8.0,0
5,1,2,3,6,0,2,0,31.0,4.0,0,2,0,0.0,4,17.0,9.0,0
4,2,2,2,21,1,1,0,21.0,7.0,15,1,0,0.0,7,10.0,7.0,0
10,3,1,9,6,0,5,4,50.0,4.0,43,4,0,0.0,4,27.0,10.0,0
3,1,2,1,45,0,7,0,34.0,10.0,19,7,0,0.0,10,11.0,10.0,0
2,4,0,2,28,0,4,0,46.0,8.0,71,4,0,0.0,8,15.0,15.0,0
0,1,0,0,0,0,13,0,3.0,1.0,0,1,0,12.0,1,2.0,1.0,0
10,2,0,10,21,0,7,1,157.0,7.0,19,7,4,0.0,3,59.0,11.0,2
1,1,1,0,55,0,9,0,329.0,11.0,0,9,8,0.0,3,37.0,11.0,0
6,2,0,6,45,0,5,0,65.0,10.0,33,5,0,0.0,10,29.0,28.0,0
12,1,9,3,15,0,4,0,45.0,6.0,9,4,0,0.0,6,15.0,13.0,0
1,2,1,0,0,0,1,0,3.0,1.0,26,1,0,0.0,1,1.0,1.0,0
3,3,0,3,1,0,0,8,13.0,2.0,29,0,0,0.0,2,8.0,3.0,0
6,1,6,0,66,0,6,0,40.0,12.0,18,6,0,0.0,12,12.0,12.0,0
8,2,0,8,10,0,0,4,40.0,5.0,17,0,0,0.0,5,23.0,12.0,0
1,1,1,0,1,0,2,0,11.0,2.0,0,2,0,0.0,2,5.0,3.0,2
4,1,2,2,0,0,0,0,22.0,1.0,9,0,0,0.0,0,10.0,6.0,0
0,1,0,0,0,0,37,0,2.0,1.0,0,1,1,36.0,0,1.0,1.0,1
0,1,0,0,10,0,2,0,71.0,5.0,0,2,1,0.0,2,13.0,5.0,0
2,1,1,1,0,0,2,0,75.0,1.0,9,2,0,0.0,1,8.0,1.0,1
3,2,0,3,1,0,3,3,17.0,2.0,8,1,0,0.0,0,11.0,5.0,0
1,1,0,1,36,0,5,0,36.0,9.0,0,5,0,0.0,8,17.0,11.0,0
6,3,1,5,6,0,1,4,42.0,4.0,43,1,0,0.0,4,18.0,10.0,0
7,1,1,6,15,0,2,0,79.0,6.0,0,1,3,0.0,3,41.0,17.0,0
4,1,2,2,21,0,7,0,105.0,7.0,32,7,0,0.0,7,15.0,23.0,0
8,3,1,7,703,0,15,4,197.0,38.0,46,15,3,0.0,34,104.0,50.0,0
0,1,0,0,0,0,27,0,2.0,1.0,0,1,1,26.0,0,1.0,1.0,1
0,1,0,0,0,0,9,0,3.0,1.0,0,1,0,8.0,1,2.0,1.0,0
7,2,0,7,55,0,2,1,226.0,11.0,23,1,0,0.0,11,80.0,45.0,0
3,1,3,0,3,3,1,0,9.0,3.0,0,1,0,0.0,3,3.0,3.0,0
1,1,0,1,0,0,0,0,6.0,1.0,0,0,0,0.0,0,4.0,1.0,1
2,1,1,1,105,0,5,1,122.0,15.0,113,4,6,0.0,9,68.0,26.0,0
0,1,0,0,6,0,2,0,13.0,4.0,0,1,0,0.0,4,6.0,4.0,0
6,3,4,2,45,4,5,0,60.0,10.0,52,5,0,0.0,10,23.0,25.0,0
3,2,2,1,21,0,2,1,21.0,7.0,28,2,0,0.0,7,12.0,7.0,0
10,3,1,10,6,0,3,4,40.0,4.0,43,2,1,0.0,3,28.0,8.0,0
5,1,0,5,1,0,1,0,56.0,2.0,9,1,1,0.0,1,21.0,11.0,0
0,1,0,0,0,0,39,0,3.0,1.0,0,1,0,38.0,1,2.0,1.0,1
12,2,3,9,78,0,3,0,99.0,13.0,17,3,0,0.0,13,47.0,22.0,0
17,3,1,16,66,0,10,0,324.0,12.0,14,10,3,0.0,6,83.0,21.0,1
11,2,0,11,10,0,6,3,48.0,5.0,14,6,0,0.0,5,30.0,10.0,0
3,1,1,2,3,0,9,0,35.0,3.0,0,9,0,0.0,3,12.0,4.0,0
0,1,0,0,0,0,86,0,3.0,1.0,0,1,0,85.0,1,2.0,1.0,0
1,1,1,0,1,0,1,7,7.0,2.0,31,1,0,0.0,2,2.0,2.0,0
1,2,1,0,6,0,1,0,19.0,4.0,6,1,0,0.0,4,8.0,5.0,0
2,1,2,0,15,1,2,0,15.0,6.0,9,2,0,0.0,6,6.0,5.0,0
2,4,0,2,28,0,4,0,49.0,8.0,71,4,0,0.0,8,17.0,18.0,0
4,1,1,3,1,0,0,0,46.0,2.0,9,0,0,0.0,2,24.0,21.0,0
5,3,1,4,6,0,1,4,24.0,4.0,43,1,0,0.0,4,16.0,12.0,0
1,1,1,0,21,0,1,1,16.0,7.0,14,1,0,0.0,7,7.0,6.0,0
12,1,0,12,21,1,1,0,99.0,7.0,9,1,2,0.0,4,78.0,20.0,1
4,1,3,1,15,2,1,0,17.0,6.0,9,1,0,0.0,6,8.0,5.0,0
7,1,2,5,6,0,2,0,60.0,4.0,0,2,0,0.0,4,27.0,15.0,0
11,1,4,7,10,0,1,0,45.0,5.0,0,0,0,0.0,5,25.0,10.0,0
7,1,7,0,190,0,10,0,78.0,20.0,9,10,0,0.0,20,20.0,29.0,0
9,1,6,3,136,1,6,0,42.0,17.0,9,6,0,0.0,12,21.0,12.0,0
1,1,0,1,0,0,0,0,12.0,1.0,0,0,0,0.0,1,5.0,3.0,0
1,1,0,1,0,0,0,0,6.0,1.0,0,0,0,0.0,0,4.0,1.0,1
69,1,57,16,496,5,1,0,194.0,32.0,9,1,0,0.0,32,129.0,48.0,0
1,3,0,1,15,0,3,0,38.0,6.0,52,3,0,0.0,6,10.0,11.0,0
9,1,1,8,15,0,4,0,95.0,6.0,14,4,1,0.0,5,52.0,13.0,0
2,2,0,2,3,0,1,0,19.0,3.0,12,1,0,0.0,3,9.0,6.0,0
12,3,0,12,0,0,0,1,76.0,1.0,5,0,0,0.0,0,37.0,2.0,1
19,2,5,14,136,0,1,1,286.0,17.0,23,0,3,0.0,14,101.0,73.0,0
4,4,2,2,36,0,2,2,29.0,9.0,170,2,0,0.0,9,12.0,9.0,0
9,2,2,7,28,0,6,0,74.0,8.0,17,6,1,0.0,7,41.0,19.0,1
17,2,9,8,66,0,25,0,107.0,12.0,41,5,0,0.0,11,39.0,33.0,1
5,3,1,4,3,0,2,4,14.0,3.0,43,2,0,0.0,3,7.0,3.0,0
4,2,0,4,10,0,3,3,30.0,5.0,14,3,0,0.0,5,23.0,9.0,0
4,1,1,4,28,0,2,0,144.0,8.0,15,0,0,2.0,8,50.0,34.0,0
6,3,1,5,3,0,0,0,15.0,3.0,37,0,0,0.0,3,15.0,5.0,0
4,1,1,3,0,0,0,0,10.0,1.0,9,0,0,0.0,0,6.0,2.0,0
6,1,3,3,1,0,0,0,22.0,2.0,9,0,0,0.0,2,13.0,6.0,1
2,2,0,2,10,0,0,4,15.0,5.0,17,0,0,0.0,5,7.0,5.0,0
0,1,0,0,0,0,44,0,3.0,1.0,0,1,0,43.0,1,2.0,1.0,0
4,2,4,0,10,0,3,0,15.0,5.0,22,3,0,0.0,5,5.0,5.0,0
2,2,1,1,210,0,1,0,79.0,21.0,54,1,0,0.0,21,25.0,21.0,0
1,1,1,0,1,2,0,0,5.0,2.0,0,0,0,0.0,1,2.0,2.0,0
0,1,0,0,3,0,2,0,12.0,3.0,0,2,0,0.0,3,6.0,3.0,0
4,1,1,4,153,0,3,0,125.0,18.0,13,3,4,0.0,14,55.0,32.0,0
4,1,3,1,36,0,8,0,115.0,9.0,0,8,1,0.0,6,28.0,25.0,0
14,1,5,9,153,0,17,0,575.0,18.0,0,16,10,0.0,7,104.0,35.0,1
6,1,1,5,1,0,12,0,38.0,2.0,9,1,1,0.0,1,18.0,7.0,0
2,1,2,0,1,0,1,0,6.0,2.0,9,1,0,0.0,2,2.0,2.0,0
0,2,0,0,91,0,5,0,48.0,14.0,36,0,0,0.0,14,14.0,14.0,0
1,1,1,0,10,0,1,0,14.0,5.0,9,1,0,0.0,5,8.0,5.0,0
12,1,2,10,3,0,1,0,50.0,3.0,10,1,0,0.0,3,24.0,7.0,1
2,2,2,0,3,0,2,0,11.0,3.0,19,2,0,0.0,2,4.0,3.0,0
3,3,1,2,10,0,1,0,35.0,5.0,24,1,0,0.0,2,18.0,9.0,0
14,1,14,0,1,8,1,0,0.0,2.0,9,0,0,0.0,2,2.0,0.0,0
9,1,3,6,55,2,4,0,63.0,11.0,9,0,0,0.0,7,32.0,18.0,1
11,2,3,8,105,2,5,0,106.0,15.0,27,3,0,0.0,14,36.0,37.0,0
13,1,8,6,105,0,6,0,91.0,15.0,9,6,0,0.0,15,52.0,27.0,0