5,5,3,2,21,0,1,28,23.0,7.0,248,1,0,0.0,7,10.0,7.0,0
1,1,0,1,1,0,0,0,8.0,2.0,6,0,0,0.0,2,5.0,2.0,0
4,1,1,3,3,0,1,0,28.0,3.0,0,1,0,0.0,3,12.0,9.0,0
1,1,1,0,6,0,1,0,36.0,4.0,0,1,1,0.0,3,9.0,10.0,0
4,2,1,3,15,0,1,0,32.0,6.0,18,0,0,0.0,6,17.0,8.0,0
3,2,1,2,1,0,2,1,8.0,2.0,5,2,0,0.0,1,4.0,2.0,0
0,1,0,0,0,0,2169,0,0.0,0.0,0,1,0,2168.0,0,0.0,0.0,28
3,2,1,2,3,0,3,0,15.0,3.0,8,3,0,0.0,3,8.0,3.0,0
2,3,0,2,6,0,0,5,12.0,4.0,14,0,0,0.0,3,7.0,4.0,0
3,1,1,2,1,0,2,0,15.0,2.0,6,2,0,0.0,2,7.0,3.0,0
7,2,1,7,120,7,6,3,158.0,16.0,20,6,3,0.0,9,60.0,36.0,1
11,2,1,10,55,0,9,5,172.0,11.0,50,7,9,0.0,2,106.0,60.0,0
5,4,1,4,78,0,2,62,51.0,13.0,55,2,0,0.0,8,24.0,16.0,0
13,3,1,12,78,0,5,0,130.0,13.0,21,5,5,0.0,7,61.0,20.0,0
6,3,1,5,55,0,11,15,210.0,11.0,36,11,2,0.0,9,128.0,76.0,0
5,2,1,4,1,0,1,6,18.0,2.0,11,0,0,1.0,2,9.0,5.0,0
0,1,0,0,0,0,81,0,0.0,0.0,0,1,0,80.0,0,0.0,0.0,0
10,2,1,9,66,0,19,11,245.0,12.0,13,18,5,0.0,4,83.0,36.0,3
8,1,1,7,6,0,1,0,42.0,4.0,0,1,1,0.0,1,21.0,8.0,0
12,2,4,8,28,0,1,0,36.0,8.0,20,0,0,0.0,8,36.0,10.0,0
12,4,1,11,120,0,9,0,252.0,16.0,32,9,5,0.0,11,88.0,29.0,0
12,1,3,10,21,0,4,0,82.0,7.0,0,4,0,0.0,2,28.0,11.0,0
11,2,0,11,1,0,1,1,34.0,2.0,14,1,0,0.0,0,28.0,7.0,0
17,2,0,17,21,0,2,1,123.0,7.0,19,1,3,0.0,1,102.0,30.0,1
6,1,6,0,0,0,11,0,0.0,1.0,6,0,0,11.0,1,1.0,0.0,1
6,1,3,3,78,1,6,0,118.0,13.0,6,5,0,0.0,5,58.0,29.0,1
362,1,355,11,253,0,10,32,134.0,23.0,0,10,2,0.0,21,72.0,39.0,1
22,4,10,12,136,0,4,4,237.0,17.0,51,4,2,0.0,13,117.0,50.0,0
3,1,0,3,1,0,0,0,13.0,2.0,0,0,0,0.0,2,8.0,2.0,0
2,1,1,1,3,0,2,0,32.0,3.0,0,2,0,0.0,2,6.0,3.0,0
2,1,1,1,3,0,2,0,20.0,3.0,0,2,0,0.0,3,8.0,4.0,0
30,5,1,29,378,0,5,2,317.0,28.0,73,5,9,0.0,11,177.0,61.0,0
16,4,12,4,36,8,2,4,44.0,9.0,55,2,0,0.0,8,26.0,13.0,0
4,2,0,4,10,0,0,2,47.0,5.0,7,0,1,0.0,1,25.0,15.0,0
10,5,3,7,78,0,5,28,144.0,13.0,185,5,0,0.0,11,84.0,38.0,0
27,3,1,26,210,0,1,1,153.0,21.0,72,1,3,0.0,5,92.0,32.0,1
13,2,9,4,28,9,2,0,30.0,8.0,11,2,0,0.0,5,18.0,10.0,0
4,2,1,3,78,1,4,43,96.0,13.0,6,1,0,0.0,10,40.0,19.0,0
7,1,6,1,3,0,1,0,15.0,3.0,6,0,1,0.0,2,9.0,4.0,0
2,1,1,1,6,1,2,0,31.0,4.0,0,2,0,0.0,4,15.0,12.0,0
3,5,1,2,28,0,1,13,29.0,8.0,80,0,0,0.0,7,14.0,8.0,0
8,5,4,4,21,0,1,28,30.0,7.0,248,1,0,0.0,7,21.0,8.0,0
2,3,1,1,3,0,3,2,23.0,3.0,19,3,0,0.0,2,5.0,3.0,0
3,5,3,0,3,0,1,6,9.0,3.0,71,1,0,0.0,3,5.0,3.0,0
5,1,2,3,78,0,7,0,104.0,13.0,0,7,1,0.0,8,46.0,24.0,0
13,4,1,12,55,0,2,3,110.0,11.0,51,1,2,0.0,3,50.0,18.0,1
6,2,1,5,1,0,1,0,17.0,2.0,4,1,0,0.0,1,10.0,3.0,1
7,2,0,7,6,2,0,2,39.0,4.0,7,0,0,0.0,0,32.0,13.0,0
1,1,1,0,1,0,0,0,18.0,2.0,6,0,1,0.0,1,14.0,7.0,0
6,2,1,5,10,0,0,0,27.0,5.0,9,0,0,0.0,4,14.0,10.0,0
14,3,1,13,66,0,10,0,179.0,12.0,21,10,5,0.0,4,77.0,22.0,0
10,2,1,10,6,0,1,0,34.0,4.0,28,0,1,0.0,1,33.0,7.0,0
4,1,3,2,105,0,3,0,94.0,15.0,0,0,1,0.0,11,43.0,36.0,0
2,1,0,2,10,0,1,0,33.0,5.0,6,1,1,0.0,4,16.0,10.0,0
6,3,1,5,3,0,1,4,26.0,3.0,9,1,1,0.0,1,11.0,7.0,0
9,4,6,4,190,0,3,16,69.0,20.0,200,3,0,0.0,20,42.0,20.0,0
11,2,1,10,78,0,8,2,93.0,13.0,11,8,0,0.0,12,38.0,30.0,0
3,1,1,2,1,0,0,0,17.0,2.0,0,0,0,0.0,1,5.0,4.0,0
18,2,9,9,253,6,5,1,131.0,23.0,14,1,0,3.0,12,60.0,40.0,0
1,1,0,1,0,0,0,0,3.0,1.0,6,0,0,0.0,1,2.0,1.0,0
29,5,2,27,528,0,3,2,432.0,33.0,73,2,16,0.0,9,239.0,92.0,0
15,5,1,14,91,0,8,13,166.0,14.0,80,8,1,0.0,10,70.0,23.0,0
1,2,0,1,3,0,0,0,11.0,3.0,6,0,0,0.0,3,5.0,3.0,0
26,2,1,25,153,0,1,0,416.0,18.0,11,1,9,0.0,1,205.0,86.0,1
5,3,1,4,6,0,0,6,19.0,4.0,17,0,0,0.0,3,10.0,6.0,0
8,1,0,8,28,0,0,0,129.0,8.0,6,0,8,0.0,0,55.0,27.0,0
26,3,1,25,231,0,2,1,314.0,22.0,30,2,4,0.0,2,194.0,93.0,1
3,1,1,2,10,0,2,0,46.0,5.0,0,2,1,0.0,4,13.0,13.0,0
13,2,1,12,36,0,11,0,110.0,9.0,8,7,0,0.0,8,52.0,22.0,0
25,5,1,24,136,0,2,2,212.0,17.0,73,2,6,0.0,8,117.0,50.0,0
4,3,1,3,6,0,1,5,28.0,4.0,14,1,0,0.0,3,11.0,12.0,0
2,3,2,0,1,2,0,0,13.0,2.0,16,0,0,0.0,1,5.0,4.0,0
13,1,7,6,66,0,5,0,177.0,12.0,0,5,5,0.0,7,74.0,31.0,0
3,3,1,2,6,0,0,1,15.0,4.0,5,0,0,0.0,3,8.0,5.0,0
9,1,6,3,55,2,1,11,45.0,11.0,0,0,0,0.0,6,30.0,12.0,0
3,1,0,3,15,0,1,0,32.0,6.0,6,1,1,0.0,5,16.0,8.0,0
4,4,0,4,3,0,0,7,13.0,3.0,36,0,0,0.0,1,13.0,4.0,0
6,1,1,5,15,0,1,0,32.0,6.0,0,1,1,0.0,4,21.0,7.0,0
5,2,1,4,6,0,3,0,34.0,4.0,8,2,0,0.0,4,15.0,5.0,0
4,1,0,4,190,0,4,0,93.0,20.0,0,4,2,0.0,18,44.0,30.0,0
13,5,5,8,105,0,4,2,95.0,15.0,80,4,0,0.0,13,45.0,20.0,0
4,1,1,3,3,0,2,0,42.0,3.0,0,2,0,0.0,2,12.0,9.0,0
6,1,6,0,91,0,10,0,97.0,14.0,6,5,4,0.0,10,43.0,31.0,0
14,6,11,4,15,0,3,5,32.0,6.0,93,3,0,0.0,3,12.0,8.0,0
4,6,1,3,6,0,0,8,43.0,4.0,103,0,0,0.0,1,21.0,6.0,0
14,1,4,10,21,0,0,0,102.0,7.0,6,0,3,0.0,4,69.0,32.0,0
14,5,11,3,15,0,1,4,31.0,6.0,64,1,0,0.0,6,20.0,13.0,0
8,2,1,7,21,0,0,0,112.0,7.0,29,0,3,0.0,2,42.0,36.0,0
3,3,2,1,0,1,1,10,5.0,1.0,120,1,0,0.0,1,2.0,1.0,0
9,5,3,6,36,0,3,26,96.0,9.0,181,3,0,0.0,8,58.0,23.0,0
11,1,10,1,15,0,2,0,27.0,6.0,6,0,0,2.0,6,12.0,10.0,0
8,1,1,7,6,0,2,0,38.0,4.0,0,2,1,0.0,3,23.0,5.0,0
11,1,3,8,10,0,0,0,84.0,5.0,6,0,3,0.0,2,43.0,25.0,0
33,5,2,31,1596,0,22,33,618.0,57.0,114,21,7,0.0,49,369.0,167.0,0
11,1,1,10,210,0,0,0,307.0,21.0,6,0,19,0.0,2,122.0,63.0,0
0,3,0,0,0,0,0,2,3.0,1.0,11,0,0,0.0,1,1.0,1.0,0
2,6,0,2,3,0,0,0,10.0,3.0,20,0,0,0.0,3,6.0,3.0,0
24,1,12,19,465,0,23,178,332.0,31.0,0,15,9,0.0,12,163.0,97.0,2
2,2,1,1,1,0,0,0,10.0,2.0,29,0,0,0.0,2,4.0,3.0,0
29,3,2,28,528,0,8,0,724.0,33.0,22,4,17,0.0,6,352.0,172.0,0
19,2,1,18,66,0,1,9,170.0,12.0,35,0,4,0.0,2,89.0,47.0,2
2,3,1,1,1,0,0,11,12.0,2.0,23,0,0,0.0,1,5.0,2.0,0
21,3,1,20,276,0,12,0,338.0,24.0,21,12,11,0.0,12,162.0,59.0,0
10,2,1,9,55,0,7,0,96.0,11.0,28,6,6,0.0,3,40.0,14.0,1
12,1,2,10,36,0,4,0,152.0,9.0,0,4,5,0.0,3,89.0,30.0,0
7,3,4,3,15,2,1,3,40.0,6.0,10,0,0,0.0,3,32.0,15.0,0
47,5,46,2,21,0,2,5,33.0,7.0,86,2,0,0.0,6,17.0,8.0,0
16,5,1,15,136,0,6,13,211.0,17.0,80,6,2,0.0,11,94.0,34.0,0
11,5,1,10,66,0,2,17,64.0,12.0,208,2,0,0.0,12,59.0,23.0,0
12,4,5,7,15,0,1,4,38.0,6.0,51,1,1,0.0,5,32.0,10.0,0
10,4,1,9,78,0,5,0,159.0,13.0,32,5,2,0.0,11,57.0,22.0,0
1,2,1,0,6,0,0,5,17.0,4.0,12,0,0,0.0,3,6.0,4.0,0
19,1,9,11,78,0,2,0,111.0,13.0,13,2,0,0.0,12,74.0,30.0,0
2,1,1,1,0,0,0,0,34.0,1.0,0,0,0,0.0,1,4.0,1.0,1
18,3,1,17,55,0,2,1,97.0,11.0,41,1,3,0.0,3,72.0,25.0,0
3,5,1,2,171,0,1,110,61.0,19.0,422,1,0,0.0,19,38.0,19.0,0
24,1,19,9,210,4,9,0,120.0,21.0,0,6,1,0.0,18,55.0,32.0,0
5,1,4,1,1,0,2,0,11.0,2.0,0,2,0,0.0,2,5.0,2.0,0
6,8,4,2,6,0,1,2,11.0,4.0,219,1,0,0.0,4,7.0,3.0,0
6,2,0,6,10,0,0,2,44.0,5.0,7,0,0,0.0,1,28.0,13.0,0
53,3,17,37,3321,1,17,7,847.0,82.0,33,16,29,0.0,53,495.0,259.0,1
13,5,9,4,91,1,1,28,56.0,14.0,248,1,0,0.0,14,36.0,16.0,0
3,3,1,2,21,0,3,0,25.0,7.0,34,3,0,0.0,7,10.0,8.0,0
18,1,3,15,120,0,4,0,194.0,16.0,6,4,11,0.0,5,107.0,57.0,0
8,2,2,6,36,2,0,0,59.0,9.0,28,0,0,0.0,4,35.0,10.0,0
11,1,5,9,171,0,8,0,124.0,19.0,0,8,0,0.0,19,56.0,34.0,0
4,1,1,3,10,0,2,0,20.0,5.0,6,0,0,0.0,4,13.0,6.0,1
2,2,2,0,1,0,1,0,7.0,2.0,10,1,0,0.0,2,2.0,2.0,0
9,3,1,9,36,0,3,5,63.0,9.0,67,2,0,0.0,7,39.0,20.0,0
7,2,2,5,45,0,8,2,66.0,10.0,11,4,1,0.0,9,26.0,21.0,0
5,1,0,5,1,0,0,0,52.0,2.0,0,0,0,0.0,0,19.0,8.0,1
5,1,3,2,1,0,1,0,11.0,2.0,0,1,0,0.0,2,6.0,2.0,0
6,7,6,0,10,0,0,5,14.0,5.0,157,0,0,0.0,5,6.0,5.0,0
3,1,1,2,3,0,1,0,24.0,3.0,0,1,0,0.0,3,8.0,7.0,0
2,1,1,1,1,0,0,0,9.0,2.0,0,0,0,0.0,2,3.0,3.0,0
3,4,2,1,15,0,1,8,21.0,6.0,90,1,0,0.0,6,9.0,7.0,0
2,1,0,2,15,0,4,0,71.0,6.0,0,4,0,0.0,4,28.0,10.0,3
3,3,0,3,3,0,0,6,11.0,3.0,15,0,0,0.0,1,11.0,3.0,0
3,1,1,3,1,0,1,0,15.0,2.0,0,1,0,0.0,2,10.0,4.0,0
6,1,6,0,6,0,2,0,13.0,4.0,6,2,0,0.0,4,4.0,4.0,0
8,3,0,8,66,0,8,0,195.0,12.0,21,7,1,0.0,11,58.0,22.0,0
2,1,2,0,10,0,4,0,18.0,5.0,6,4,0,0.0,5,5.0,5.0,0
6,2,4,2,3,0,1,1,57.0,3.0,10,1,1,0.0,2,19.0,11.0,0
3,1,0,3,1,0,0,0,19.0,2.0,0,0,0,0.0,2,12.0,4.0,0
46,1,9,37,528,2,9,0,582.0,33.0,6,2,7,0.0,6,273.0,139.0,6
16,2,1,15,45,0,2,0,144.0,10.0,29,1,1,0.0,6,62.0,29.0,0
21,1,0,21,171,0,3,0,223.0,19.0,0,3,16,0.0,2,131.0,62.0,1
10,1,8,3,45,0,4,0,55.0,10.0,0,2,1,0.0,9,28.0,21.0,0
9,4,2,7,66,0,0,0,53.0,12.0,70,0,0,0.0,7,31.0,16.0,0
7,2,0,7,21,0,0,0,53.0,7.0,7,0,1,0.0,2,31.0,8.0,0
6,2,2,4,21,1,1,6,55.0,7.0,26,0,1,0.0,4,25.0,11.0,0
4,6,2,2,21,0,1,28,22.0,7.0,262,1,0,0.0,7,12.0,7.0,0
5,3,1,4,6,0,1,5,21.0,4.0,14,1,0,0.0,3,12.0,7.0,0
10,1,8,2,55,0,1,0,45.0,11.0,6,1,0,0.0,11,22.0,15.0,0
1,1,0,1,1,0,0,0,6.0,2.0,6,0,0,0.0,2,3.0,2.0,1
9,3,9,0,15,1,1,1,22.0,6.0,19,1,0,0.0,6,13.0,7.0,0
8,5,0,8,21,0,2,2,37.0,7.0,67,2,1,0.0,5,28.0,10.0,1
1,2,0,1,3,0,0,0,9.0,3.0,6,0,0,0.0,3,5.0,3.0,0
5,2,1,4,45,1,8,0,76.0,10.0,25,7,0,0.0,4,28.0,24.0,0
6,5,1,5,6,0,5,2,145.0,4.0,55,5,0,0.0,3,17.0,8.0,0
13,1,4,13,136,1,5,0,155.0,17.0,0,5,7,0.0,7,92.0,51.0,1
3,1,1,2,10,0,1,0,35.0,5.0,0,1,0,0.0,2,12.0,7.0,2
6,4,1,5,10,0,3,2,64.0,5.0,47,3,0,0.0,5,30.0,7.0,0
5,5,4,1,3,0,1,4,9.0,3.0,64,1,0,0.0,3,5.0,3.0,0
35,5,2,34,595,0,10,2,525.0,35.0,73,10,21,0.0,6,243.0,108.0,0
1,1,0,1,0,0,0,0,3.0,1.0,6,0,0,0.0,1,2.0,1.0,0
21,1,1,20,435,0,17,0,415.0,30.0,6,8,22,0.0,8,141.0,73.0,0
2,6,0,2,3,0,0,0,11.0,3.0,20,0,0,0.0,3,6.0,3.0,0
8,1,4,4,28,1,1,0,37.0,8.0,6,0,1,0.0,2,27.0,10.0,1
8,2,2,6,66,0,2,7,59.0,12.0,24,2,0,0.0,11,50.0,17.0,0
10,2,6,4,21,0,2,0,42.0,7.0,14,2,0,0.0,7,16.0,13.0,0
12,1,1,11,45,0,9,0,152.0,10.0,0,6,7,0.0,3,62.0,28.0,0
33,3,5,29,378,0,1,1,255.0,28.0,72,1,2,0.0,11,151.0,71.0,2
30,5,2,29,406,0,15,2,482.0,29.0,75,15,18,0.0,7,200.0,92.0,0
1,2,0,1,1,5,2,5,12.0,2.0,12,0,0,0.0,1,5.0,3.0,0
4,2,4,0,10,2,3,0,17.0,5.0,14,2,0,0.0,5,6.0,5.0,0
22,2,1,21,666,0,21,0,646.0,37.0,18,10,11,1.0,6,471.0,218.0,1
3,1,2,1,15,0,2,0,20.0,6.0,6,2,1,0.0,5,12.0,8.0,0
5,1,1,4,21,0,8,0,114.0,7.0,0,7,2,1.0,2,36.0,13.0,2
39,2,1,38,351,0,3,7,613.0,27.0,32,3,20,0.0,2,362.0,143.0,6
0,1,0,0,3,0,1,0,10.0,3.0,0,1,0,0.0,3,4.0,3.0,0
17,4,1,16,136,0,4,1,166.0,17.0,39,4,8,0.0,5,91.0,47.0,0
15,5,1,14,78,0,0,13,100.0,13.0,80,0,2,0.0,9,56.0,21.0,0
9,2,1,8,6,0,3,0,37.0,4.0,28,2,0,0.0,2,21.0,10.0,0
14,3,1,13,91,0,2,0,121.0,14.0,21,2,4,0.0,10,68.0,24.0,0
25,4,8,17,300,1,9,9,259.0,25.0,49,6,4,0.0,21,124.0,95.0,0
3,5,0,3,45,0,2,0,66.0,10.0,16,2,3,0.0,7,32.0,20.0,0
7,5,5,2,3,1,1,4,9.0,3.0,64,1,0,0.0,3,7.0,3.0,0
8,2,1,7,10,0,2,0,28.0,5.0,28,1,1,0.0,1,18.0,5.0,0
6,1,1,6,15,0,1,0,50.0,6.0,8,1,1,0.0,5,33.0,14.0,0
12,5,1,11,55,0,3,13,136.0,11.0,80,0,1,0.0,8,42.0,16.0,0
1,1,0,1,0,0,0,0,5.0,1.0,6,0,0,0.0,1,4.0,1.0,0
1,1,0,1,1,0,0,0,20.0,2.0,0,0,0,0.0,2,8.0,3.0,0
16,2,0,16,6,0,0,2,79.0,4.0,9,0,0,0.0,2,46.0,13.0,0
12,2,1,11,28,0,2,0,81.0,8.0,29,1,0,0.0,6,39.0,20.0,0
1,1,1,0,28,0,4,3,37.0,8.0,10,4,2,0.0,5,18.0,19.0,0
12,1,4,8,55,0,1,0,132.0,11.0,6,1,4,0.0,7,69.0,35.0,1
3,1,0,3,28,0,1,2,33.0,8.0,9,1,0,0.0,8,24.0,11.0,0
16,5,11,5,21,2,1,6,44.0,7.0,71,1,0,0.0,5,24.0,12.0,0
5,2,2,3,45,0,4,4,109.0,10.0,18,4,0,0.0,6,29.0,15.0,0
6,2,1,5,6,0,1,0,24.0,4.0,28,0,1,0.0,1,14.0,4.0,0
21,1,0,21,276,0,3,0,270.0,24.0,0,2,4,0.0,8,165.0,71.0,1
12,1,11,1,21,2,2,0,23.0,7.0,8,2,0,0.0,4,10.0,8.0,0
8,5,7,2,15,0,2,5,27.0,6.0,85,2,0,0.0,5,12.0,8.0,0
12,6,6,7,105,2,5,5,64.0,15.0,108,5,0,0.0,12,28.0,22.0,0
14,1,6,8,595,0,11,0,374.0,35.0,0,11,13,0.0,19,110.0,62.0,0
12,1,0,12,36,0,3,0,88.0,9.0,6,2,7,0.0,2,66.0,30.0,0
19,4,1,18,630,0,7,0,279.0,36.0,17,7,21,0.0,15,140.0,56.0,0
8,3,4,4,190,4,4,0,78.0,20.0,14,4,0,0.0,14,50.0,17.0,0
26,1,20,6,406,11,5,0,230.0,29.0,6,5,6,0.0,21,129.0,68.0,0
13,5,4,9,91,0,6,1,96.0,14.0,75,6,0,0.0,13,41.0,25.0,0
11,2,2,9,1,0,1,3,19.0,2.0,7,1,0,0.0,1,16.0,4.0,0
5,2,1,4,66,0,2,4,140.0,12.0,18,2,0,0.0,6,49.0,24.0,1
4,3,2,2,55,2,2,0,36.0,11.0,23,1,0,0.0,3,22.0,10.0,0
9,1,1,8,6,2,1,0,41.0,4.0,0,1,0,0.0,1,20.0,8.0,2
6,1,3,3,6,0,2,0,43.0,4.0,6,2,0,0.0,4,23.0,12.0,0
3,3,1,2,6,0,1,5,16.0,4.0,14,0,0,1.0,3,9.0,5.0,0
19,1,9,10,55,0,11,0,149.0,11.0,6,0,0,0.0,11,84.0,29.0,0
16,5,5,11,105,0,4,27,113.0,15.0,143,4,0,0.0,13,61.0,36.0,0
3,5,1,2,28,0,3,13,30.0,8.0,80,0,0,0.0,7,14.0,8.0,0
17,4,13,4,190,5,1,30,82.0,20.0,233,1,0,0.0,18,42.0,27.0,0
5,3,1,4,10,0,6,6,91.0,5.0,32,6,0,0.0,5,38.0,35.0,0
5,1,5,0,36,2,3,0,18.0,9.0,6,2,0,0.0,9,9.0,6.0,0
6,3,2,4,21,0,3,3,45.0,7.0,9,2,0,0.0,4,18.0,9.0,0
6,1,4,2,6,3,2,0,26.0,4.0,0,0,0,2.0,3,10.0,6.0,0
9,1,4,6,78,0,4,0,138.0,13.0,6,1,5,0.0,7,60.0,38.0,0
9,1,9,0,15,9,3,0,21.0,6.0,2,3,0,0.0,6,8.0,7.0,0
18,2,1,17,28,0,0,0,174.0,8.0,29,0,4,0.0,2,72.0,60.0,0
4,3,1,4,190,0,8,0,142.0,20.0,21,8,10,0.0,8,67.0,41.0,0
48,5,23,26,1176,2,5,8,484.0,49.0,40,4,2,0.0,40,237.0,136.0,0
24,2,17,7,351,3,5,0,201.0,27.0,24,1,7,0.0,17,105.0,70.0,0
6,1,1,5,10,0,1,0,25.0,5.0,0,1,1,0.0,4,16.0,6.0,0
9,1,2,7,171,0,17,0,281.0,19.0,0,16,9,1.0,10,104.0,41.0,3
27,4,18,9,6,0,0,4,60.0,4.0,16,0,0,0.0,3,39.0,20.0,0
9,6,3,6,10,0,1,26,27.0,5.0,155,1,1,0.0,4,20.0,8.0,0
48,5,2,47,1225,0,13,2,681.0,50.0,74,13,28,0.0,14,345.0,153.0,0
1,5,1,0,10,0,1,2,10.0,5.0,75,1,0,0.0,4,5.0,4.0,0
5,3,3,2,21,2,5,3,25.0,7.0,24,3,0,0.0,7,13.0,7.0,0
5,4,2,3,55,2,2,7,65.0,11.0,78,1,0,0.0,8,45.0,21.0,0
3,1,2,1,1,0,2,0,9.0,2.0,0,2,0,0.0,2,5.0,2.0,0
4,1,2,2,1,0,1,0,11.0,2.0,0,1,0,0.0,2,6.0,2.0,0
8,1,6,2,10,1,9,0,30.0,5.0,6,3,0,0.0,2,21.0,12.0,0
3,1,1,2,6,0,2,0,23.0,4.0,15,2,1,0.0,3,13.0,8.0,0
2,3,1,1,3,0,5,0,14.0,3.0,23,5,1,0.0,2,8.0,3.0,0
4,2,1,3,55,1,4,0,53.0,11.0,6,4,0,0.0,11,26.0,13.0,0
10,2,0,10,3,0,0,1,34.0,3.0,4,0,0,0.0,1,23.0,3.0,0
7,1,2,5,15,0,3,0,76.0,6.0,6,3,3,0.0,3,44.0,21.0,0
10,1,1,9,45,0,1,0,30.0,10.0,15,1,0,0.0,10,19.0,10.0,0
6,2,5,1,6,0,2,0,14.0,4.0,10,2,0,0.0,4,5.0,4.0,0
2,2,1,1,3,0,0,0,11.0,3.0,11,0,0,0.0,3,6.0,3.0,0
1,1,0,1,0,0,0,0,52.0,1.0,6,0,0,0.0,1,25.0,17.0,0
4,3,0,4,6,0,0,7,18.0,4.0,33,0,0,0.0,2,11.0,9.0,0
9,2,1,8,10,0,3,0,32.0,5.0,26,2,0,0.0,5,17.0,10.0,0
2,6,0,2,1,0,0,0,7.0,2.0,20,0,0,0.0,2,5.0,2.0,0
50,1,46,5,78,0,5,0,66.0,13.0,6,5,1,0.0,12,40.0,23.0,1
1,4,1,0,0,0,0,0,3.0,1.0,36,0,0,0.0,1,1.0,1.0,0
3,1,1,2,3,0,2,0,15.0,3.0,0,2,0,0.0,3,9.0,4.0,0
5,1,1,4,6,0,1,0,29.0,4.0,0,1,1,0.0,3,19.0,4.0,0
9,1,2,7,15,0,1,0,31.0,6.0,9,0,0,1.0,6,21.0,8.0,0
9,2,1,8,28,2,2,0,78.0,8.0,10,2,2,0.0,6,33.0,20.0,0
12,4,2,10,45,2,0,5,130.0,10.0,80,0,1,0.0,2,91.0,44.0,0
4,1,1,3,6,0,1,0,39.0,4.0,6,1,0,0.0,4,11.0,10.0,0
12,3,3,9,45,0,4,5,79.0,10.0,32,3,0,0.0,10,46.0,25.0,0
1,3,0,1,0,0,0,1,3.0,1.0,17,0,0,0.0,1,2.0,1.0,0
16,3,3,13,325,0,9,10,204.0,26.0,69,8,2,0.0,21,136.0,56.0,1
19,1,2,18,276,0,13,0,320.0,24.0,0,13,13,0.0,11,150.0,67.0,2
4,1,3,1,6,0,3,0,36.0,4.0,0,3,0,0.0,3,9.0,5.0,0
43,1,30,13,45,0,0,0,196.0,10.0,6,0,0,0.0,10,70.0,42.0,2
4,3,4,0,55,0,5,0,30.0,11.0,70,5,0,0.0,11,11.0,10.0,0
20,1,0,20,28,2,4,0,132.0,8.0,0,1,1,0.0,1,83.0,23.0,0
3,1,1,2,45,0,7,0,89.0,10.0,6,5,1,0.0,9,32.0,23.0,0
1,1,1,0,1,0,0,0,22.0,2.0,0,0,0,0.0,1,6.0,6.0,0
3,1,1,2,3,0,3,0,41.0,3.0,0,2,1,1.0,2,16.0,5.0,0
2,6,0,2,36,2,1,110,27.0,9.0,415,1,0,0.0,9,17.0,9.0,0
11,1,8,3,6,0,2,0,17.0,4.0,6,0,0,0.0,3,11.0,5.0,0
3,1,1,2,66,2,1,0,34.0,12.0,6,0,0,0.0,11,17.0,12.0,1
5,1,1,4,36,0,9,0,257.0,9.0,6,0,2,0.0,3,65.0,81.0,0
24,1,11,14,666,0,1,0,644.0,37.0,6,1,23,0.0,13,305.0,168.0,0
11,8,8,3,3,1,1,4,11.0,3.0,172,1,0,0.0,3,7.0,3.0,0
18,1,7,11,66,0,5,0,153.0,12.0,0,5,8,0.0,4,65.0,28.0,0
0,1,0,0,1,0,1,0,10.0,2.0,0,1,0,0.0,2,4.0,3.0,0
9,3,6,3,15,0,1,0,34.0,6.0,23,1,0,0.0,6,19.0,11.0,0
8,3,2,6,21,0,2,6,33.0,7.0,15,2,1,0.0,4,25.0,9.0,0
7,2,1,6,153,1,3,3,245.0,18.0,13,0,1,0.0,1,119.0,69.0,0
3,1,1,2,10,0,2,0,39.0,5.0,0,2,1,0.0,4,12.0,9.0,0
16,4,1,15,105,0,0,0,103.0,15.0,70,0,0,0.0,9,52.0,27.0,0
9,3,1,8,21,0,1,5,124.0,7.0,65,1,5,0.0,2,82.0,45.0,0
34,2,27,7,210,2,2,0,181.0,21.0,11,1,2,0.0,6,95.0,61.0,0
4,3,2,2,1,0,0,1,14.0,2.0,5,0,0,0.0,1,5.0,3.0,0
8,1,2,6,10,2,2,0,43.0,5.0,6,1,0,0.0,1,22.0,10.0,0
4,2,1,3,6,0,1,1,30.0,4.0,14,1,0,0.0,1,12.0,4.0,0
38,5,4,35,666,0,7,2,627.0,37.0,70,7,19,0.0,10,291.0,158.0,0
5,1,2,3,45,0,2,0,80.0,10.0,0,2,5,0.0,5,42.0,24.0,0
4,2,1,3,55,1,3,0,49.0,11.0,6,2,0,1.0,11,26.0,11.0,0
12,2,1,11,1,0,1,0,50.0,2.0,6,1,0,0.0,1,32.0,9.0,0
17,1,2,15,15,0,5,0,85.0,6.0,6,5,2,0.0,3,41.0,21.0,0
2,2,1,1,1,0,0,1,6.0,2.0,5,0,0,0.0,1,3.0,2.0,0
13,3,3,11,45,0,1,4,99.0,10.0,21,1,2,0.0,4,39.0,33.0,0
10,1,2,8,6,0,5,0,52.0,4.0,0,5,0,0.0,4,28.0,19.0,0
9,1,1,9,28,0,9,0,92.0,8.0,6,9,2,0.0,6,54.0,21.0,1
4,2,1,3,10,0,2,1,28.0,5.0,7,2,1,0.0,1,13.0,6.0,0
6,1,5,1,21,1,3,0,38.0,7.0,6,2,0,0.0,6,12.0,9.0,0
4,2,1,3,36,0,2,7,69.0,9.0,20,2,0,0.0,2,27.0,13.0,1
5,3,3,2,1,0,0,1,14.0,2.0,5,0,0,0.0,1,5.0,3.0,0
4,1,2,2,6,5,0,0,25.0,4.0,0,0,0,0.0,1,11.0,6.0,0
17,2,14,3,55,5,4,0,50.0,11.0,12,4,0,0.0,11,19.0,17.0,0
4,1,1,3,10,0,7,0,77.0,5.0,6,7,2,0.0,3,23.0,18.0,1
2,1,0,2,1,0,0,0,27.0,2.0,6,0,1,0.0,1,9.0,2.0,1
36,5,2,35,780,0,18,2,624.0,40.0,74,18,21,0.0,9,266.0,126.0,0
13,5,1,12,105,0,2,13,126.0,15.0,80,0,5,0.0,9,80.0,21.0,0
8,5,1,7,45,4,1,5,77.0,10.0,66,1,1,0.0,7,39.0,11.0,0
30,1,9,24,231,0,6,0,293.0,22.0,8,5,6,0.0,16,184.0,77.0,0
12,3,1,11,105,0,6,0,179.0,15.0,21,6,7,0.0,8,72.0,22.0,0
9,4,7,2,15,4,2,1,31.0,6.0,44,1,0,0.0,5,14.0,12.0,0
32,5,1,31,378,0,5,2,337.0,28.0,73,5,9,0.0,11,182.0,73.0,0
2,1,1,1,45,0,5,0,52.0,10.0,0,5,1,0.0,9,27.0,15.0,0
1,1,1,0,10,0,5,0,68.0,5.0,0,5,1,0.0,4,19.0,17.0,0
5,1,0,5,15,0,2,0,49.0,6.0,0,2,2,0.0,4,26.0,8.0,0
13,5,0,13,105,0,6,13,91.0,15.0,80,6,2,0.0,10,52.0,20.0,0
17,2,7,10,91,2,4,0,107.0,14.0,56,4,3,0.0,7,54.0,28.0,1
1,1,0,1,0,0,0,0,10.0,1.0,6,0,0,0.0,1,7.0,3.0,0
2,3,1,1,6,0,1,5,16.0,4.0,14,1,0,0.0,3,9.0,5.0,0
4,1,1,3,21,0,2,0,50.0,7.0,6,2,2,0.0,5,29.0,15.0,0
5,1,1,4,21,0,0,0,214.0,7.0,6,0,1,0.0,2,117.0,64.0,0
24,1,14,12,36,0,1,0,95.0,9.0,6,1,4,0.0,5,52.0,27.0,0
6,1,0,6,66,0,6,0,114.0,12.0,0,6,8,0.0,1,48.0,28.0,0
4,5,3,1,3,0,1,4,9.0,3.0,64,1,0,0.0,3,5.0,3.0,0
5,3,1,4,36,0,4,3,58.0,9.0,32,4,0,0.0,1,30.0,14.0,1
9,3,1,8,3,0,1,8,29.0,3.0,36,1,0,0.0,1,17.0,8.0,2
23,1,3,20,465,0,33,0,452.0,31.0,6,14,23,1.0,7,291.0,118.0,1
4,1,1,3,45,0,1,0,38.0,10.0,0,0,0,1.0,10,18.0,10.0,0
9,5,4,6,66,0,1,30,51.0,12.0,253,1,0,0.0,12,27.0,17.0,0
4,1,0,4,1,0,0,0,21.0,2.0,0,0,0,0.0,2,13.0,5.0,0
4,2,2,2,10,0,0,0,22.0,5.0,9,0,0,0.0,5,11.0,7.0,0
27,1,3,24,36,2,1,0,143.0,9.0,0,1,3,0.0,1,75.0,35.0,1
8,2,2,6,10,0,3,0,38.0,5.0,28,2,2,0.0,1,15.0,5.0,0
0,2,0,0,1,0,0,1,3.0,2.0,18,0,0,0.0,1,2.0,1.0,1
6,3,2,4,66,0,4,8,73.0,12.0,57,4,1,0.0,10,39.0,27.0,0
30,2,1,29,528,1,7,1,412.0,33.0,11,6,29,0.0,2,233.0,96.0,1
3,2,2,1,1,0,0,1,6.0,2.0,14,0,0,0.0,1,3.0,2.0,0
4,1,3,1,0,0,1,0,3.0,1.0,0,1,0,0.0,1,2.0,1.0,0
0,1,0,0,3,3,0,3,6.0,3.0,7,0,0,0.0,3,4.0,2.0,0
9,1,7,2,15,2,1,0,21.0,6.0,0,1,1,0.0,5,14.0,4.0,0
4,1,3,1,3,0,29,0,8.0,3.0,6,4,1,0.0,2,7.0,3.0,0
2,1,1,1,6,0,1,0,50.0,4.0,6,0,1,0.0,2,14.0,10.0,0
15,1,12,3,105,0,6,0,77.0,15.0,0,4,2,0.0,13,43.0,24.0,0
2,1,2,0,1,0,42,0,6.0,2.0,7,0,0,0.0,2,3.0,1.0,1
3,3,1,2,3,0,0,7,15.0,3.0,14,0,0,0.0,2,8.0,4.0,0
9,4,2,7,120,0,2,0,96.0,16.0,39,2,4,0.0,7,47.0,20.0,0
17,6,9,8,325,2,5,2,106.0,26.0,89,3,0,0.0,25,66.0,29.0,0
18,2,1,17,66,0,3,6,188.0,12.0,14,3,8,0.0,2,86.0,34.0,0
2,2,1,1,3,0,0,0,10.0,3.0,29,0,1,0.0,2,6.0,4.0,0
2,2,1,1,3,0,0,0,11.0,3.0,11,0,0,0.0,3,6.0,3.0,0
1,2,0,1,1,23,0,5,9.0,2.0,12,0,0,0.0,1,4.0,4.0,0
9,3,1,8,15,0,1,1,49.0,6.0,41,0,0,0.0,2,26.0,11.0,0
6,1,4,2,21,0,3,0,32.0,7.0,6,3,0,0.0,7,20.0,10.0,0
7,1,2,7,6,0,3,0,53.0,4.0,0,3,2,0.0,2,22.0,7.0,0
10,2,1,9,36,0,2,12,118.0,9.0,14,2,0,0.0,3,40.0,32.0,0
8,1,1,7,1,0,0,0,87.0,2.0,6,0,1,0.0,1,36.0,11.0,1
7,4,1,6,153,0,3,0,120.0,18.0,39,3,7,0.0,7,61.0,23.0,0
4,1,2,2,10,0,1,0,24.0,5.0,0,0,0,1.0,5,11.0,6.0,0
4,1,2,2,3,0,0,0,16.0,3.0,0,0,0,0.0,2,12.0,3.0,0
26,1,5,25,561,0,22,0,523.0,34.0,0,18,19,0.0,10,257.0,85.0,2
7,1,2,5,45,4,2,0,65.0,10.0,0,0,1,0.0,3,54.0,23.0,0
16,6,12,4,15,0,1,6,23.0,6.0,78,1,0,0.0,5,15.0,8.0,0
21,1,0,21,28,0,4,0,136.0,8.0,0,4,3,0.0,5,92.0,34.0,0
1,1,0,1,0,0,0,0,3.0,1.0,6,0,0,0.0,1,2.0,1.0,0
14,1,6,8,21,0,1,0,114.0,7.0,6,0,0,0.0,7,78.0,38.0,1
12,1,1,11,55,0,4,0,111.0,11.0,0,4,4,0.0,7,60.0,22.0,0
5,1,1,4,10,0,2,0,53.0,5.0,0,2,2,0.0,1,22.0,9.0,0
37,2,2,35,703,0,11,0,876.0,38.0,23,8,32,0.0,3,599.0,239.0,4
11,2,1,10,21,1,1,6,82.0,7.0,26,0,0,0.0,4,51.0,21.0,0
8,1,4,4,78,3,7,0,108.0,13.0,6,3,1,0.0,2,51.0,26.0,1
28,5,4,25,946,0,19,2,599.0,44.0,70,19,16,0.0,19,292.0,148.0,0
5,1,3,2,3,2,1,0,15.0,3.0,0,0,0,0.0,2,5.0,4.0,0
4,5,1,3,3,0,0,5,12.0,3.0,89,0,0,0.0,1,6.0,4.0,0
10,2,1,9,10,0,1,0,61.0,5.0,28,0,2,0.0,1,35.0,8.0,0
12,3,3,10,55,0,1,4,106.0,11.0,21,1,6,0.0,5,60.0,39.0,0
7,3,1,6,28,0,15,3,193.0,8.0,34,15,1,0.0,7,91.0,68.0,0
9,4,8,2,21,7,1,1,21.0,7.0,63,0,0,0.0,1,11.0,7.0,0
5,1,1,4,10,0,1,0,32.0,5.0,0,1,1,0.0,4,20.0,7.0,0
8,1,0,8,91,0,11,0,195.0,14.0,6,11,6,0.0,8,75.0,49.0,0
12,1,1,11,105,0,5,0,162.0,15.0,0,5,7,0.0,8,76.0,35.0,0
5,3,1,4,28,0,3,2,55.0,8.0,34,3,1,0.0,7,35.0,22.0,0
2,1,1,1,3,2,0,0,24.0,3.0,22,0,0,0.0,3,8.0,7.0,0
3,3,1,2,28,0,3,1,43.0,8.0,30,1,1,0.0,3,23.0,14.0,0
7,5,5,2,28,0,1,6,27.0,8.0,71,1,0,0.0,7,17.0,8.0,0
0,3,0,0,0,0,0,0,0.0,0.0,17,0,0,0.0,0,0.0,0.0,0
7,1,3,5,105,3,3,0,179.0,15.0,6,3,3,0.0,8,51.0,41.0,1
8,1,8,0,1,0,4,0,48.0,2.0,0,4,0,0.0,2,9.0,6.0,0
15,1,0,15,820,2,15,0,387.0,41.0,9,10,29,0.0,12,165.0,74.0,0
8,3,5,3,21,0,3,1,36.0,7.0,14,2,0,0.0,6,19.0,9.0,0
5,1,2,3,15,0,6,0,87.0,6.0,6,6,1,0.0,5,33.0,12.0,0
3,2,1,2,1,2,0,0,29.0,2.0,9,0,0,0.0,1,16.0,11.0,0
5,1,4,1,10,2,0,0,44.0,5.0,6,0,0,0.0,5,14.0,11.0,0
18,2,1,17,378,0,1,0,194.0,28.0,28,1,13,0.0,14,100.0,60.0,0
8,2,1,8,21,0,3,0,87.0,7.0,9,3,0,0.0,6,41.0,33.0,0
19,1,6,13,66,0,10,0,90.0,12.0,6,10,1,0.0,11,50.0,22.0,0
13,2,9,4,28,11,2,0,30.0,8.0,11,2,0,0.0,5,18.0,10.0,0
6,1,1,6,36,0,2,0,104.0,9.0,0,2,3,0.0,4,56.0,22.0,0
4,5,3,1,3,0,1,4,9.0,3.0,64,1,0,0.0,3,6.0,3.0,0
13,6,12,2,15,0,3,5,28.0,6.0,75,3,0,0.0,3,11.0,9.0,0
6,1,1,5,190,0,8,11,107.0,20.0,0,8,2,0.0,18,49.0,34.0,0
1,1,0,1,0,0,0,0,15.0,1.0,0,0,0,0.0,1,5.0,6.0,0
29,3,1,29,190,0,5,0,234.0,20.0,37,4,12,0.0,3,191.0,58.0,0
22,1,12,10,91,0,0,0,264.0,14.0,6,0,3,0.0,11,121.0,76.0,2
8,1,4,4,55,0,2,0,101.0,11.0,6,1,4,1.0,7,48.0,26.0,0
10,1,9,1,36,0,0,0,59.0,9.0,6,0,0,0.0,9,31.0,18.0,0
19,1,2,17,28,0,2,0,146.0,8.0,6,2,4,0.0,4,91.0,42.0,0
15,5,4,11,91,0,2,18,79.0,14.0,211,2,0,0.0,14,55.0,25.0,0
8,3,1,8,36,0,2,2,75.0,9.0,54,2,4,0.0,3,41.0,17.0,0
25,1,0,25,120,0,4,0,281.0,16.0,6,4,6,0.0,4,182.0,60.0,1
9,3,3,6,36,2,4,1,133.0,9.0,72,0,3,1.0,2,61.0,21.0,1
7,1,2,5,6,0,0,0,63.0,4.0,6,0,1,0.0,3,27.0,20.0,0
7,1,1,6,3,0,3,0,58.0,3.0,0,3,1,0.0,2,25.0,13.0,0
7,1,5,2,28,0,16,0,91.0,8.0,6,16,5,0.0,3,60.0,41.0,0
3,6,1,2,36,0,1,110,30.0,9.0,412,1,0,0.0,9,17.0,9.0,0
11,1,1,10,55,0,3,0,178.0,11.0,0,2,7,0.0,3,85.0,26.0,1
11,1,1,10,120,0,23,0,238.0,16.0,6,23,12,0.0,4,81.0,67.0,0
17,1,6,11,36,0,2,0,195.0,9.0,6,2,5,0.0,4,112.0,47.0,1
4,4,2,2,6,0,1,0,52.0,4.0,18,0,0,1.0,4,33.0,18.0,0
23,2,3,20,78,0,3,0,164.0,13.0,13,2,7,0.0,1,97.0,52.0,1
10,2,2,8,10,0,1,0,53.0,5.0,11,1,0,0.0,2,31.0,14.0,1
43,5,8,36,528,0,10,2,520.0,33.0,72,9,16,0.0,7,276.0,118.0,0
0,1,0,0,3,2,0,0,7.0,3.0,0,0,0,0.0,2,6.0,2.0,0
8,4,2,6,136,0,1,18,124.0,17.0,184,1,0,0.0,17,81.0,42.0,0
11,3,2,10,28,0,4,6,55.0,8.0,32,4,1,0.0,7,26.0,15.0,0
4,2,1,3,21,0,5,1,49.0,7.0,36,5,0,0.0,5,20.0,15.0,0
22,1,3,19,105,0,0,0,290.0,15.0,6,0,0,0.0,4,124.0,82.0,0
1,1,0,1,0,0,0,0,3.0,1.0,6,0,0,0.0,1,2.0,1.0,0
1,2,1,0,15,0,0,0,18.0,6.0,56,0,0,0.0,5,6.0,6.0,0
19,2,14,8,153,11,6,1,141.0,18.0,4,3,1,0.0,14,63.0,43.0,0
7,3,2,5,6,0,0,8,29.0,4.0,36,0,0,0.0,1,16.0,10.0,0
5,1,1,4,36,0,3,0,114.0,9.0,0,3,0,0.0,3,30.0,26.0,0
1,1,0,1,21,0,1,0,23.0,7.0,0,1,0,0.0,7,14.0,7.0,0
2,3,1,2,3,0,1,2,10.0,3.0,54,1,0,0.0,1,6.0,3.0,0
10,1,6,4,36,5,1,0,51.0,9.0,0,1,0,0.0,4,31.0,15.0,0
4,1,1,3,3,0,0,0,38.0,3.0,6,0,0,0.0,3,18.0,7.0,0
10,4,1,9,120,0,3,62,93.0,16.0,57,3,0,0.0,11,42.0,24.0,0
3,1,1,2,6,1,2,0,38.0,4.0,6,2,1,0.0,3,12.0,12.0,0
2,2,2,0,3,6,1,0,8.0,3.0,2,0,0,1.0,2,4.0,3.0,0
68,1,66,2,153,1,8,0,196.0,18.0,6,6,5,1.0,13,61.0,54.0,0
7,1,5,2,15,0,5,0,33.0,6.0,11,5,0,0.0,6,13.0,12.0,0
15,2,2,13,28,2,1,12,112.0,8.0,11,0,1,0.0,1,78.0,32.0,1
4,3,2,2,28,0,3,8,41.0,8.0,55,3,0,0.0,7,22.0,11.0,0
8,2,1,7,21,3,1,2,81.0,7.0,47,1,0,0.0,1,41.0,19.0,0
36,1,6,35,3003,0,55,0,1326.0,78.0,0,34,52,2.0,15,461.0,235.0,4
2,1,2,0,10,0,0,0,10.0,5.0,0,0,0,0.0,1,5.0,4.0,0
9,1,3,6,10,3,0,0,29.0,5.0,9,0,0,0.0,4,15.0,5.0,0
2,1,1,1,1,0,0,0,12.0,2.0,0,0,0,0.0,1,5.0,2.0,0
5,2,1,4,1,0,0,1,20.0,2.0,3,0,0,0.0,2,10.0,5.0,0
11,3,0,11,231,1,5,0,277.0,22.0,21,5,7,0.0,15,107.0,54.0,0
16,5,2,14,276,0,9,20,191.0,24.0,90,9,0,0.0,22,116.0,60.0,0
15,3,1,14,78,0,9,0,233.0,13.0,21,9,7,0.0,4,84.0,30.0,1
4,1,2,2,6,0,1,0,23.0,4.0,0,1,2,0.0,2,12.0,9.0,0
4,1,0,4,6,1,1,0,18.0,4.0,0,0,0,0.0,4,15.0,5.0,0
2,2,1,1,3,0,0,0,10.0,3.0,29,0,1,0.0,2,6.0,4.0,0
18,4,4,14,45,0,0,0,54.0,10.0,72,0,1,0.0,7,31.0,19.0,1
2,2,2,0,1,0,2,4,7.0,2.0,19,1,0,0.0,2,2.0,2.0,0
1,1,1,0,10,0,1,0,18.0,5.0,6,1,0,0.0,5,11.0,5.0,0
4,1,0,4,10,0,1,0,57.0,5.0,0,0,3,0.0,2,36.0,15.0,0
7,1,1,6,45,0,2,0,67.0,10.0,6,2,4,0.0,6,26.0,16.0,0
1,1,1,0,10,0,1,0,17.0,5.0,0,1,0,0.0,5,11.0,5.0,0
6,2,1,5,10,0,3,0,27.0,5.0,28,2,0,0.0,3,17.0,5.0,0
5,1,1,4,15,0,1,0,73.0,6.0,6,1,4,0.0,2,43.0,18.0,0
0,1,0,0,3,46,0,0,7.0,3.0,6,0,0,0.0,3,3.0,3.0,0
4,1,3,1,10,0,1,0,52.0,5.0,0,1,2,0.0,3,17.0,13.0,0
7,3,2,5,10,0,0,2,32.0,5.0,15,0,3,0.0,2,24.0,9.0,1
9,1,0,9,15,0,0,0,106.0,6.0,6,0,0,0.0,6,32.0,22.0,0
18,1,5,13,21,0,1,0,169.0,7.0,6,1,2,0.0,5,77.0,30.0,0
14,2,5,9,45,0,2,1,86.0,10.0,39,1,3,0.0,3,59.0,20.0,1
10,4,3,7,231,1,7,15,131.0,22.0,73,7,1,0.0,18,80.0,33.0,0
3,4,1,2,15,0,1,2,31.0,6.0,35,0,0,0.0,3,16.0,12.0,0
10,1,6,4,15,0,3,0,61.0,6.0,6,1,2,0.0,4,30.0,17.0,0
5,4,2,3,15,0,3,9,44.0,6.0,91,3,0,0.0,5,19.0,14.0,0
8,2,1,7,45,0,2,0,88.0,10.0,18,1,4,0.0,5,43.0,24.0,0
3,5,1,2,28,0,2,13,29.0,8.0,80,0,0,0.0,7,14.0,8.0,0
0,2,0,0,1,0,1,2,7.0,2.0,8,1,0,0.0,1,3.0,2.0,0
0,2,0,0,1,0,0,0,30.0,2.0,7,0,0,0.0,1,4.0,2.0,0
14,1,2,12,78,1,7,0,89.0,13.0,30,7,0,0.0,11,53.0,30.0,0
1,1,1,0,1,0,1,0,22.0,2.0,0,1,0,0.0,2,6.0,4.0,0
2,2,1,1,1,0,0,0,9.0,2.0,15,0,0,0.0,2,5.0,2.0,0
15,2,4,13,36,0,3,0,116.0,9.0,3,3,4,0.0,4,78.0,28.0,0
17,1,10,8,325,0,25,0,478.0,26.0,0,21,10,0.0,9,142.0,70.0,0
2,2,1,1,1,0,0,1,6.0,2.0,10,0,0,0.0,2,4.0,2.0,0
6,1,3,3,15,3,1,0,29.0,6.0,30,0,0,0.0,5,15.0,7.0,0
14,1,3,13,78,0,12,0,198.0,13.0,6,12,4,0.0,6,82.0,25.0,1
5,4,1,4,10,1,2,9,23.0,5.0,49,1,0,0.0,3,14.0,7.0,0
0,4,0,0,1,3,0,0,10.0,2.0,32,0,0,0.0,2,2.0,2.0,0
6,1,1,5,10,0,2,0,70.0,5.0,0,2,2,0.0,3,29.0,14.0,0
26,1,12,15,28,0,0,0,241.0,8.0,6,0,2,0.0,6,142.0,74.0,2
6,1,2,4,36,2,1,0,149.0,9.0,6,0,1,0.0,6,53.0,26.0,1
25,2,2,24,406,0,7,0,390.0,29.0,15,7,11,0.0,15,177.0,122.0,0
6,1,6,0,136,0,0,0,165.0,17.0,6,0,0,0.0,17,59.0,25.0,2
12,4,3,9,36,4,12,2,199.0,9.0,47,12,1,0.0,6,55.0,19.0,1
24,1,9,17,190,0,3,0,338.0,20.0,6,3,11,0.0,9,171.0,79.0,2
15,3,1,14,6,0,0,6,40.0,4.0,17,0,1,0.0,2,31.0,11.0,0
3,1,2,1,1,0,1,0,23.0,2.0,0,1,0,0.0,2,7.0,8.0,0
29,1,1,28,210,0,6,0,407.0,21.0,0,2,18,0.0,2,161.0,66.0,0
11,4,0,11,171,0,0,1,90.0,19.0,73,0,0,0.0,9,47.0,24.0,0
7,2,1,6,28,0,1,0,52.0,8.0,8,1,0,0.0,6,21.0,16.0,0
13,1,3,12,300,2,13,0,313.0,25.0,0,9,10,0.0,9,133.0,79.0,0
18,5,1,17,120,0,9,2,202.0,16.0,72,9,6,0.0,8,100.0,40.0,0
3,4,1,2,28,0,0,0,26.0,8.0,70,0,0,0.0,7,10.0,8.0,0
5,3,1,4,6,0,0,46,11.0,4.0,19,0,0,0.0,3,8.0,3.0,0
4,1,1,3,55,0,3,0,63.0,11.0,0,3,1,0.0,5,35.0,13.0,0
10,2,1,9,6,0,3,0,41.0,4.0,28,2,0,0.0,2,22.0,12.0,0
3,4,0,3,15,2,1,13,28.0,6.0,179,1,0,0.0,6,23.0,7.0,0
13,1,1,12,91,0,1,0,169.0,14.0,6,1,0,0.0,14,108.0,52.0,0
10,1,3,7,45,2,2,0,113.0,10.0,6,1,2,0.0,5,54.0,26.0,0
8,2,6,2,15,0,3,0,19.0,6.0,24,3,0,0.0,6,8.0,6.0,0
6,1,3,3,21,0,10,0,82.0,7.0,0,10,0,0.0,4,26.0,11.0,0
9,1,1,8,36,0,1,0,51.0,9.0,14,1,0,0.0,9,24.0,9.0,0
24,1,16,9,190,1,11,0,185.0,20.0,6,5,7,0.0,8,96.0,66.0,2
10,5,1,9,78,0,2,99,77.0,13.0,131,2,0,0.0,11,45.0,21.0,0
9,5,3,6,66,0,4,1,83.0,12.0,78,4,0,0.0,12,41.0,17.0,1
2,2,1,1,1,0,0,0,10.0,2.0,29,0,0,0.0,2,4.0,3.0,0
2,6,0,2,3,0,0,0,10.0,3.0,20,0,0,0.0,3,6.0,3.0,0
18,3,5,13,190,2,5,5,173.0,20.0,71,1,0,1.0,14,121.0,44.0,0
13,2,1,12,78,0,6,0,113.0,13.0,29,5,7,0.0,4,55.0,24.0,1
7,1,3,4,45,0,9,0,108.0,10.0,0,9,4,0.0,2,40.0,18.0,0
8,4,1,7,210,0,4,0,147.0,21.0,39,4,10,0.0,7,76.0,27.0,0
7,1,2,5,253,0,5,0,176.0,23.0,8,4,9,1.0,13,102.0,47.0,0
0,2,0,0,0,2,3,0,4.0,1.0,9,0,0,0.0,1,2.0,1.0,0
13,4,12,1,15,1,0,1,32.0,6.0,31,0,0,0.0,2,10.0,6.0,0
18,4,12,6,120,4,5,4,210.0,16.0,55,3,0,0.0,10,78.0,63.0,0
31,5,1,30,351,0,4,2,365.0,27.0,74,4,9,0.0,11,187.0,76.0,0
58,4,13,48,780,0,7,5,548.0,40.0,78,7,9,0.0,15,328.0,150.0,0
1,1,1,0,3,0,0,0,30.0,3.0,0,0,0,0.0,1,9.0,8.0,0
4,2,2,2,10,0,0,0,27.0,5.0,9,0,0,0.0,5,12.0,9.0,0
24,4,2,22,351,0,8,0,387.0,27.0,32,8,18,0.0,9,176.0,59.0,0
48,1,42,6,105,3,15,0,156.0,15.0,0,1,6,2.0,9,73.0,52.0,0
12,3,1,11,861,0,16,7,350.0,42.0,67,16,2,0.0,40,195.0,111.0,3
7,5,4,3,15,0,3,19,30.0,6.0,92,3,0,0.0,6,16.0,8.0,0
0,1,0,0,3,0,2,0,10.0,3.0,8,2,0,0.0,3,3.0,3.0,0
7,2,1,6,3,0,6,0,43.0,3.0,28,5,0,0.0,1,17.0,3.0,0
10,1,0,10,28,0,4,0,160.0,8.0,0,4,2,0.0,6,56.0,27.0,1
9,1,3,7,10,0,0,0,71.0,5.0,0,0,3,0.0,2,46.0,21.0,0
12,4,2,10,78,0,0,0,59.0,13.0,70,0,0,0.0,8,34.0,18.0,0
6,2,1,5,1,0,0,2,13.0,2.0,4,0,0,0.0,2,10.0,3.0,0
2,3,1,2,3,0,1,2,10.0,3.0,54,1,0,0.0,1,6.0,3.0,0
7,3,1,6,6,0,0,4,27.0,4.0,21,0,0,0.0,2,12.0,9.0,0
21,1,2,19,1,0,1,0,45.0,2.0,7,1,0,0.0,2,36.0,19.0,0
4,3,0,4,28,0,3,3,34.0,8.0,33,3,0,0.0,6,18.0,9.0,0
15,1,8,7,120,0,9,0,116.0,16.0,6,8,2,0.0,13,53.0,50.0,0
0,1,0,0,0,0,185,0,0.0,0.0,0,1,0,184.0,0,0.0,0.0,4
11,2,3,8,15,0,3,1,119.0,6.0,4,3,1,0.0,4,42.0,20.0,0
11,8,8,3,6,1,1,4,14.0,4.0,172,1,0,0.0,4,8.0,4.0,0
4,1,0,4,1,0,0,0,29.0,2.0,0,0,1,0.0,0,14.0,7.0,1
7,3,2,5,231,0,18,5,170.0,22.0,44,10,3,0.0,19,86.0,83.0,0
8,3,1,7,66,0,1,0,87.0,12.0,21,1,2,0.0,10,53.0,18.0,0
6,3,1,5,1,0,1,1,19.0,2.0,13,0,0,1.0,1,12.0,4.0,0
15,1,3,12,630,0,9,14,425.0,36.0,0,9,23,0.0,13,153.0,85.0,0
9,1,7,2,36,0,3,28,85.0,9.0,9,3,2,0.0,7,36.0,21.0,0
6,1,5,1,28,0,2,0,28.0,8.0,6,2,0,0.0,8,12.0,9.0,0
8,1,2,7,21,0,4,0,49.0,7.0,0,4,1,0.0,6,29.0,7.0,0
4,1,2,2,21,0,3,0,38.0,7.0,6,3,0,0.0,7,18.0,12.0,0
6,1,2,5,3,0,1,0,51.0,3.0,0,0,0,1.0,2,23.0,9.0,0
10,1,1,9,28,0,4,0,197.0,8.0,0,0,4,0.0,4,67.0,20.0,0
11,2,5,6,55,2,10,1,146.0,11.0,13,0,1,0.0,2,53.0,25.0,1
0,2,0,0,0,0,0,3,3.0,1.0,20,0,0,0.0,1,1.0,1.0,0
6,2,1,5,6,0,4,0,52.0,4.0,28,3,0,0.0,2,18.0,4.0,0
18,5,5,13,153,0,5,31,135.0,18.0,79,5,0,0.0,16,77.0,49.0,0
4,1,1,3,10,0,2,0,32.0,5.0,0,2,1,0.0,4,14.0,7.0,0
2,2,0,2,1,0,0,2,17.0,2.0,9,0,0,0.0,1,8.0,4.0,0
6,1,6,0,21,0,7,0,25.0,7.0,6,4,2,0.0,5,14.0,9.0,0
4,3,1,3,6,0,1,5,18.0,4.0,14,1,0,0.0,3,8.0,6.0,0
5,1,1,5,15,0,2,0,68.0,6.0,6,2,1,0.0,5,30.0,18.0,0
10,1,6,4,15,0,1,0,115.0,6.0,6,1,3,0.0,3,45.0,42.0,0
5,1,2,3,3,0,0,0,45.0,3.0,6,0,1,0.0,2,8.0,4.0,0
7,2,1,6,55,0,1,0,71.0,11.0,28,0,5,0.0,4,42.0,13.0,0
4,4,1,3,10,0,0,0,27.0,5.0,18,0,0,0.0,5,11.0,9.0,0
13,5,0,13,66,0,2,13,78.0,12.0,80,2,1,0.0,8,42.0,17.0,0
5,1,0,5,6,0,2,0,69.0,4.0,6,2,0,0.0,4,43.0,15.0,0
4,4,1,3,28,0,4,0,77.0,8.0,34,4,0,0.0,6,29.0,11.0,0
45,1,35,14,1275,2,11,0,369.0,51.0,7,11,2,0.0,36,180.0,107.0,1
8,1,1,7,28,0,8,0,120.0,8.0,0,6,5,0.0,3,41.0,18.0,0
47,3,3,44,325,1,2,5,525.0,26.0,65,2,11,0.0,3,363.0,181.0,0
13,3,2,11,10,0,1,4,65.0,5.0,21,1,0,0.0,3,37.0,23.0,0
20,3,15,5,21,2,2,4,45.0,7.0,44,2,0,0.0,7,27.0,16.0,0
12,5,1,11,55,0,2,13,60.0,11.0,80,0,2,0.0,8,35.0,12.0,0
12,1,11,1,1,0,0,0,8.0,2.0,6,0,0,0.0,2,6.0,3.0,0
10,5,0,10,91,0,7,13,120.0,14.0,80,4,7,0.0,6,67.0,18.0,0
4,1,2,2,55,4,5,0,59.0,11.0,6,5,3,0.0,2,27.0,23.0,0
5,1,1,5,15,0,3,0,37.0,6.0,0,2,1,0.0,4,18.0,9.0,0
12,4,2,10,325,2,8,62,164.0,26.0,68,1,0,0.0,21,89.0,43.0,0
24,1,5,19,528,2,24,0,436.0,33.0,6,15,4,0.0,8,187.0,83.0,5
12,2,3,9,45,0,1,0,76.0,10.0,15,1,1,0.0,9,48.0,24.0,0
18,4,14,4,105,3,1,28,81.0,15.0,233,1,0,0.0,14,35.0,23.0,0
11,2,1,10,78,0,1,0,92.0,13.0,29,1,9,0.0,3,49.0,31.0,0
16,3,1,15,780,0,13,0,469.0,40.0,21,13,34,0.0,5,200.0,80.0,1
12,1,0,12,10,0,2,0,67.0,5.0,6,2,2,0.0,3,39.0,13.0,0
2,2,1,1,1,0,0,0,7.0,2.0,29,0,0,0.0,2,4.0,3.0,0
6,1,1,5,10,0,1,0,132.0,5.0,7,1,3,0.0,2,57.0,29.0,0
6,3,2,4,21,2,1,1,63.0,7.0,72,1,6,0.0,1,25.0,9.0,0
5,3,0,5,6,2,0,7,24.0,4.0,32,0,0,0.0,1,13.0,4.0,0
4,2,0,4,0,0,0,0,5.0,1.0,2,0,0,0.0,1,7.0,1.0,0
18,2,2,16,28,0,4,1,121.0,8.0,5,4,4,0.0,1,59.0,28.0,0
3,1,1,2,3,0,0,0,12.0,3.0,6,0,1,0.0,2,6.0,3.0,0
0,1,0,0,3,0,0,0,14.0,3.0,0,0,0,0.0,3,7.0,5.0,0
3,1,1,2,1,0,1,0,15.0,2.0,0,0,0,1.0,2,8.0,3.0,0
7,1,1,6,325,0,19,34,376.0,26.0,30,16,1,3.0,24,191.0,100.0,1
4,2,1,3,91,0,2,1,107.0,14.0,23,2,2,0.0,12,44.0,22.0,0
15,5,1,14,36,0,1,7,57.0,9.0,40,1,3,0.0,3,45.0,18.0,0
4,3,1,3,6,0,1,5,19.0,4.0,14,1,0,0.0,3,10.0,6.0,0
2,2,1,1,3,0,0,0,10.0,3.0,29,0,1,0.0,2,6.0,4.0,0
7,1,1,6,21,0,6,0,160.0,7.0,0,6,2,0.0,4,61.0,49.0,1
2,1,0,2,6,0,3,0,42.0,4.0,0,3,1,0.0,3,23.0,13.0,0
29,3,27,2,28,3,2,1,33.0,8.0,24,2,1,0.0,4,20.0,9.0,0
14,5,1,13,45,0,5,13,91.0,10.0,80,0,1,0.0,7,39.0,13.0,0
13,1,6,7,1,0,0,0,37.0,2.0,6,0,0,0.0,2,17.0,5.0,0
4,4,1,3,91,0,2,0,71.0,14.0,39,2,3,0.0,7,32.0,18.0,0
14,3,1,13,78,0,5,0,124.0,13.0,21,5,5,0.0,7,63.0,17.0,0
14,3,1,13,15,0,0,6,96.0,6.0,17,0,2,0.0,3,50.0,14.0,0
3,3,1,2,6,0,0,5,12.0,4.0,14,0,0,0.0,3,7.0,4.0,0
8,1,6,8,210,0,17,0,292.0,21.0,6,17,13,0.0,5,124.0,43.0,0
2,3,0,2,6,0,1,5,13.0,4.0,14,1,0,0.0,3,6.0,4.0,0
4,1,2,2,6,0,1,0,24.0,4.0,0,0,0,0.0,4,13.0,6.0,0
5,1,1,4,10,0,5,0,33.0,5.0,0,5,0,0.0,5,19.0,6.0,0
8,1,1,7,10,0,3,0,72.0,5.0,0,3,2,0.0,3,28.0,12.0,0
2,1,1,2,6,0,2,0,46.0,4.0,0,2,1,0.0,3,23.0,7.0,0
8,3,3,5,66,0,4,9,75.0,12.0,57,4,0,0.0,10,49.0,31.0,0
13,5,1,12,45,0,4,13,70.0,10.0,80,0,1,0.0,7,40.0,13.0,0
4,1,1,3,1,0,0,0,44.0,2.0,7,0,0,0.0,2,19.0,5.0,0
21,1,14,7,10,0,3,0,68.0,5.0,6,1,1,0.0,4,26.0,16.0,1
3,2,1,2,10,0,0,0,27.0,5.0,9,0,0,0.0,5,12.0,9.0,0
7,3,3,4,78,2,1,0,47.0,13.0,14,1,0,0.0,12,34.0,17.0,0
3,6,1,2,45,0,1,158,30.0,10.0,497,1,0,0.0,10,17.0,10.0,0
6,1,1,5,66,0,13,0,226.0,12.0,0,11,7,2.0,1,53.0,30.0,0
6,2,1,5,28,0,4,0,61.0,8.0,8,4,0,0.0,6,17.0,13.0,0
10,4,1,9,253,2,2,19,222.0,23.0,192,2,1,0.0,21,145.0,63.0,0
19,1,2,17,91,0,16,0,147.0,14.0,0,16,1,0.0,3,68.0,30.0,0
6,2,5,1,66,1,6,7,45.0,12.0,27,5,0,0.0,12,15.0,13.0,0
4,3,0,4,3,7,0,0,20.0,3.0,67,0,0,0.0,2,12.0,4.0,1
5,1,1,4,6,0,2,0,28.0,4.0,0,2,1,0.0,1,15.0,4.0,0
11,2,4,7,10,0,2,1,73.0,5.0,10,2,1,0.0,4,25.0,22.0,0
0,1,0,0,21,0,1,0,58.0,7.0,6,1,5,0.0,2,17.0,7.0,1
1,1,1,0,3,0,0,0,9.0,3.0,0,0,0,0.0,3,3.0,3.0,0
18,2,18,0,28,7,0,0,28.0,8.0,6,0,0,0.0,6,12.0,8.0,0
8,1,1,7,15,0,3,0,29.0,6.0,0,3,4,0.0,2,25.0,7.0,0
11,1,2,9,1,0,0,0,59.0,2.0,6,0,1,0.0,1,27.0,10.0,0
4,2,3,1,190,0,8,6,97.0,20.0,35,8,0,0.0,20,25.0,20.0,0
8,4,4,4,45,0,4,1,54.0,10.0,25,3,0,1.0,10,26.0,16.0,0
28,1,1,27,55,0,8,0,207.0,11.0,0,4,9,0.0,1,92.0,42.0,0
12,1,4,8,351,0,39,0,461.0,27.0,6,39,15,0.0,9,187.0,98.0,0
2,1,1,1,1,0,1,0,11.0,2.0,0,0,0,0.0,2,6.0,2.0,1
10,3,1,9,66,0,3,2,89.0,12.0,19,3,1,0.0,9,44.0,24.0,2
12,1,12,0,1,1,1,0,6.0,2.0,0,1,0,0.0,2,2.0,2.0,0
11,3,2,9,45,0,3,8,62.0,10.0,55,3,0,0.0,8,43.0,20.0,0
10,1,0,10,105,0,6,0,156.0,15.0,0,6,9,0.0,2,69.0,29.0,0
7,3,1,6,36,0,3,2,58.0,9.0,34,3,2,0.0,7,42.0,23.0,0
48,1,4,44,171,0,2,14,372.0,19.0,6,2,10,0.0,8,170.0,129.0,0
1,1,0,1,0,0,1,0,8.0,1.0,0,0,0,1.0,1,3.0,1.0,0
3,3,1,2,10,0,1,3,19.0,5.0,33,1,0,0.0,3,11.0,5.0,0
23,1,1,22,153,0,16,0,230.0,18.0,6,15,1,0.0,11,156.0,71.0,0
14,1,1,13,6,0,1,0,105.0,4.0,6,1,2,0.0,2,56.0,44.0,0
20,1,6,15,210,0,2,86,210.0,21.0,6,2,10,0.0,11,145.0,64.0,2
4,1,1,3,1,0,1,0,20.0,2.0,0,1,0,0.0,2,13.0,4.0,0
51,1,49,2,10,0,0,0,44.0,5.0,6,0,0,0.0,5,20.0,14.0,0
2,1,1,1,10,0,5,0,41.0,5.0,0,5,0,0.0,5,19.0,17.0,0
44,1,29,15,120,0,7,0,278.0,16.0,6,7,4,0.0,12,118.0,63.0,0
4,1,1,3,15,0,3,0,88.0,6.0,0,3,0,0.0,2,24.0,11.0,1
10,1,10,0,378,2,14,0,84.0,28.0,16,14,0,0.0,28,28.0,28.0,0
2,6,0,2,3,0,0,0,10.0,3.0,20,0,0,0.0,3,6.0,3.0,0
18,4,1,17,171,0,5,0,210.0,19.0,16,5,6,0.0,13,88.0,41.0,0
1,3,0,1,3,0,1,5,17.0,3.0,14,1,0,0.0,2,9.0,5.0,0
16,2,6,11,36,0,2,0,98.0,9.0,11,2,0,0.0,9,60.0,26.0,0
4,2,0,4,1,0,1,2,31.0,2.0,14,0,0,0.0,1,17.0,9.0,0
6,3,1,5,6,0,0,7,43.0,4.0,14,0,1,0.0,2,21.0,11.0,0
5,3,1,4,6,0,0,4,22.0,4.0,21,0,0,0.0,2,10.0,8.0,0
4,1,1,3,10,0,2,0,45.0,5.0,0,1,2,1.0,2,28.0,13.0,0
2,1,0,2,55,0,8,0,82.0,11.0,0,8,2,0.0,5,27.0,12.0,0
0,1,0,0,36,0,0,0,24.0,9.0,15,0,0,0.0,9,11.0,11.0,1
8,1,3,5,171,0,11,0,255.0,19.0,6,11,9,0.0,6,85.0,44.0,0
14,6,1,13,66,0,0,13,100.0,12.0,82,0,2,0.0,8,46.0,20.0,0
39,1,24,18,171,0,7,0,187.0,19.0,6,7,4,0.0,13,122.0,61.0,0
0,1,0,0,0,0,56,0,0.0,0.0,0,1,0,55.0,0,0.0,0.0,2
5,5,3,2,36,0,1,30,27.0,9.0,253,1,0,0.0,8,12.0,10.0,0
5,1,2,3,6,0,0,0,48.0,4.0,6,0,2,0.0,2,24.0,14.0,0
21,2,11,10,190,0,6,7,156.0,20.0,23,6,1,0.0,19,82.0,37.0,0
4,1,0,4,0,0,0,0,30.0,1.0,7,0,0,0.0,1,15.0,14.0,0
6,1,1,5,10,0,4,0,41.0,5.0,0,4,0,0.0,1,19.0,5.0,0
8,5,2,6,66,0,4,1,83.0,12.0,78,4,0,0.0,12,41.0,17.0,2
4,1,1,3,6,0,0,0,17.0,4.0,6,0,0,0.0,4,10.0,6.0,0
6,1,4,2,136,1,7,0,99.0,17.0,19,6,0,0.0,15,32.0,26.0,0
0,3,0,0,6,0,0,3,12.0,4.0,33,0,0,0.0,3,4.0,4.0,0
0,2,0,0,1,0,0,1,3.0,2.0,18,0,0,0.0,1,2.0,1.0,1
19,4,1,18,153,0,4,0,199.0,18.0,16,4,6,0.0,12,110.0,52.0,0
27,5,1,26,595,0,3,2,501.0,35.0,72,3,16,0.0,10,207.0,113.0,0
3,1,1,3,21,0,2,0,115.0,7.0,0,2,3,0.0,4,39.0,22.0,0
8,1,4,4,15,0,2,0,33.0,6.0,6,2,0,0.0,6,13.0,8.0,0
9,3,1,8,6,0,2,4,50.0,4.0,21,2,0,0.0,3,21.0,17.0,0
5,1,1,4,6,0,4,0,33.0,4.0,0,4,1,0.0,3,17.0,6.0,0
9,2,1,8,36,1,4,0,123.0,9.0,6,3,2,0.0,5,43.0,14.0,0
31,1,1,30,15,0,1,0,118.0,6.0,6,1,4,0.0,2,69.0,47.0,0
6,3,2,4,10,0,1,3,27.0,5.0,33,1,0,0.0,4,15.0,5.0,0
2,3,1,1,6,0,0,5,12.0,4.0,14,0,0,0.0,3,6.0,4.0,0
10,3,2,8,28,0,3,6,78.0,8.0,56,3,0,0.0,7,45.0,22.0,0
1,1,0,1,10,0,2,0,21.0,5.0,6,2,0,0.0,4,10.0,9.0,0
9,4,4,5,55,2,4,1,64.0,11.0,65,3,1,0.0,10,32.0,19.0,0
6,2,2,4,55,0,3,2,58.0,11.0,12,3,1,0.0,10,22.0,16.0,0
1,1,1,0,6,1,2,0,13.0,4.0,6,2,0,0.0,4,5.0,4.0,0
6,4,1,5,15,0,2,1,69.0,6.0,34,2,0,0.0,2,23.0,16.0,0
10,2,1,9,28,0,2,12,79.0,8.0,14,2,0,0.0,4,36.0,21.0,0
5,2,1,4,3,0,4,0,45.0,3.0,28,3,0,0.0,1,16.0,3.0,0
4,1,3,1,1,0,0,0,25.0,2.0,0,0,0,0.0,2,7.0,7.0,0
4,1,0,4,10,0,1,0,58.0,5.0,6,1,1,0.0,4,32.0,13.0,0
3,2,2,1,1,1,0,0,9.0,2.0,9,0,0,0.0,2,3.0,3.0,0
2,5,0,2,10,0,1,28,15.0,5.0,247,1,0,0.0,4,10.0,6.0,0
2,1,2,0,6,0,5,0,44.0,4.0,6,0,0,5.0,4,10.0,7.0,0
17,2,1,16,36,0,0,0,103.0,9.0,4,0,0,0.0,1,74.0,22.0,1
4,1,3,1,1,0,3,0,16.0,2.0,0,3,0,0.0,2,6.0,2.0,0
8,4,1,7,15,0,1,3,60.0,6.0,51,0,0,0.0,3,30.0,11.0,0
3,2,1,2,10,0,0,5,22.0,5.0,12,0,0,0.0,4,8.0,5.0,0
4,7,1,3,66,0,2,158,59.0,12.0,523,2,0,0.0,12,30.0,18.0,0
4,2,1,3,21,0,2,1,34.0,7.0,4,2,1,0.0,5,19.0,7.0,0
41,5,2,40,561,0,9,2,564.0,34.0,73,9,21,0.0,5,289.0,148.0,0
3,1,1,2,6,0,1,0,34.0,4.0,6,0,2,1.0,2,17.0,8.0,0
5,1,1,4,28,0,5,0,136.0,8.0,0,5,0,0.0,2,44.0,14.0,0
5,1,1,5,66,0,2,0,114.0,12.0,0,1,2,0.0,9,35.0,30.0,0
17,5,0,17,136,0,9,13,177.0,17.0,80,5,2,0.0,10,81.0,32.0,0
0,1,0,0,21,0,5,0,80.0,7.0,0,3,0,0.0,1,21.0,29.0,0
14,3,7,7,36,0,1,4,91.0,9.0,44,1,0,0.0,9,57.0,24.0,0
21,5,1,20,210,0,1,2,208.0,21.0,72,1,5,0.0,5,118.0,47.0,0
2,1,1,1,6,0,2,0,41.0,4.0,0,2,0,0.0,2,8.0,5.0,0
15,3,1,14,120,0,7,0,191.0,16.0,21,7,7,0.0,7,89.0,24.0,0
9,3,1,8,15,0,1,1,53.0,6.0,41,0,0,0.0,2,26.0,11.0,0
37,5,6,34,1225,0,19,2,828.0,50.0,70,19,28,0.0,14,341.0,178.0,0
5,2,3,2,10,0,1,1,19.0,5.0,15,1,0,0.0,5,10.0,7.0,0
25,1,17,8,28,0,0,0,85.0,8.0,6,0,0,0.0,8,45.0,57.0,3
12,3,0,12,91,0,7,0,173.0,14.0,21,6,2,0.0,11,68.0,26.0,0
5,3,2,3,10,2,1,1,19.0,5.0,30,0,0,0.0,3,9.0,7.0,0
4,3,1,3,21,0,3,1,36.0,7.0,34,3,0,0.0,7,20.0,12.0,0
2,1,1,1,1,0,2,0,12.0,2.0,0,2,0,0.0,1,5.0,2.0,0
2,6,0,2,3,0,0,0,12.0,3.0,20,0,0,0.0,3,6.0,3.0,0
3,6,1,2,465,0,1,206,97.0,31.0,602,1,0,0.0,31,62.0,31.0,0
9,4,1,8,28,0,5,0,123.0,8.0,32,5,0,0.0,8,42.0,12.0,0
31,2,1,30,136,0,4,3,441.0,17.0,13,4,15,0.0,2,214.0,131.0,0
21,3,9,12,190,0,15,21,180.0,20.0,35,9,0,0.0,20,101.0,57.0,0
11,1,2,9,28,0,4,0,390.0,8.0,0,4,6,0.0,1,53.0,16.0,0
2,1,0,2,0,0,0,0,15.0,1.0,0,0,0,0.0,1,10.0,3.0,1
10,4,3,7,36,1,3,1,62.0,9.0,62,3,1,0.0,7,30.0,14.0,0
3,6,1,2,36,0,1,110,29.0,9.0,412,1,0,0.0,9,17.0,9.0,0
8,1,7,1,10,2,1,0,21.0,5.0,6,1,0,0.0,4,11.0,7.0,0
2,2,1,1,3,0,0,0,10.0,3.0,29,0,1,0.0,2,6.0,4.0,0
8,3,1,7,36,0,3,0,79.0,9.0,21,3,0,0.0,9,44.0,11.0,0
25,1,10,15,406,2,16,0,260.0,29.0,30,11,9,0.0,17,136.0,66.0,0
12,1,1,11,66,0,1,0,36.0,12.0,17,1,0,0.0,12,23.0,12.0,1
0,1,0,0,0,0,4,0,0.0,0.0,6,0,0,0.0,0,0.0,0.0,0
9,1,1,8,3,0,3,0,27.0,3.0,0,2,1,0.0,2,17.0,5.0,0
6,4,1,5,45,0,0,0,39.0,10.0,70,0,0,0.0,7,19.0,10.0,0
3,1,2,1,1,0,0,0,45.0,2.0,6,0,0,0.0,2,10.0,11.0,0
16,3,0,16,300,0,0,1,186.0,25.0,72,0,5,0.0,11,82.0,49.0,0
3,1,1,2,6,0,1,0,26.0,4.0,0,1,0,0.0,4,11.0,9.0,0
0,2,0,0,1,0,1,2,9.0,2.0,8,1,0,0.0,1,4.0,3.0,0
0,1,0,0,136,0,2,0,59.0,17.0,6,2,0,0.0,17,20.0,17.0,0
18,2,1,17,190,0,4,0,343.0,20.0,12,4,12,0.0,5,199.0,108.0,0
3,2,2,1,3,1,0,0,10.0,3.0,11,0,0,0.0,2,6.0,3.0,0
13,3,1,12,153,0,3,0,176.0,18.0,21,3,7,0.0,11,84.0,45.0,0
14,3,1,13,253,7,2,1,440.0,23.0,41,0,13,0.0,1,245.0,102.0,0
10,2,3,7,1,1,1,3,16.0,2.0,7,0,0,0.0,1,11.0,4.0,0
7,2,1,6,28,0,5,0,67.0,8.0,8,5,0,0.0,6,18.0,14.0,0
10,1,1,9,66,0,3,0,123.0,12.0,6,3,4,0.0,8,39.0,32.0,0
4,3,3,1,3,0,1,4,9.0,3.0,44,1,0,0.0,3,5.0,3.0,0
4,1,2,2,66,0,7,0,68.0,12.0,6,1,0,0.0,12,22.0,14.0,0
3,3,1,2,6,0,1,5,16.0,4.0,14,1,0,0.0,3,9.0,5.0,0
17,1,1,16,120,0,11,0,387.0,16.0,7,6,7,0.0,5,187.0,107.0,0
5,1,0,5,21,0,0,0,82.0,7.0,6,0,5,0.0,2,59.0,20.0,0
1,1,1,0,36,0,5,0,25.0,9.0,6,1,1,0.0,6,19.0,8.0,0
3,3,1,2,6,0,0,5,19.0,4.0,14,0,0,0.0,3,7.0,6.0,0
3,2,1,2,3,0,0,5,9.0,3.0,21,0,0,0.0,3,5.0,3.0,0
9,5,1,8,171,0,2,99,147.0,19.0,137,2,0,0.0,17,70.0,40.0,0
6,3,1,5,21,0,9,0,104.0,7.0,33,9,1,0.0,6,65.0,35.0,0
9,1,1,8,78,0,5,14,137.0,13.0,0,5,5,0.0,8,44.0,33.0,0
2,1,2,0,1,0,0,0,3.0,2.0,6,0,0,0.0,2,2.0,4.0,0
2,2,1,1,45,0,8,1,95.0,10.0,4,7,1,1.0,9,36.0,20.0,0
5,1,2,3,21,1,6,0,71.0,7.0,0,5,1,0.0,5,35.0,17.0,0
1,1,1,0,10,0,4,3,18.0,5.0,10,4,0,0.0,5,5.0,5.0,0
5,5,4,1,10,0,1,4,15.0,5.0,64,1,0,0.0,5,10.0,5.0,0
1,1,0,1,10,0,3,0,57.0,5.0,0,2,0,0.0,5,15.0,17.0,0
3,1,1,2,1,0,1,0,8.0,2.0,7,1,0,0.0,2,4.0,2.0,0
15,1,12,4,15,0,0,0,69.0,6.0,6,0,2,0.0,4,36.0,23.0,0
11,1,0,11,78,0,5,0,148.0,13.0,0,5,6,0.0,1,64.0,28.0,0
5,1,5,0,1,0,1,0,7.0,2.0,0,0,0,1.0,2,2.0,2.0,0
3,4,1,2,10,0,0,0,35.0,5.0,18,0,0,0.0,5,12.0,11.0,0
17,2,3,14,45,0,6,0,102.0,10.0,28,5,6,0.0,2,58.0,16.0,0
5,1,1,4,10,0,1,0,43.0,5.0,6,1,0,0.0,5,22.0,13.0,0
8,4,1,7,21,0,3,0,81.0,7.0,32,3,0,0.0,7,27.0,11.0,0
18,4,3,15,78,0,7,0,101.0,13.0,70,7,0,0.0,11,55.0,28.0,0
13,1,9,4,15,0,1,0,156.0,6.0,6,1,0,0.0,6,56.0,37.0,0
7,3,1,6,78,0,10,1,216.0,13.0,35,10,5,0.0,2,95.0,72.0,0
6,2,3,3,55,0,2,0,43.0,11.0,6,2,0,0.0,11,29.0,12.0,0
10,1,1,9,78,0,1,0,108.0,13.0,0,0,2,1.0,9,74.0,27.0,0
1,3,0,1,3,0,1,5,23.0,3.0,14,1,0,0.0,2,10.0,6.0,0
39,1,19,20,91,0,0,0,146.0,14.0,6,0,4,0.0,9,99.0,53.0,0
2,1,2,0,3,0,3,0,27.0,3.0,0,3,1,0.0,2,7.0,6.0,0
24,2,21,3,28,0,3,15,36.0,8.0,12,3,0,0.0,8,13.0,13.0,0
8,1,5,3,3,0,0,0,29.0,3.0,6,0,0,0.0,3,15.0,9.0,0
20,1,6,14,78,0,0,0,183.0,13.0,6,0,9,0.0,4,104.0,45.0,1
20,1,4,16,253,0,10,0,347.0,23.0,6,8,21,0.0,2,172.0,93.0,1
4,1,4,0,3,0,8,0,24.0,3.0,6,0,0,0.0,3,9.0,3.0,0
5,1,3,3,10,0,0,0,51.0,5.0,0,0,2,0.0,3,31.0,19.0,0
19,1,1,18,10,0,0,0,111.0,5.0,6,0,4,0.0,1,61.0,35.0,0
6,3,2,4,21,0,3,0,26.0,7.0,34,3,0,0.0,7,14.0,9.0,0
2,1,1,1,21,0,6,0,42.0,7.0,6,3,0,0.0,7,18.0,8.0,0
30,1,1,29,136,0,8,0,304.0,17.0,0,2,14,0.0,2,123.0,50.0,0
4,1,0,4,136,0,8,0,240.0,17.0,0,8,13,0.0,4,96.0,49.0,0
4,1,4,0,21,1,6,4,26.0,7.0,12,6,0,0.0,7,7.0,8.0,1
17,1,3,14,105,2,9,0,162.0,15.0,1,3,2,0.0,7,94.0,45.0,1
3,2,1,2,6,0,0,4,31.0,4.0,15,0,0,0.0,1,10.0,7.0,0
2,1,1,1,6,0,5,0,23.0,4.0,6,2,0,0.0,4,11.0,7.0,0
23,5,1,22,171,0,10,2,251.0,19.0,72,10,8,0.0,7,118.0,62.0,0
23,5,1,22,253,0,4,2,265.0,23.0,72,4,6,0.0,10,154.0,57.0,0
8,1,5,3,120,0,18,25,283.0,16.0,0,18,13,0.0,1,95.0,36.0,0
3,4,1,2,6,3,0,7,22.0,4.0,36,0,0,0.0,2,9.0,4.0,0
2,5,1,1,3,0,1,92,10.0,3.0,88,1,0,0.0,3,4.0,3.0,0
7,1,1,6,66,0,6,0,179.0,12.0,7,3,0,0.0,5,49.0,39.0,0
13,1,2,11,3,0,1,0,31.0,3.0,0,1,1,0.0,1,25.0,6.0,0
13,4,1,12,45,0,1,3,93.0,10.0,51,0,2,0.0,2,42.0,15.0,2
9,1,1,8,55,0,5,0,60.0,11.0,30,5,0,0.0,11,44.0,15.0,0
20,2,2,18,45,0,1,0,125.0,10.0,11,1,8,0.0,2,80.0,48.0,0
20,1,0,20,91,0,13,0,188.0,14.0,6,13,10,0.0,4,99.0,66.0,3
11,3,8,3,10,3,2,6,23.0,5.0,39,1,0,0.0,3,14.0,7.0,0
5,3,1,4,6,0,3,2,26.0,4.0,25,3,0,0.0,4,13.0,9.0,0
1,9,0,1,1,0,2,4,8.0,2.0,176,2,0,0.0,2,4.0,2.0,0
4,2,1,3,6,1,5,0,21.0,4.0,8,5,0,0.0,4,11.0,5.0,0
5,1,3,2,21,2,2,0,31.0,7.0,8,2,0,0.0,5,11.0,10.0,0
14,7,6,8,153,3,5,4,92.0,18.0,120,5,0,0.0,16,43.0,24.0,2
12,2,1,11,21,0,5,0,60.0,7.0,8,5,0,0.0,7,30.0,8.0,0
20,2,16,4,36,10,2,0,33.0,9.0,11,1,0,0.0,9,22.0,11.0,0
13,4,1,12,21,0,2,3,99.0,7.0,51,1,0,0.0,4,60.0,25.0,0
3,3,1,2,3,0,0,7,13.0,3.0,14,0,0,0.0,2,6.0,3.0,0
5,3,1,4,120,0,5,4,96.0,16.0,42,5,1,0.0,15,71.0,48.0,0
33,2,23,10,496,4,7,1,162.0,32.0,21,5,0,0.0,23,76.0,63.0,0
0,1,0,0,28,2,4,0,79.0,8.0,0,2,0,0.0,1,23.0,29.0,0
3,4,1,2,21,0,1,2,36.0,7.0,35,0,1,0.0,3,19.0,12.0,0
24,3,1,23,105,0,5,0,194.0,15.0,21,5,10,0.0,5,115.0,41.0,1
8,1,1,8,66,0,5,0,183.0,12.0,6,5,1,0.0,2,84.0,49.0,0
2,1,2,2,45,0,3,0,51.0,10.0,0,2,3,0.0,7,20.0,15.0,2
13,1,11,2,6,0,5,0,24.0,4.0,6,5,2,0.0,2,16.0,7.0,0
17,2,1,16,6,0,0,0,77.0,4.0,11,0,0,0.0,1,43.0,22.0,0
44,1,15,30,820,0,28,0,739.0,41.0,1,28,29,0.0,7,284.0,139.0,1
7,2,1,6,36,0,2,0,78.0,9.0,18,1,2,0.0,6,41.0,23.0,0
7,1,1,6,10,0,1,0,33.0,5.0,6,1,0,0.0,5,17.0,7.0,0
3,1,1,2,3,0,1,0,16.0,3.0,0,1,0,0.0,2,9.0,3.0,0
7,4,0,7,120,0,0,1,69.0,16.0,73,0,0,0.0,8,36.0,19.0,0
3,5,1,2,28,0,2,13,30.0,8.0,80,0,0,0.0,7,14.0,8.0,0
8,4,1,7,15,0,1,3,50.0,6.0,51,0,0,0.0,3,30.0,10.0,0
3,1,1,2,3,0,2,0,14.0,3.0,0,2,0,0.0,3,8.0,3.0,0
51,2,41,10,2080,3,14,7,457.0,65.0,62,11,7,0.0,47,195.0,109.0,3
2,6,0,2,1,0,0,0,7.0,2.0,20,0,0,0.0,2,5.0,2.0,0
28,1,4,24,45,0,1,0,277.0,10.0,6,1,8,0.0,2,181.0,85.0,0
16,2,0,16,45,0,1,1,188.0,10.0,19,1,5,0.0,2,137.0,43.0,0
40,2,39,2,66,2,3,0,71.0,12.0,12,2,0,0.0,5,34.0,25.0,0
2,1,0,2,0,0,0,0,7.0,1.0,6,0,0,0.0,1,4.0,2.0,0
9,1,1,8,15,0,4,0,90.0,6.0,6,4,4,0.0,2,45.0,25.0,0
3,1,1,2,10,0,2,0,27.0,5.0,0,2,1,0.0,4,13.0,5.0,0
9,1,2,8,21,0,10,0,89.0,7.0,0,9,0,1.0,7,34.0,31.0,0
25,1,23,2,36,1,3,0,78.0,9.0,0,1,1,0.0,8,39.0,26.0,0
4,1,0,4,1,0,0,0,26.0,2.0,0,0,1,0.0,1,17.0,6.0,1
10,1,3,7,6,0,3,0,76.0,4.0,6,3,0,0.0,3,37.0,23.0,0
11,1,4,7,66,0,6,0,139.0,12.0,6,6,4,0.0,8,52.0,28.0,0
14,3,0,14,136,0,8,0,272.0,17.0,14,8,4,0.0,13,82.0,38.0,1
2,6,0,2,3,0,0,0,10.0,3.0,20,0,0,0.0,3,6.0,3.0,0
4,1,2,2,10,0,3,0,38.0,5.0,0,3,0,0.0,1,15.0,5.0,0
2,2,1,1,1,0,0,0,17.0,2.0,28,0,0,0.0,1,6.0,3.0,0
4,1,1,3,10,0,2,0,46.0,5.0,0,2,1,0.0,4,16.0,11.0,0
17,2,9,10,406,2,6,0,199.0,29.0,3,1,1,0.0,4,126.0,53.0,2
14,3,0,14,136,0,7,0,217.0,17.0,21,7,7,0.0,10,104.0,49.0,0
18,1,2,16,36,0,5,0,176.0,9.0,6,5,7,0.0,2,98.0,35.0,0
17,3,1,16,190,0,7,0,239.0,20.0,21,7,7,0.0,12,123.0,54.0,0
3,1,0,3,10,0,1,0,53.0,5.0,6,1,0,0.0,5,19.0,12.0,0
6,3,3,3,10,3,2,4,22.0,5.0,55,1,0,0.0,5,12.0,7.0,0
23,5,1,22,171,0,4,2,236.0,19.0,72,4,4,0.0,9,128.0,37.0,0
27,1,2,25,153,2,3,0,329.0,18.0,0,1,4,0.0,2,209.0,93.0,1
3,1,1,2,10,0,2,0,38.0,5.0,0,2,1,0.0,4,11.0,8.0,0
10,1,2,8,45,0,2,0,151.0,10.0,0,2,0,0.0,1,80.0,38.0,0
3,2,0,3,1,0,0,0,19.0,2.0,8,0,0,0.0,2,18.0,7.0,0
4,4,1,3,28,0,3,0,54.0,8.0,34,3,0,0.0,6,25.0,11.0,0
2,1,0,2,3,0,2,0,24.0,3.0,6,2,0,0.0,3,10.0,9.0,0
2,2,0,2,21,3,2,0,53.0,7.0,10,2,1,0.0,6,33.0,14.0,0
17,3,14,3,91,0,10,1,103.0,14.0,19,3,2,0.0,12,42.0,32.0,0
2,1,1,1,3,0,1,0,16.0,3.0,0,1,0,0.0,1,7.0,4.0,0
2,3,0,2,3,0,1,5,10.0,3.0,14,1,0,0.0,2,5.0,3.0,0
5,1,1,4,36,0,5,0,140.0,9.0,0,5,3,0.0,4,36.0,14.0,0
3,1,0,3,28,0,1,2,31.0,8.0,9,1,0,0.0,8,24.0,9.0,0
10,1,9,1,10,3,2,0,21.0,5.0,6,2,0,0.0,5,9.0,7.0,0
3,1,1,2,6,0,2,0,21.0,4.0,6,2,0,0.0,4,10.0,7.0,0
5,2,1,4,6,0,1,0,22.0,4.0,28,0,1,0.0,1,13.0,4.0,0
23,1,2,21,210,2,12,0,385.0,21.0,0,0,7,0.0,6,126.0,49.0,0
1,1,1,0,45,0,9,0,85.0,10.0,6,9,2,0.0,2,28.0,15.0,0
10,7,3,7,171,0,5,3,82.0,19.0,92,5,0,0.0,16,41.0,23.0,1
3,1,2,1,0,0,3,0,6.0,1.0,0,0,0,0.0,1,6.0,1.0,0
5,1,5,0,15,0,4,0,20.0,6.0,6,4,0,0.0,2,7.0,7.0,0
4,5,1,3,3,0,0,5,19.0,3.0,89,0,0,0.0,1,12.0,6.0,0
2,2,1,1,6,0,0,5,17.0,4.0,12,0,0,0.0,3,7.0,4.0,0
8,3,1,7,10,0,1,0,59.0,5.0,21,1,1,0.0,1,31.0,15.0,1
37,3,31,6,210,7,6,0,78.0,21.0,23,5,0,0.0,18,47.0,28.0,0
4,1,3,1,3,0,0,0,10.0,3.0,6,0,1,0.0,2,7.0,3.0,0
30,2,6,26,435,0,6,6,343.0,30.0,19,6,11,0.0,18,220.0,88.0,1
4,1,2,2,15,0,1,0,19.0,6.0,6,1,0,0.0,5,10.0,6.0,0
32,5,1,31,703,0,17,2,788.0,38.0,75,17,20,0.0,11,325.0,177.0,0
7,3,0,7,6,0,1,5,50.0,4.0,14,1,0,0.0,3,30.0,11.0,0
11,1,2,9,6,0,5,0,170.0,4.0,6,4,1,0.0,3,90.0,36.0,5
26,2,17,9,253,5,5,1,104.0,23.0,14,1,0,3.0,11,51.0,32.0,0
3,1,1,2,36,0,2,0,40.0,9.0,11,2,0,0.0,8,18.0,13.0,0
32,5,2,31,465,0,2,2,350.0,31.0,72,2,15,0.0,8,195.0,86.0,1
0,1,0,0,10,3,1,0,29.0,5.0,6,1,0,0.0,2,10.0,10.0,0
5,4,1,4,105,0,3,62,71.0,15.0,57,3,0,0.0,10,31.0,21.0,0
11,2,8,3,3,8,0,1,31.0,3.0,69,0,0,0.0,0,17.0,8.0,0
5,3,0,5,6,0,2,0,33.0,4.0,1,2,0,0.0,4,19.0,6.0,0
79,1,69,12,780,2,11,0,376.0,40.0,6,10,7,0.0,22,147.0,87.0,0
4,4,1,3,28,0,2,0,46.0,8.0,34,2,0,0.0,6,24.0,11.0,0
3,5,1,2,21,0,1,110,21.0,7.0,409,1,0,0.0,7,11.0,7.0,0
2,1,0,2,28,0,3,0,56.0,8.0,0,3,1,0.0,4,27.0,10.0,0
2,2,1,1,1,0,0,0,10.0,2.0,29,0,0,0.0,2,4.0,3.0,0
4,1,1,3,1,0,2,0,16.0,2.0,0,2,0,0.0,2,10.0,4.0,0
6,1,2,4,1,0,0,0,38.0,2.0,6,0,0,0.0,2,18.0,11.0,0
5,1,2,3,15,3,1,0,53.0,6.0,0,0,1,0.0,1,28.0,7.0,0
10,3,1,9,91,0,3,0,156.0,14.0,21,3,4,0.0,10,82.0,29.0,0
0,3,0,0,1,0,0,3,6.0,2.0,33,0,0,0.0,1,2.0,2.0,0
2,1,0,2,36,0,4,0,74.0,9.0,0,3,0,0.0,6,28.0,15.0,0
22,3,10,12,595,5,15,0,313.0,35.0,14,13,2,0.0,16,117.0,70.0,0
1,1,1,0,3,3,0,0,3.0,3.0,0,0,0,0.0,0,3.0,1.0,0
22,1,7,15,36,0,0,0,95.0,9.0,0,0,5,0.0,3,61.0,27.0,0
3,3,1,2,1,0,1,0,21.0,2.0,16,1,1,0.0,1,11.0,5.0,0
12,5,1,11,55,0,3,13,81.0,11.0,80,0,1,0.0,8,35.0,13.0,0
5,3,1,4,10,0,3,0,22.0,5.0,32,2,0,0.0,5,12.0,9.0,0
27,4,19,8,36,25,6,7,63.0,9.0,72,0,1,0.0,2,47.0,21.0,0
11,1,5,6,66,3,5,0,98.0,12.0,0,3,1,0.0,9,39.0,22.0,0
1,1,0,1,21,0,0,0,17.0,7.0,6,0,0,0.0,7,9.0,8.0,0
5,1,5,0,15,0,2,0,44.0,6.0,0,1,1,0.0,4,11.0,6.0,0
3,7,1,2,36,0,1,158,28.0,9.0,520,1,0,0.0,9,14.0,9.0,0
1,5,0,1,6,18,1,0,12.0,4.0,16,1,0,0.0,3,6.0,4.0,0
4,2,2,2,10,0,0,0,27.0,5.0,9,0,0,0.0,5,12.0,9.0,0
3,1,1,2,1,0,3,0,20.0,2.0,0,3,0,0.0,2,7.0,4.0,0
9,1,1,8,1,0,0,0,80.0,2.0,7,0,0,0.0,2,38.0,9.0,0
19,1,1,19,210,0,12,0,405.0,21.0,6,12,11,0.0,10,134.0,93.0,2
3,2,1,2,45,0,4,43,52.0,10.0,6,4,0,0.0,10,27.0,12.0,0
2,1,1,1,45,0,13,0,117.0,10.0,6,13,2,0.0,2,30.0,18.0,0
3,1,1,2,6,0,1,0,49.0,4.0,0,0,1,1.0,3,19.0,10.0,0
10,1,7,3,45,7,2,0,37.0,10.0,8,2,0,0.0,8,18.0,13.0,0
9,3,1,8,153,0,1,5,97.0,18.0,31,1,1,0.0,3,70.0,33.0,0
6,1,6,0,15,1,1,0,30.0,6.0,6,1,0,0.0,3,13.0,8.0,0
18,1,1,18,55,0,8,0,230.0,11.0,0,8,10,0.0,0,101.0,56.0,2
6,6,2,4,78,1,2,2,60.0,13.0,73,1,0,0.0,10,42.0,15.0,0
3,1,1,2,15,0,2,0,82.0,6.0,6,2,2,0.0,4,19.0,19.0,0
7,1,3,4,6,0,2,0,39.0,4.0,0,2,0,0.0,4,15.0,6.0,0
1,9,0,1,1,0,2,4,8.0,2.0,175,2,0,0.0,2,4.0,2.0,0
16,1,2,14,171,2,1,0,180.0,19.0,0,0,0,0.0,9,112.0,39.0,1
3,5,1,2,21,0,1,110,21.0,7.0,409,1,0,0.0,7,10.0,7.0,0
3,5,2,1,3,0,1,4,9.0,3.0,64,1,0,0.0,3,5.0,3.0,0
14,4,5,9,325,0,10,33,208.0,26.0,78,10,0,0.0,24,123.0,56.0,0
4,1,0,4,6,0,1,0,28.0,4.0,6,1,1,0.0,3,18.0,8.0,0
1,1,1,0,78,0,2,0,80.0,13.0,0,2,8,0.0,2,32.0,13.0,0
5,6,3,2,66,0,1,158,38.0,12.0,499,1,0,0.0,12,22.0,12.0,0
16,1,3,13,136,0,4,0,132.0,17.0,6,4,7,0.0,10,69.0,38.0,2
7,1,0,7,1,0,3,0,39.0,2.0,6,3,1,0.0,1,18.0,4.0,0
5,2,1,4,15,0,0,1,38.0,6.0,19,0,0,0.0,2,24.0,11.0,0
4,1,0,4,15,0,3,0,79.0,6.0,0,3,1,0.0,3,20.0,6.0,2
22,5,3,19,465,2,7,2,396.0,31.0,73,1,2,0.0,11,181.0,127.0,0
6,1,6,0,15,6,0,0,17.0,6.0,0,0,0,0.0,5,11.0,5.0,0
19,3,1,18,120,0,8,0,226.0,16.0,21,8,8,0.0,7,107.0,33.0,0
10,1,3,7,55,1,1,0,77.0,11.0,0,0,0,0.0,9,45.0,25.0,0
15,6,1,14,66,0,3,13,91.0,12.0,82,0,2,0.0,8,47.0,20.0,0
34,5,2,32,741,0,12,2,595.0,39.0,71,12,19,0.0,13,273.0,122.0,0
3,2,1,2,10,0,1,0,33.0,5.0,4,1,0,0.0,3,12.0,7.0,0
2,1,0,2,0,0,0,0,14.0,1.0,0,0,0,0.0,1,5.0,1.0,0
13,5,0,13,78,0,6,13,114.0,13.0,80,1,1,0.0,9,47.0,17.0,0
3,1,1,2,15,1,1,0,39.0,6.0,0,0,1,0.0,4,19.0,8.0,0
15,3,0,15,435,0,1,1,236.0,30.0,72,1,10,0.0,11,96.0,58.0,0
7,2,1,6,3,0,4,0,23.0,3.0,28,3,0,0.0,1,15.0,3.0,0
6,2,1,5,6,0,3,0,45.0,4.0,28,2,0,0.0,2,18.0,4.0,0
7,1,3,4,21,2,1,0,37.0,7.0,6,0,0,0.0,1,29.0,13.0,1
8,5,6,2,45,0,1,30,38.0,10.0,253,1,0,0.0,10,17.0,13.0,0
13,1,1,12,153,0,8,0,162.0,18.0,3,4,12,0.0,6,73.0,35.0,0
6,1,3,3,15,1,2,0,35.0,6.0,0,2,0,0.0,6,12.0,12.0,0
5,3,1,4,45,0,3,4,106.0,10.0,36,3,1,0.0,9,50.0,34.0,1
7,1,2,5,91,0,0,0,138.0,14.0,0,0,6,0.0,5,60.0,28.0,0
2,1,0,2,3,0,2,0,23.0,3.0,6,2,0,0.0,3,9.0,10.0,1
10,4,3,7,66,0,1,14,47.0,12.0,178,1,0,0.0,12,34.0,16.0,1
4,8,2,2,6,0,1,4,11.0,4.0,160,1,0,0.0,4,7.0,3.0,0
1,1,0,1,0,0,0,0,15.0,1.0,6,0,0,0.0,1,4.0,2.0,0
1,1,1,0,36,0,2,0,24.0,9.0,12,2,0,0.0,9,11.0,12.0,0
12,2,1,11,91,0,15,11,270.0,14.0,13,14,8,0.0,4,87.0,37.0,1
6,1,4,2,0,0,0,0,19.0,1.0,6,0,0,0.0,1,6.0,2.0,0
12,1,3,12,136,0,10,0,236.0,17.0,3,10,6,0.0,9,98.0,42.0,1
6,1,0,6,21,0,0,0,145.0,7.0,6,0,5,0.0,2,58.0,36.0,0
27,4,26,1,15,4,0,1,31.0,6.0,31,0,0,0.0,2,10.0,6.0,0
23,1,2,21,45,0,4,0,195.0,10.0,0,4,8,0.0,1,96.0,42.0,0
8,4,1,7,15,0,6,2,107.0,6.0,47,6,0,0.0,6,33.0,17.0,0
13,6,9,4,10,0,1,6,20.0,5.0,78,1,0,0.0,4,13.0,6.0,0
5,1,1,4,3,0,2,0,24.0,3.0,0,2,1,0.0,2,11.0,3.0,0
14,8,2,12,55,2,4,4,70.0,11.0,183,4,0,0.0,10,39.0,29.0,0
4,2,1,3,6,0,1,1,27.0,4.0,14,1,0,0.0,1,12.0,4.0,0
17,1,3,15,91,0,6,0,106.0,14.0,0,6,1,0.0,3,57.0,25.0,0
18,5,14,5,21,0,2,1,35.0,7.0,37,2,1,0.0,4,21.0,11.0,0
22,1,11,13,190,0,11,0,220.0,20.0,6,7,5,0.0,15,95.0,46.0,0
2,1,1,1,1,0,2,0,32.0,2.0,6,2,0,0.0,2,15.0,9.0,0
5,1,1,4,1,1,0,0,26.0,2.0,6,0,0,0.0,2,14.0,8.0,0
3,3,1,2,1,0,1,0,21.0,2.0,16,1,1,0.0,1,11.0,5.0,0
10,2,1,10,36,0,3,2,102.0,9.0,47,2,0,0.0,4,52.0,26.0,0
4,3,1,3,3,0,1,5,13.0,3.0,14,1,0,0.0,2,8.0,4.0,0
8,4,7,1,21,1,0,1,34.0,7.0,31,0,0,0.0,2,13.0,7.0,0
4,4,0,4,78,0,1,29,75.0,13.0,183,1,0,0.0,13,42.0,28.0,0
14,1,1,14,120,0,13,0,280.0,16.0,6,13,10,0.0,3,132.0,50.0,1
18,4,7,11,325,2,9,17,222.0,26.0,122,9,0,0.0,20,133.0,70.0,0
12,1,2,10,105,0,6,0,156.0,15.0,0,6,7,0.0,2,69.0,29.0,0
16,1,1,15,703,0,31,0,638.0,38.0,0,28,22,1.0,8,208.0,98.0,0
20,3,1,19,91,0,4,0,130.0,14.0,21,4,6,0.0,7,76.0,22.0,0
7,2,2,6,21,0,6,0,45.0,7.0,8,5,2,0.0,5,28.0,12.0,0
2,1,1,1,6,0,0,0,16.0,4.0,6,0,0,0.0,4,6.0,5.0,0
8,4,1,7,15,0,1,3,50.0,6.0,51,0,0,0.0,3,30.0,10.0,0
2,2,0,2,1,0,0,0,24.0,2.0,2,0,0,0.0,2,12.0,5.0,0
4,1,4,0,1,0,2,0,20.0,2.0,6,2,0,0.0,2,5.0,5.0,0
7,4,1,6,45,0,3,0,75.0,10.0,32,3,3,0.0,7,34.0,14.0,0
75,1,52,25,325,0,5,0,379.0,26.0,6,1,4,0.0,22,227.0,125.0,4
6,1,0,6,1,0,0,0,9.0,2.0,0,0,0,0.0,2,12.0,2.0,1
5,1,3,2,10,2,1,0,42.0,5.0,0,0,1,0.0,2,13.0,8.0,0
2,6,0,2,3,0,0,0,10.0,3.0,20,0,0,0.0,3,6.0,3.0,0
6,1,1,5,45,0,8,0,59.0,10.0,6,1,0,0.0,9,26.0,25.0,0
6,2,6,0,78,1,6,0,37.0,13.0,57,6,0,0.0,13,17.0,13.0,0
5,2,1,4,1,0,0,2,15.0,2.0,4,0,0,0.0,2,10.0,3.0,0
0,1,0,0,3,0,0,0,11.0,3.0,0,0,0,0.0,1,5.0,3.0,0
52,1,29,23,378,1,8,0,384.0,28.0,20,1,7,0.0,10,175.0,99.0,0
13,6,12,2,15,0,3,5,30.0,6.0,75,3,0,0.0,3,11.0,8.0,0
3,4,1,2,10,0,3,2,60.0,5.0,47,3,0,0.0,5,24.0,7.0,0
14,3,5,9,325,4,4,0,98.0,26.0,14,4,1,0.0,14,76.0,23.0,0
3,1,3,0,0,0,0,0,4.0,1.0,0,0,0,0.0,1,2.0,1.0,0
4,3,0,4,21,0,1,3,28.0,7.0,33,1,0,0.0,6,16.0,9.0,0
14,3,1,13,15,0,1,13,71.0,6.0,18,1,1,0.0,1,43.0,12.0,2
5,2,3,4,210,0,11,0,147.0,21.0,3,11,4,0.0,3,73.0,28.0,3
6,6,3,3,36,0,2,3,32.0,9.0,81,2,0,0.0,7,16.0,12.0,0
3,4,1,2,21,0,0,0,23.0,7.0,70,0,0,0.0,6,9.0,7.0,0
18,2,1,17,55,0,2,0,130.0,11.0,29,1,3,0.0,6,65.0,33.0,0
8,1,1,8,66,0,6,0,122.0,12.0,0,6,2,0.0,10,52.0,18.0,0
6,1,1,5,0,0,0,0,15.0,1.0,6,0,0,0.0,1,8.0,5.0,1
16,1,5,11,36,0,1,0,95.0,9.0,0,1,6,0.0,3,54.0,31.0,0
9,1,2,7,10,0,3,0,77.0,5.0,6,0,3,3.0,2,47.0,23.0,0
10,5,2,8,21,0,10,0,239.0,7.0,34,10,1,0.0,6,47.0,16.0,0
9,1,5,4,15,0,0,0,173.0,6.0,6,0,2,0.0,4,64.0,39.0,0
29,5,2,27,171,0,1,2,259.0,19.0,72,1,4,0.0,7,135.0,49.0,0
2,6,0,2,1,0,0,0,7.0,2.0,20,0,0,0.0,2,5.0,2.0,0
5,7,5,0,10,0,0,5,14.0,5.0,157,0,0,0.0,5,6.0,5.0,0
2,1,1,1,1,0,1,0,6.0,2.0,7,1,0,0.0,2,3.0,2.0,0
5,1,1,4,1,0,0,0,17.0,2.0,0,0,0,0.0,2,11.0,3.0,0
10,3,1,9,36,0,2,1,62.0,9.0,36,1,0,1.0,9,54.0,21.0,0
1,2,1,0,1,0,0,0,6.0,2.0,10,0,0,0.0,1,2.0,2.0,0
5,1,1,5,21,0,5,0,102.0,7.0,0,5,3,0.0,4,39.0,19.0,0
14,1,0,14,45,0,0,0,134.0,10.0,0,0,9,0.0,0,80.0,30.0,1
5,2,0,5,1,0,1,6,27.0,2.0,10,0,0,0.0,1,20.0,5.0,0
4,1,1,3,15,0,1,0,47.0,6.0,0,1,0,0.0,2,21.0,11.0,0
2,2,2,0,1,0,1,1,22.0,2.0,10,1,0,0.0,2,8.0,5.0,0
22,3,3,19,406,2,13,0,272.0,29.0,21,12,11,0.0,7,179.0,50.0,0
11,6,3,8,45,0,1,28,75.0,10.0,158,1,2,0.0,8,47.0,21.0,0
0,1,0,0,0,0,5,0,3.0,1.0,6,1,0,0.0,1,1.0,1.0,0
14,2,3,11,28,0,2,1,77.0,8.0,14,2,3,0.0,4,54.0,24.0,0
4,3,2,2,15,0,3,11,49.0,6.0,29,2,1,0.0,5,14.0,16.0,0
17,5,1,16,105,0,2,13,146.0,15.0,80,2,2,0.0,10,82.0,30.0,0
3,1,0,3,1,0,0,0,19.0,2.0,6,0,0,0.0,2,12.0,6.0,0
4,1,3,1,6,0,3,0,75.0,4.0,0,2,0,0.0,3,20.0,13.0,0
5,2,1,4,6,0,1,0,42.0,4.0,5,1,1,0.0,1,15.0,6.0,0
6,1,3,3,21,0,2,0,91.0,7.0,0,2,0,0.0,4,26.0,12.0,2
22,1,6,16,136,0,4,0,253.0,17.0,6,4,9,0.0,7,140.0,78.0,0
4,1,1,3,66,2,6,0,152.0,12.0,6,5,4,0.0,5,47.0,13.0,1
2,3,0,2,6,0,1,5,13.0,4.0,14,1,0,0.0,3,6.0,4.0,0
1,1,0,1,3,0,1,0,38.0,3.0,0,1,0,0.0,1,9.0,4.0,1
8,2,6,2,36,0,3,1,76.0,9.0,36,3,1,0.0,2,33.0,16.0,0
6,3,2,4,28,0,5,0,58.0,8.0,23,5,0,0.0,8,27.0,15.0,0
1,1,0,1,0,0,0,0,16.0,1.0,0,0,0,0.0,1,4.0,5.0,0
2,3,1,1,28,0,0,0,35.0,8.0,11,0,0,0.0,8,12.0,13.0,0
2,3,1,1,1,0,1,0,16.0,2.0,16,1,1,0.0,1,9.0,4.0,0
9,1,1,8,120,0,1,0,110.0,16.0,0,0,4,1.0,9,68.0,33.0,0
16,5,7,10,21,0,1,6,73.0,7.0,71,1,1,0.0,5,41.0,21.0,0
2,2,1,1,6,0,2,0,29.0,4.0,9,2,0,0.0,2,14.0,8.0,0
4,1,1,3,1,0,0,0,34.0,2.0,7,0,0,0.0,2,13.0,4.0,0
19,5,3,17,91,0,4,12,161.0,14.0,112,3,1,0.0,11,101.0,52.0,0
5,1,4,1,6,0,8,0,13.0,4.0,6,0,0,8.0,4,7.0,5.0,0
6,1,0,6,3,0,4,0,100.0,3.0,6,4,1,0.0,1,29.0,16.0,0
151,1,133,26,2775,2,10,0,624.0,75.0,4,9,10,0.0,39,315.0,167.0,0
7,1,1,6,36,0,4,0,108.0,9.0,6,4,3,0.0,6,67.0,24.0,0
8,2,1,7,3,0,1,0,41.0,3.0,6,1,1,0.0,1,24.0,10.0,0
1,2,1,0,10,0,0,5,25.0,5.0,12,0,0,0.0,4,6.0,7.0,0
21,5,18,3,153,6,5,1,93.0,18.0,37,5,1,0.0,9,48.0,23.0,0
19,3,1,18,91,0,3,0,142.0,14.0,21,3,6,0.0,7,79.0,19.0,0
5,1,2,3,15,0,2,0,126.0,6.0,6,0,1,0.0,5,17.0,9.0,0
1,5,1,0,1,0,0,2,5.0,2.0,55,0,0,0.0,1,2.0,2.0,0
0,3,0,0,0,0,0,2,3.0,1.0,11,0,0,0.0,1,1.0,1.0,0
4,1,1,3,0,0,0,0,12.0,1.0,6,0,0,0.0,1,4.0,4.0,0
26,3,1,25,231,0,10,0,460.0,22.0,21,10,11,0.0,10,183.0,71.0,0
9,3,1,8,15,0,2,14,51.0,6.0,17,2,2,0.0,4,35.0,17.0,0
2,1,1,1,1,0,0,0,6.0,2.0,0,0,0,0.0,1,3.0,2.0,0
1,2,1,0,10,1,6,0,76.0,5.0,4,3,0,0.0,3,12.0,7.0,0
7,2,1,6,28,0,5,0,68.0,8.0,8,5,0,0.0,6,21.0,16.0,0
19,1,8,11,171,2,6,0,84.0,19.0,7,0,0,0.0,10,47.0,32.0,0
7,2,0,7,15,2,1,7,53.0,6.0,32,0,2,0.0,2,37.0,10.0,2
16,1,2,14,190,0,7,0,198.0,20.0,0,7,10,0.0,10,97.0,45.0,1
13,1,3,10,300,0,15,14,233.0,25.0,0,1,3,1.0,22,100.0,73.0,0
7,1,1,6,3,0,1,0,36.0,3.0,0,1,1,0.0,2,19.0,6.0,0
2,2,2,0,0,11,0,0,0.0,1.0,9,0,0,0.0,1,1.0,0.0,0
13,3,1,12,36,0,2,0,62.0,9.0,37,1,3,0.0,2,53.0,16.0,1
7,3,0,7,136,0,5,0,152.0,17.0,21,5,7,0.0,10,72.0,35.0,0
1,1,1,0,10,1,3,0,23.0,5.0,0,3,0,0.0,4,7.0,5.0,0
1,2,0,1,10,0,5,0,42.0,5.0,25,5,0,0.0,5,11.0,12.0,0
12,1,3,10,153,0,7,0,210.0,18.0,6,7,10,0.0,7,103.0,59.0,0
15,2,2,13,253,0,5,9,338.0,23.0,35,5,10,0.0,2,150.0,87.0,0
7,4,2,5,91,2,2,62,50.0,14.0,55,2,0,0.0,8,24.0,15.0,0
12,5,2,10,253,0,15,0,274.0,23.0,34,15,14,0.0,9,122.0,39.0,0
6,2,1,5,1,0,1,0,27.0,2.0,3,1,0,0.0,1,21.0,7.0,0
9,3,1,8,21,0,1,1,59.0,7.0,41,0,0,0.0,3,34.0,12.0,0
5,4,1,4,1,0,0,4,25.0,2.0,16,0,0,0.0,2,13.0,8.0,0
8,3,1,7,36,0,0,5,51.0,9.0,31,0,1,0.0,2,33.0,21.0,0
6,2,1,5,1,0,0,0,39.0,2.0,11,0,0,0.0,1,24.0,13.0,0
15,1,5,11,210,0,10,0,282.0,21.0,6,10,11,0.0,9,130.0,53.0,5
6,2,3,3,21,0,9,1,54.0,7.0,36,9,0,0.0,5,21.0,19.0,0
6,3,1,5,45,0,4,12,76.0,10.0,56,4,0,0.0,9,36.0,24.0,0
4,1,1,3,3,0,2,0,21.0,3.0,0,2,0,0.0,3,11.0,3.0,0
19,5,3,18,153,0,7,13,228.0,18.0,115,3,1,0.0,13,150.0,68.0,2
5,1,4,1,10,0,233,0,33.0,5.0,6,9,3,0.0,2,15.0,6.0,1
15,4,1,14,231,0,9,1,315.0,22.0,39,9,12,0.0,4,153.0,53.0,0
9,2,1,8,55,0,3,0,119.0,11.0,18,2,4,0.0,5,69.0,36.0,0
24,3,20,4,153,2,7,0,58.0,18.0,37,3,0,0.0,16,27.0,18.0,0
4,1,1,3,66,0,4,0,75.0,12.0,6,4,2,0.0,10,32.0,24.0,0
4,1,3,1,3,0,1,0,21.0,3.0,6,1,0,0.0,2,11.0,5.0,0
12,4,5,7,55,0,4,13,154.0,11.0,42,3,0,0.0,11,78.0,42.0,0
8,2,2,6,10,0,4,0,30.0,5.0,28,2,1,0.0,2,19.0,8.0,0
3,6,1,2,28,0,1,110,27.0,8.0,411,1,0,0.0,8,13.0,8.0,0
4,1,3,1,21,3,2,0,28.0,7.0,0,0,0,0.0,3,24.0,9.0,0
2,6,0,2,3,0,0,0,10.0,3.0,20,0,0,0.0,3,6.0,3.0,0
12,6,4,8,120,0,4,3,106.0,16.0,86,4,0,0.0,14,49.0,25.0,1
2,1,1,1,45,2,6,0,57.0,10.0,0,0,0,0.0,9,21.0,12.0,0
2,2,2,0,21,0,3,0,18.0,7.0,57,3,0,0.0,7,7.0,6.0,0
4,1,1,3,21,0,4,0,96.0,7.0,6,4,0,0.0,3,22.0,10.0,1
15,3,7,8,210,5,5,30,68.0,21.0,17,3,2,0.0,12,49.0,17.0,0
14,1,1,13,15,0,8,0,180.0,6.0,6,7,4,0.0,2,90.0,57.0,0
2,1,0,2,0,0,2,0,28.0,1.0,6,2,0,0.0,1,19.0,9.0,0
5,1,0,5,3,2,0,0,66.0,3.0,0,0,1,0.0,2,25.0,14.0,0
3,1,0,3,0,0,0,0,12.0,1.0,0,0,0,0.0,1,9.0,2.0,0
13,5,1,12,91,0,2,13,108.0,14.0,80,0,4,0.0,9,67.0,19.0,0
8,1,2,7,36,0,4,0,71.0,9.0,11,4,1,0.0,8,42.0,23.0,0
10,3,1,9,21,0,4,0,73.0,7.0,1,4,2,0.0,5,35.0,12.0,0
5,1,2,3,1,0,0,0,29.0,2.0,6,0,0,0.0,2,18.0,6.0,1
2,1,1,1,3,0,1,0,18.0,3.0,0,1,0,0.0,1,7.0,7.0,1
95,1,95,0,66,0,43,0,212.0,12.0,6,0,1,0.0,11,23.0,16.0,0
7,5,5,2,45,0,1,30,30.0,10.0,253,1,0,0.0,10,15.0,11.0,0
5,3,2,3,1,0,2,8,7.0,2.0,39,2,0,0.0,2,5.0,2.0,0
3,9,1,2,3,0,1,4,11.0,3.0,228,1,0,0.0,3,6.0,3.0,0
4,1,3,1,0,0,0,0,10.0,1.0,6,0,0,0.0,1,7.0,3.0,0
12,1,5,7,105,2,11,0,113.0,15.0,0,0,2,0.0,6,51.0,26.0,1
5,3,2,3,45,0,3,8,48.0,10.0,55,3,0,0.0,9,30.0,16.0,0
9,1,6,3,55,1,5,0,50.0,11.0,0,5,1,0.0,10,25.0,20.0,0
14,1,2,12,55,0,2,0,164.0,11.0,6,1,1,1.0,7,65.0,52.0,0
5,1,4,1,10,0,53,0,30.0,5.0,6,5,3,0.0,2,16.0,6.0,0
3,4,1,2,1,0,0,0,34.0,2.0,18,0,0,0.0,2,18.0,8.0,0
18,4,1,17,190,0,2,5,89.0,20.0,78,2,1,0.0,10,57.0,25.0,0
7,1,1,6,45,0,2,0,67.0,10.0,6,2,4,0.0,6,26.0,16.0,0
1,5,1,0,1,2,0,13,6.0,2.0,80,0,0,0.0,2,2.0,2.0,0
25,3,16,10,406,6,4,11,145.0,29.0,133,4,1,0.0,24,78.0,50.0,0
4,3,1,3,10,0,2,1,18.0,5.0,32,2,0,0.0,5,10.0,6.0,0
35,3,27,8,153,1,1,7,113.0,18.0,55,1,1,0.0,12,65.0,37.0,0
34,1,27,7,66,0,1,0,283.0,12.0,6,0,7,0.0,5,87.0,57.0,0
13,5,0,13,378,0,13,13,214.0,28.0,80,13,11,0.0,12,93.0,45.0,0
8,3,2,7,10,0,0,4,30.0,5.0,21,0,0,0.0,2,15.0,10.0,0
2,1,1,1,15,0,2,0,43.0,6.0,0,2,1,0.0,5,13.0,13.0,0
3,6,0,3,3,0,0,0,10.0,3.0,20,0,0,0.0,3,7.0,3.0,0
4,3,2,2,1,0,0,1,16.0,2.0,5,0,0,0.0,1,4.0,2.0,0
1,1,1,0,10,0,2,0,26.0,5.0,0,0,0,2.0,4,11.0,9.0,0
11,3,1,10,210,0,2,3,411.0,21.0,10,2,9,0.0,4,226.0,105.0,0
6,1,1,5,15,0,1,0,45.0,6.0,0,1,0,0.0,2,17.0,10.0,0
15,3,2,13,120,0,7,0,215.0,16.0,21,6,8,0.0,7,101.0,46.0,0
6,1,2,4,28,0,2,0,36.0,8.0,0,2,0,0.0,8,25.0,11.0,0
14,1,2,13,91,0,2,0,147.0,14.0,6,2,9,0.0,5,93.0,50.0,0
4,1,2,2,36,2,0,0,65.0,9.0,6,0,2,0.0,0,34.0,14.0,0
1,1,0,1,1,0,1,0,15.0,2.0,0,1,0,0.0,2,7.0,6.0,0
15,2,2,14,28,0,2,0,95.0,8.0,29,1,1,0.0,5,48.0,21.0,0
2,6,0,2,3,0,0,0,10.0,3.0,20,0,0,0.0,3,6.0,3.0,0
5,3,1,5,10,0,0,11,84.0,5.0,23,0,0,0.0,2,26.0,16.0,1
7,2,0,7,3,0,2,0,38.0,3.0,3,2,1,0.0,1,31.0,12.0,0
17,3,1,16,21,0,2,13,84.0,7.0,18,2,1,0.0,2,54.0,15.0,2
2,1,1,1,3,1,1,0,15.0,3.0,0,0,0,0.0,3,7.0,5.0,0
19,1,15,4,66,0,8,0,138.0,12.0,6,0,0,0.0,11,59.0,35.0,0
15,1,11,4,15,0,4,0,62.0,6.0,0,3,0,0.0,2,21.0,10.0,0
5,1,5,0,15,0,5,4,22.0,6.0,11,5,0,0.0,6,6.0,9.0,0
2,1,0,2,36,0,4,0,75.0,9.0,0,4,2,0.0,4,38.0,13.0,0
2,1,0,2,0,0,0,0,9.0,1.0,0,0,0,0.0,1,4.0,1.0,0
6,1,0,6,28,0,3,11,70.0,8.0,0,3,2,0.0,4,32.0,8.0,1
14,4,8,6,6,2,3,1,41.0,4.0,63,2,0,0.0,4,28.0,10.0,0
3,3,2,1,3,2,1,0,47.0,3.0,16,1,1,0.0,1,20.0,16.0,0
3,1,0,3,1,0,0,0,46.0,2.0,6,0,1,0.0,1,14.0,6.0,0
15,1,11,4,15,0,2,0,43.0,6.0,0,2,0,0.0,6,18.0,6.0,0
3,1,2,1,21,0,4,0,27.0,7.0,6,4,0,0.0,7,8.0,8.0,0
3,3,1,2,6,0,1,5,16.0,4.0,14,0,0,1.0,3,9.0,5.0,0
3,3,1,2,3,0,0,7,20.0,3.0,14,0,0,0.0,2,8.0,6.0,0
7,2,1,6,6,0,1,0,24.0,4.0,28,0,1,0.0,1,15.0,4.0,0
7,3,1,6,3,0,0,4,37.0,3.0,21,0,0,0.0,1,19.0,19.0,0
16,1,16,0,120,2,1,0,92.0,16.0,6,0,0,0.0,16,47.0,32.0,1
6,4,1,5,15,0,2,1,72.0,6.0,34,2,1,0.0,2,30.0,16.0,0
12,1,2,10,36,1,3,0,97.0,9.0,6,3,3,0.0,1,68.0,32.0,0
28,1,11,17,120,0,0,0,280.0,16.0,6,0,3,0.0,13,156.0,75.0,5
11,1,0,11,55,0,5,0,115.0,11.0,0,5,4,0.0,7,60.0,28.0,1
4,3,1,3,10,0,2,0,19.0,5.0,32,2,0,0.0,5,12.0,7.0,1
12,1,1,11,105,0,5,0,152.0,15.0,0,0,11,0.0,3,65.0,35.0,0
11,4,1,10,55,0,3,0,95.0,11.0,34,3,1,0.0,6,56.0,16.0,0
11,1,2,10,153,0,20,0,296.0,18.0,0,11,6,0.0,7,94.0,41.0,2
48,1,27,23,528,0,6,0,504.0,33.0,7,6,12,0.0,21,274.0,142.0,3
4,3,1,3,3,0,0,7,13.0,3.0,14,0,0,0.0,2,8.0,3.0,0
20,1,2,19,171,0,27,0,378.0,19.0,0,23,14,0.0,4,135.0,57.0,0
23,3,1,22,276,0,7,0,325.0,24.0,23,7,13,0.0,10,174.0,42.0,2
2,1,2,0,10,2,3,0,16.0,5.0,15,3,0,0.0,5,5.0,5.0,0
0,1,0,0,3,0,1,0,12.0,3.0,6,1,0,0.0,3,7.0,3.0,0
4,5,3,1,3,0,1,4,9.0,3.0,64,1,0,0.0,3,5.0,3.0,0
10,1,2,8,300,0,20,0,230.0,25.0,6,20,1,0.0,24,77.0,55.0,1
26,5,17,9,78,0,4,2,62.0,13.0,72,4,0,0.0,12,35.0,14.0,1
4,2,1,3,28,0,7,1,63.0,8.0,36,7,0,0.0,6,26.0,22.0,0
11,2,1,10,465,0,15,6,514.0,31.0,14,15,24,0.0,5,195.0,76.0,2
4,2,1,3,10,0,2,4,38.0,5.0,15,1,0,1.0,2,17.0,9.0,0
0,1,0,0,6,6,2,0,13.0,4.0,6,1,0,0.0,4,4.0,4.0,0
8,1,7,3,231,0,14,0,115.0,22.0,6,10,1,0.0,13,45.0,29.0,0
1,1,1,1,3,0,0,0,6.0,3.0,0,0,0,0.0,2,5.0,2.0,0
19,3,2,17,210,0,1,1,152.0,21.0,72,1,1,0.0,9,67.0,35.0,0
9,3,1,8,3,0,1,5,22.0,3.0,14,1,0,0.0,2,17.0,6.0,0
2,2,1,1,15,0,2,0,42.0,6.0,18,1,1,0.0,5,17.0,11.0,0
3,2,1,2,3,0,4,1,62.0,3.0,6,4,1,0.0,2,23.0,17.0,0
2,1,1,1,10,0,4,0,35.0,5.0,6,4,0,0.0,5,16.0,11.0,0
17,3,1,16,820,0,12,2,338.0,41.0,63,12,5,0.0,36,229.0,124.0,0
3,2,2,1,3,1,1,1,14.0,3.0,11,1,0,0.0,3,6.0,4.0,0
12,2,5,7,231,0,10,1,220.0,22.0,11,9,3,0.0,14,87.0,62.0,0
11,2,1,11,66,0,3,0,163.0,12.0,28,2,5,0.0,5,79.0,12.0,0
7,2,0,7,15,0,0,0,37.0,6.0,7,0,0,0.0,2,27.0,7.0,0
0,2,0,0,0,0,0,3,3.0,1.0,20,0,0,0.0,1,1.0,1.0,0
29,2,2,28,595,0,27,0,588.0,35.0,18,14,23,0.0,8,234.0,177.0,0
10,1,3,7,66,0,2,2,70.0,12.0,9,2,3,0.0,9,47.0,17.0,0
1,3,1,0,1,0,0,1,6.0,2.0,13,0,0,0.0,1,3.0,2.0,0
8,1,6,3,55,0,8,0,81.0,11.0,6,1,2,0.0,9,42.0,25.0,0
0,1,0,0,0,0,235,0,0.0,0.0,0,1,0,234.0,0,0.0,0.0,0
2,1,1,1,1,0,1,0,8.0,2.0,0,0,0,1.0,1,4.0,2.0,0
7,3,1,6,3,0,0,4,23.0,3.0,21,0,0,0.0,1,10.0,8.0,0
5,1,4,1,10,3,2,0,27.0,5.0,0,0,0,0.0,4,11.0,7.0,0
14,1,3,11,10,0,0,0,90.0,5.0,6,0,3,0.0,2,53.0,25.0,1
4,1,1,3,10,0,6,0,84.0,5.0,0,6,1,0.0,1,25.0,8.0,0
21,2,1,20,36,0,5,12,115.0,9.0,11,5,2,0.0,3,86.0,29.0,3
1,2,0,1,3,0,0,0,9.0,3.0,6,0,0,0.0,3,5.0,3.0,0
145,1,137,10,465,28,3,0,358.0,31.0,0,3,3,0.0,20,124.0,97.0,0
46,1,3,43,231,1,6,0,440.0,22.0,0,6,11,0.0,2,258.0,115.0,2
6,2,1,5,21,2,7,0,40.0,7.0,8,1,0,0.0,5,21.0,11.0,0
5,4,1,4,55,10,1,62,30.0,11.0,312,1,0,0.0,10,18.0,9.0,0
3,1,1,2,28,0,1,0,29.0,8.0,0,1,0,0.0,8,18.0,9.0,0
2,2,1,1,1,0,0,0,7.0,2.0,29,0,0,0.0,2,4.0,3.0,0
41,3,28,13,528,3,3,14,381.0,33.0,195,3,1,0.0,27,139.0,96.0,0
8,3,1,7,3,0,0,6,27.0,3.0,17,0,0,0.0,2,15.0,8.0,0
10,3,0,10,91,0,3,0,125.0,14.0,21,2,2,0.0,11,63.0,32.0,0
2,1,1,1,15,0,2,0,54.0,6.0,0,2,1,0.0,2,23.0,10.0,0
2,1,2,0,3,0,3,0,11.0,3.0,12,3,0,0.0,3,3.0,3.0,0
3,5,2,1,21,0,1,30,22.0,7.0,253,1,0,0.0,7,8.0,7.0,0
5,2,2,3,21,0,10,0,110.0,7.0,4,7,1,0.0,2,28.0,16.0,2
7,4,1,6,10,0,7,2,92.0,5.0,47,7,0,0.0,5,31.0,10.0,0
15,1,4,12,21,0,2,0,98.0,7.0,6,1,4,0.0,3,67.0,29.0,0
11,1,1,10,6,0,20,0,216.0,4.0,0,20,0,0.0,4,51.0,57.0,0
10,2,2,8,3,0,2,0,30.0,3.0,11,2,1,0.0,2,20.0,10.0,0
25,1,1,24,45,0,4,0,128.0,10.0,6,4,6,0.0,3,74.0,46.0,0
18,1,17,1,21,9,2,0,25.0,7.0,0,2,0,0.0,4,14.0,6.0,0
12,4,1,11,55,0,1,3,106.0,11.0,51,0,2,0.0,3,52.0,20.0,0
33,3,25,8,465,2,4,0,150.0,31.0,32,3,0,0.0,14,61.0,39.0,0
10,1,1,9,55,0,8,0,145.0,11.0,6,8,7,0.0,4,61.0,29.0,0
2,3,1,1,1,0,0,0,6.0,2.0,14,0,0,0.0,2,3.0,2.0,0
10,3,1,9,45,0,3,0,109.0,10.0,21,3,0,0.0,10,50.0,18.0,0
9,1,1,9,45,0,2,0,151.0,10.0,0,2,4,0.0,5,72.0,44.0,1
1,1,0,1,0,0,0,0,3.0,1.0,6,0,0,0.0,1,2.0,1.0,0
5,8,3,2,3,0,1,4,8.0,3.0,160,1,0,0.0,3,6.0,2.0,0
21,4,19,2,55,2,1,0,63.0,11.0,5,1,0,0.0,10,36.0,16.0,0
5,2,1,4,1,0,0,1,20.0,2.0,3,0,0,0.0,2,10.0,5.0,0
2,6,0,2,1,0,0,0,7.0,2.0,20,0,0,0.0,2,5.0,2.0,0
1,1,1,0,15,0,2,0,15.0,6.0,6,2,0,0.0,5,6.0,5.0,0
2,1,1,1,28,0,6,0,44.0,8.0,11,6,0,0.0,8,18.0,11.0,0
2,1,1,2,1,0,0,0,10.0,2.0,6,0,0,0.0,2,4.0,4.0,0
4,1,1,3,21,0,5,0,55.0,7.0,0,5,0,0.0,3,19.0,8.0,0
1,1,1,0,78,0,4,0,57.0,13.0,6,3,0,1.0,13,36.0,18.0,1
22,5,1,21,231,0,4,2,197.0,22.0,72,4,6,0.0,5,128.0,45.0,0
7,2,1,6,21,0,0,0,87.0,7.0,29,0,3,0.0,2,35.0,23.0,0
84,2,81,4,91,39,1,0,50.0,14.0,7,1,0,0.0,12,29.0,17.0,0
3,1,0,3,10,0,1,0,27.0,5.0,0,0,1,0.0,3,15.0,5.0,0
6,3,1,5,28,0,0,1,45.0,8.0,30,0,0,0.0,1,37.0,17.0,0
6,1,1,5,15,0,1,0,27.0,6.0,0,1,0,0.0,2,16.0,10.0,0
3,2,1,2,3,0,0,5,9.0,3.0,21,0,0,0.0,3,5.0,3.0,0
2,1,1,1,0,0,0,0,10.0,1.0,6,0,0,0.0,1,9.0,5.0,0
0,1,0,0,10,0,2,0,22.0,5.0,0,2,0,0.0,3,9.0,5.0,0
11,1,2,9,28,0,2,0,124.0,8.0,0,2,5,0.0,3,50.0,23.0,0
8,1,1,7,28,0,1,0,24.0,8.0,13,1,0,0.0,8,15.0,8.0,0
0,3,0,0,1,0,0,3,6.0,2.0,33,0,0,0.0,2,2.0,2.0,0
14,2,4,10,120,2,1,0,155.0,16.0,18,0,4,0.0,5,81.0,47.0,0
6,1,0,6,45,0,3,0,40.0,10.0,6,3,0,0.0,10,20.0,14.0,0
6,1,1,5,28,0,3,0,40.0,8.0,0,0,1,3.0,6,25.0,10.0,1
3,1,1,2,15,0,4,0,52.0,6.0,0,4,0,0.0,2,19.0,10.0,0
1,2,1,0,1,0,1,1,8.0,2.0,10,1,0,0.0,2,4.0,3.0,0
4,3,0,4,36,0,4,0,88.0,9.0,23,4,4,0.0,5,41.0,20.0,0
6,1,5,1,15,3,2,0,26.0,6.0,0,2,0,0.0,5,15.0,7.0,0
13,5,1,12,153,0,2,13,240.0,18.0,80,0,7,0.0,9,108.0,26.0,0
25,2,19,6,45,6,4,2,46.0,10.0,12,3,0,0.0,10,21.0,12.0,0
5,2,1,4,1,0,0,2,14.0,2.0,4,0,0,0.0,2,10.0,3.0,0
6,1,0,6,28,0,4,0,110.0,8.0,0,4,6,0.0,2,40.0,17.0,0
0,1,0,0,6,1,0,0,12.0,4.0,10,0,0,0.0,4,4.0,4.0,0
2,2,1,1,1,0,0,1,7.0,2.0,5,0,0,0.0,2,5.0,2.0,0
4,9,2,2,3,0,1,4,11.0,3.0,228,1,0,0.0,3,6.0,3.0,0
9,2,2,7,36,0,2,0,44.0,9.0,31,2,0,0.0,8,34.0,15.0,0
4,1,1,3,10,1,1,0,37.0,5.0,0,0,1,0.0,4,13.0,6.0,0
7,1,1,6,15,0,8,0,50.0,6.0,0,8,0,0.0,6,30.0,10.0,1
13,1,1,12,6,0,0,0,63.0,4.0,6,0,3,0.0,1,45.0,13.0,0
44,5,3,42,1540,0,15,2,1087.0,56.0,71,15,29,0.0,15,440.0,257.0,1
16,3,8,8,666,0,11,6,189.0,37.0,34,8,0,0.0,35,81.0,69.0,0
5,1,3,2,36,0,2,0,84.0,9.0,6,0,1,1.0,4,36.0,33.0,0
6,1,3,3,28,3,1,0,72.0,8.0,0,1,2,0.0,3,26.0,16.0,0
10,1,3,7,3,0,0,0,35.0,3.0,0,0,0,0.0,3,17.0,10.0,0
3,1,1,2,10,0,4,0,66.0,5.0,0,4,1,0.0,4,14.0,12.0,0
8,3,2,7,10,0,0,4,41.0,5.0,21,0,0,0.0,2,20.0,14.0,0
2,5,1,1,3,0,1,92,10.0,3.0,88,1,0,0.0,3,4.0,3.0,0
1,2,1,0,3,0,1,0,15.0,3.0,4,1,0,0.0,2,5.0,3.0,0
8,1,2,6,36,0,1,0,127.0,9.0,6,1,2,0.0,7,73.0,34.0,1
3,1,0,3,28,0,1,2,33.0,8.0,9,1,0,0.0,8,24.0,11.0,0
4,1,1,3,3,0,3,0,32.0,3.0,0,3,0,0.0,3,14.0,8.0,0
6,1,0,6,6,0,1,0,62.0,4.0,6,1,1,0.0,3,31.0,6.0,0
6,1,4,2,231,4,7,0,139.0,22.0,16,7,9,0.0,11,66.0,40.0,0
2,5,0,2,28,0,1,30,58.0,8.0,251,1,0,0.0,7,34.0,22.0,0
2,1,0,2,0,0,0,0,7.0,1.0,0,0,0,0.0,1,4.0,1.0,0
2,1,0,2,10,0,1,0,30.0,5.0,6,1,1,0.0,4,13.0,11.0,0
6,1,6,0,55,2,2,0,33.0,11.0,0,1,0,0.0,11,18.0,11.0,0
3,6,1,2,6,0,1,4,14.0,4.0,67,1,0,0.0,4,9.0,6.0,0
7,6,1,6,10,0,0,8,98.0,5.0,103,0,0,0.0,2,54.0,29.0,0
6,2,2,4,28,0,6,0,101.0,8.0,18,5,4,0.0,3,35.0,18.0,0
15,2,5,10,120,1,7,2,109.0,16.0,11,7,2,0.0,11,52.0,41.0,0
21,2,1,20,120,0,8,1,238.0,16.0,12,7,13,0.0,3,122.0,46.0,1
2,1,1,2,28,0,1,0,25.0,8.0,6,1,0,0.0,8,12.0,9.0,0
4,1,1,4,21,0,2,0,65.0,7.0,8,2,1,0.0,6,39.0,19.0,0
5,1,1,4,10,0,6,0,27.0,5.0,0,5,1,0.0,4,21.0,5.0,0
14,1,5,9,10,0,2,0,106.0,5.0,0,2,0,0.0,5,46.0,40.0,0
3,2,2,1,28,0,5,4,85.0,8.0,18,5,0,0.0,6,22.0,14.0,0
24,5,2,23,105,0,1,2,176.0,15.0,72,1,4,0.0,6,117.0,43.0,1
6,1,1,5,3,0,1,0,89.0,3.0,0,1,1,0.0,1,14.0,3.0,0
16,1,7,9,78,0,4,0,76.0,13.0,30,2,1,0.0,12,50.0,27.0,0
7,4,3,4,10,2,2,9,23.0,5.0,48,1,0,0.0,3,14.0,7.0,0
12,4,4,8,45,1,3,1,53.0,10.0,63,3,1,0.0,8,30.0,14.0,1
15,2,5,10,120,3,0,5,122.0,16.0,50,0,1,0.0,1,87.0,38.0,0
8,1,2,6,10,0,1,0,46.0,5.0,6,1,2,0.0,3,23.0,10.0,0
23,3,1,22,378,0,17,0,374.0,28.0,21,15,20,0.0,8,199.0,68.0,0
8,1,4,4,15,0,1,0,156.0,6.0,6,1,1,0.0,1,49.0,48.0,0
22,3,1,21,1485,0,3,6,945.0,55.0,30,3,45,0.0,3,494.0,286.0,0
12,1,3,9,10,0,0,0,79.0,5.0,6,0,3,0.0,2,47.0,29.0,1
2,6,0,2,1,0,0,0,7.0,2.0,20,0,0,0.0,2,5.0,2.0,0
5,2,2,3,78,2,3,0,109.0,13.0,6,1,0,0.0,9,40.0,21.0,0
22,4,21,1,36,22,1,1,23.0,9.0,63,0,0,0.0,1,12.0,9.0,0
2,1,1,1,10,0,0,0,31.0,5.0,6,0,3,0.0,2,15.0,8.0,0
17,5,2,15,171,0,8,0,396.0,19.0,34,8,13,0.0,6,105.0,49.0,0
2,1,1,1,28,2,4,0,28.0,8.0,6,0,1,0.0,0,16.0,4.0,0
3,2,1,3,15,0,3,4,39.0,6.0,13,3,1,0.0,1,18.0,8.0,0
2,2,1,1,1,0,0,0,7.0,2.0,29,0,0,0.0,2,4.0,3.0,0
19,1,17,2,28,0,0,0,97.0,8.0,6,0,0,0.0,8,40.0,33.0,0
12,2,2,10,10,0,0,1,65.0,5.0,4,0,1,0.0,3,37.0,5.0,0
13,5,1,12,10,0,4,2,165.0,5.0,55,4,1,0.0,3,33.0,13.0,0
6,2,1,5,3,0,0,5,25.0,3.0,12,0,0,0.0,2,13.0,3.0,0
8,2,0,8,28,0,1,1,92.0,8.0,13,1,5,0.0,1,70.0,22.0,1
2,2,0,2,15,0,4,4,70.0,6.0,13,4,1,0.0,1,21.0,14.0,0
8,1,5,7,28,0,6,0,118.0,8.0,6,6,2,0.0,3,35.0,13.0,0
11,1,10,1,6,0,30,0,21.0,4.0,6,0,0,0.0,4,13.0,6.0,0
5,3,0,5,3,0,1,5,33.0,3.0,14,0,0,1.0,2,18.0,9.0,0
3,1,0,3,36,0,7,0,80.0,9.0,0,7,3,0.0,6,26.0,17.0,0
2,1,0,2,21,2,1,0,20.0,7.0,0,1,0,0.0,1,14.0,8.0,0
0,1,0,0,1,2,1,0,22.0,2.0,0,0,0,0.0,2,4.0,3.0,0
2,1,1,1,1,0,1,0,20.0,2.0,0,0,0,1.0,1,4.0,6.0,0
9,7,4,6,66,2,3,4,57.0,12.0,115,3,1,0.0,9,37.0,20.0,0
49,1,29,21,210,0,9,0,351.0,21.0,6,3,10,0.0,11,156.0,101.0,1
7,2,1,6,36,0,11,0,134.0,9.0,4,8,3,0.0,5,49.0,28.0,0
16,5,8,8,55,2,4,2,71.0,11.0,71,3,1,0.0,10,37.0,20.0,0
1,1,1,0,1,0,0,0,31.0,2.0,6,0,1,0.0,1,11.0,8.0,0
4,3,2,2,1,0,1,5,19.0,2.0,28,1,0,0.0,2,8.0,5.0,0
3,3,3,0,1,3,1,0,6.0,2.0,14,1,0,0.0,2,2.0,2.0,0
9,1,2,7,55,0,10,0,169.0,11.0,6,3,1,0.0,2,72.0,50.0,0
24,1,5,19,36,0,0,0,116.0,9.0,6,0,0,0.0,9,81.0,38.0,0
7,1,4,3,253,2,8,0,113.0,23.0,0,1,3,0.0,8,57.0,34.0,0
6,3,1,5,153,0,4,15,138.0,18.0,36,4,9,0.0,9,95.0,43.0,0
13,1,4,9,28,0,4,0,79.0,8.0,0,4,2,0.0,2,39.0,16.0,0
12,2,6,7,66,0,1,0,51.0,12.0,17,1,5,0.0,7,33.0,17.0,0
3,1,2,2,6,0,1,0,11.0,4.0,9,0,0,1.0,4,6.0,4.0,0
7,2,1,6,21,0,0,0,105.0,7.0,29,0,3,0.0,2,41.0,34.0,0
5,3,1,4,21,0,3,0,27.0,7.0,34,3,0,0.0,7,14.0,9.0,0
2,1,0,2,1,0,1,0,23.0,2.0,6,1,1,0.0,1,9.0,4.0,0
5,1,1,5,55,0,7,0,111.0,11.0,6,6,6,0.0,3,52.0,35.0,1
5,1,1,4,1,0,2,0,11.0,2.0,0,2,0,0.0,2,7.0,2.0,0
5,1,0,5,0,0,0,0,46.0,1.0,0,0,0,0.0,1,15.0,2.0,1
12,5,1,11,78,0,16,13,134.0,13.0,80,8,3,0.0,7,93.0,53.0,0
12,1,2,12,105,0,6,0,196.0,15.0,6,5,7,0.0,5,109.0,33.0,1
16,3,2,14,78,0,1,0,101.0,13.0,21,1,5,0.0,7,66.0,18.0,0
17,5,3,14,36,0,4,2,149.0,9.0,55,4,3,0.0,5,80.0,28.0,1
2,1,0,2,21,0,5,0,43.0,7.0,0,5,0,0.0,4,15.0,9.0,0
12,1,1,11,15,0,5,0,76.0,6.0,0,5,2,0.0,4,43.0,16.0,0
3,1,1,2,1,0,2,0,10.0,2.0,0,2,0,0.0,2,7.0,2.0,0
8,1,8,0,55,0,11,0,30.0,11.0,6,5,0,0.0,11,11.0,10.0,0
9,1,1,9,105,0,2,0,292.0,15.0,6,0,7,0.0,3,101.0,80.0,0
34,2,26,8,105,1,1,7,85.0,15.0,41,1,1,0.0,9,44.0,27.0,0
27,1,6,21,105,0,2,0,307.0,15.0,6,2,7,0.0,8,204.0,94.0,2
9,1,4,5,55,0,14,0,202.0,11.0,0,12,6,0.0,3,68.0,38.0,2
35,2,22,14,66,2,1,14,316.0,12.0,9,1,4,0.0,7,122.0,101.0,2
8,1,3,5,6,0,3,0,30.0,4.0,13,1,0,2.0,4,14.0,14.0,0
2,3,0,2,6,0,2,0,17.0,4.0,1,2,0,0.0,4,9.0,4.0,0
4,1,1,3,1,0,0,0,38.0,2.0,7,0,0,0.0,2,15.0,3.0,0
3,1,1,3,6,0,3,0,37.0,4.0,0,3,1,0.0,3,13.0,21.0,0
7,2,1,6,105,0,5,7,162.0,15.0,20,5,3,0.0,3,51.0,28.0,1
8,3,2,7,10,0,0,4,39.0,5.0,21,0,0,0.0,2,19.0,13.0,0
5,1,2,3,1,0,1,0,67.0,2.0,6,0,0,0.0,2,16.0,21.0,0
2,2,1,1,45,0,0,1,55.0,10.0,11,0,1,0.0,9,21.0,16.0,0
2,3,1,1,6,0,2,1,30.0,4.0,13,2,0,0.0,3,5.0,6.0,0
8,1,1,7,21,0,1,0,39.0,7.0,12,1,0,0.0,7,16.0,7.0,0
13,1,1,12,36,0,3,0,84.0,9.0,6,2,7,0.0,2,62.0,30.0,0
5,2,1,4,45,0,7,0,84.0,10.0,6,7,0,0.0,10,34.0,19.0,2
11,3,0,11,231,0,5,0,276.0,22.0,21,5,7,0.0,15,107.0,54.0,0
3,1,0,3,1,0,0,0,33.0,2.0,6,0,1,0.0,1,23.0,7.0,0
7,2,1,6,21,0,4,0,85.0,7.0,8,4,1,0.0,5,42.0,19.0,0
4,2,0,4,6,0,0,2,37.0,4.0,9,0,0,0.0,1,26.0,8.0,0
12,4,4,9,21,1,2,1,71.0,7.0,64,2,1,0.0,6,53.0,21.0,0
18,3,1,17,120,0,12,0,250.0,16.0,21,12,9,0.0,5,101.0,32.0,0
5,2,1,4,3,0,0,5,25.0,3.0,12,0,0,0.0,2,13.0,3.0,0
3,1,2,2,10,0,1,0,20.0,5.0,6,1,0,0.0,5,9.0,5.0,0
2,6,0,2,3,0,0,0,10.0,3.0,20,0,0,0.0,3,6.0,3.0,0
12,4,4,8,45,1,3,1,53.0,10.0,63,3,1,0.0,8,30.0,14.0,0
14,3,11,3,120,8,2,0,50.0,16.0,17,2,1,0.0,14,31.0,14.0,0
28,4,2,27,435,0,4,0,349.0,30.0,72,4,15,0.0,10,150.0,89.0,1
6,8,4,2,6,0,1,2,11.0,4.0,219,1,0,0.0,4,7.0,3.0,0
7,1,1,6,190,1,0,0,370.0,20.0,6,0,3,0.0,0,218.0,101.0,0
8,5,2,6,66,0,4,1,84.0,12.0,76,4,1,0.0,11,39.0,17.0,0
1,1,0,1,0,0,0,0,3.0,1.0,6,0,0,0.0,1,2.0,1.0,0
12,5,0,12,66,0,7,13,85.0,12.0,80,1,1,0.0,9,40.0,15.0,0
8,5,0,8,28,0,0,7,96.0,8.0,40,0,4,0.0,1,50.0,26.0,0
3,1,1,2,1,0,0,0,37.0,2.0,7,0,0,0.0,2,14.0,4.0,0
3,1,3,0,0,0,3,0,10.0,1.0,0,0,0,0.0,1,7.0,1.0,0
8,3,0,8,6,0,1,5,31.0,4.0,14,1,1,0.0,2,16.0,9.0,0
35,2,1,35,153,0,18,0,402.0,18.0,6,18,5,0.0,11,132.0,53.0,0
17,1,4,13,253,2,5,0,250.0,23.0,30,3,6,0.0,10,140.0,65.0,0
7,1,1,7,6,0,0,0,40.0,4.0,0,0,3,0.0,0,23.0,13.0,1
1,2,1,0,55,0,1,0,29.0,11.0,7,1,0,0.0,11,13.0,11.0,0
7,2,1,6,6,0,1,0,23.0,4.0,28,0,1,0.0,1,15.0,4.0,0
3,1,1,2,1,0,0,0,27.0,2.0,7,0,0,0.0,2,10.0,2.0,0
10,2,0,10,21,0,12,0,83.0,7.0,8,8,0,0.0,6,37.0,12.0,0
5,3,2,3,15,1,2,6,26.0,6.0,39,1,0,0.0,4,15.0,8.0,0
5,2,0,5,0,0,0,1,23.0,1.0,14,0,0,0.0,0,16.0,3.0,1
12,3,0,12,231,0,1,1,116.0,22.0,72,1,1,0.0,8,61.0,33.0,1
9,1,9,0,15,1,2,0,18.0,6.0,6,2,0,0.0,5,9.0,5.0,0
14,3,1,13,171,0,3,5,355.0,19.0,65,1,16,2.0,2,273.0,137.0,2
15,3,5,10,171,0,4,10,152.0,19.0,76,4,1,0.0,17,87.0,46.0,0
13,2,0,13,190,0,1,1,140.0,20.0,69,0,4,0.0,8,55.0,28.0,0
24,7,3,21,741,2,6,2,185.0,39.0,101,6,0,0.0,37,92.0,84.0,0
6,1,3,3,136,0,1,0,142.0,17.0,6,1,5,0.0,12,58.0,34.0,1
3,1,1,2,3,0,3,0,16.0,3.0,0,3,0,0.0,3,8.0,3.0,0
8,2,3,5,190,1,13,1,171.0,20.0,13,11,1,0.0,1,64.0,29.0,2
1,3,1,0,1,0,0,1,6.0,2.0,5,0,0,0.0,1,2.0,2.0,0
43,3,4,42,561,0,14,1,801.0,34.0,24,14,14,0.0,8,419.0,197.0,1
23,1,20,3,66,0,2,0,38.0,12.0,6,2,0,0.0,12,28.0,14.0,0
10,2,4,6,66,0,5,0,83.0,12.0,29,4,0,0.0,12,53.0,25.0,0
2,1,1,1,15,9,5,0,21.0,6.0,6,0,0,0.0,5,11.0,5.0,0
7,2,0,7,1,0,1,6,29.0,2.0,10,1,0,0.0,1,22.0,5.0,0
3,2,1,2,6,0,2,0,27.0,4.0,9,2,0,0.0,2,14.0,8.0,0
5,3,1,4,3,0,0,5,25.0,3.0,14,0,0,0.0,2,11.0,8.0,0
11,3,0,11,231,0,5,0,272.0,22.0,21,5,7,0.0,15,106.0,50.0,0
8,1,1,7,6,0,1,0,78.0,4.0,6,1,2,0.0,2,38.0,25.0,0
19,4,4,15,120,0,5,23,187.0,16.0,88,5,0,0.0,15,93.0,51.0,0
0,2,0,0,0,0,0,3,3.0,1.0,20,0,0,0.0,1,1.0,1.0,0
2,1,1,1,1,0,0,0,15.0,2.0,7,0,0,0.0,2,4.0,2.0,0
1,1,0,1,0,0,0,0,3.0,1.0,6,0,0,0.0,1,2.0,1.0,0
9,1,1,8,15,0,4,0,161.0,6.0,6,4,2,0.0,4,69.0,23.0,2
7,1,7,0,1,0,1,0,23.0,2.0,0,1,0,0.0,2,6.0,8.0,0
36,5,1,35,780,0,9,2,677.0,40.0,73,9,21,0.0,11,342.0,158.0,0
7,3,2,5,10,2,0,0,41.0,5.0,67,0,0,0.0,5,14.0,12.0,0
2,1,0,2,15,0,4,0,33.0,6.0,0,4,1,0.0,5,17.0,9.0,0
56,4,46,10,595,3,13,0,153.0,35.0,31,8,0,0.0,33,83.0,55.0,0
12,5,0,12,6,0,0,7,36.0,4.0,40,0,0,0.0,1,33.0,7.0,1
0,1,0,0,10,0,2,0,54.0,5.0,0,2,2,0.0,2,22.0,9.0,0
11,4,2,9,55,0,3,8,89.0,11.0,77,2,0,0.0,10,60.0,34.0,1
12,3,0,12,171,0,4,0,238.0,19.0,21,4,5,0.0,14,94.0,36.0,0
8,2,1,7,1,0,0,0,50.0,2.0,11,0,0,0.0,1,19.0,11.0,0
2,6,0,2,1,0,0,0,7.0,2.0,20,0,0,0.0,2,5.0,2.0,0
3,2,1,2,10,0,2,0,39.0,5.0,18,1,0,0.0,5,18.0,7.0,0
14,1,11,3,45,4,2,0,36.0,10.0,14,2,0,0.0,6,19.0,10.0,0
4,1,2,2,21,1,3,0,55.0,7.0,0,2,0,0.0,2,25.0,10.0,0
9,2,3,6,55,0,1,0,56.0,11.0,17,1,5,0.0,6,29.0,16.0,0
3,3,1,2,1,0,0,1,21.0,2.0,5,0,0,0.0,1,8.0,5.0,0
4,2,0,4,6,0,0,0,13.0,4.0,13,0,0,0.0,1,9.0,4.0,1
5,2,5,0,1,5,0,1,6.0,2.0,39,0,0,0.0,1,2.0,2.0,0
153,1,146,17,231,0,24,0,168.0,22.0,0,15,0,0.0,22,80.0,49.0,4
7,1,1,6,6,0,4,0,62.0,4.0,0,4,1,0.0,3,21.0,6.0,0
7,2,0,7,6,0,0,2,58.0,4.0,9,0,1,0.0,1,29.0,17.0,0
11,2,4,7,10,4,1,5,65.0,5.0,12,0,0,0.0,1,33.0,20.0,0
10,4,1,9,171,0,9,0,196.0,19.0,32,9,10,0.0,9,83.0,32.0,0
6,1,1,5,10,0,3,0,50.0,5.0,6,3,2,0.0,3,25.0,13.0,0
36,1,34,2,15,0,0,0,18.0,6.0,6,0,0,0.0,6,24.0,6.0,0
7,3,2,5,36,0,2,7,41.0,9.0,54,2,0,0.0,7,25.0,13.0,0
3,2,0,3,3,2,0,1,15.0,3.0,10,0,0,0.0,2,10.0,4.0,0
5,1,4,1,36,2,5,0,66.0,9.0,6,2,2,0.0,3,24.0,14.0,0
4,1,0,4,3,0,0,0,92.0,3.0,6,0,3,0.0,0,33.0,19.0,0
2,6,0,2,3,0,0,0,10.0,3.0,20,0,0,0.0,3,6.0,3.0,0
5,2,2,3,3,0,1,0,17.0,3.0,43,1,0,0.0,2,6.0,5.0,0